Country,YearsCode,YearsCodePro,WorkExp,DevType,Age,EdLevel,LanguageHaveWorkedWith,ConvertedCompYearly
Germany,20.0,5.0,5.0,Data scientist or machine learning specialist,25-34 years old,"Professional degree (JD, MD, Ph.D, Ed.D, etc.)",Bash/Shell (all shells);Delphi;HTML/CSS;PHP;PowerShell;Python;SQL,85672.0
Germany,13.0,10.0,,Data or business analyst,25-34 years old,"Professional degree (JD, MD, Ph.D, Ed.D, etc.)",Bash/Shell (all shells);C++;PowerShell;Python,69608.0
India,10.0,6.0,,"Engineer, data",25-34 years old,"Bachelor’s degree (B.A., B.S., B.Eng., etc.)",Java;Scala;SQL,41197.0
United States of America,8.0,6.0,,Data or business analyst,35-44 years old,"Master’s degree (M.A., M.S., M.Eng., MBA, etc.)",Python;R;SQL,150000.0
Other,14.0,10.0,10.0,"Engineer, data",25-34 years old,"Bachelor’s degree (B.A., B.S., B.Eng., etc.)",HTML/CSS;Java;JavaScript;R;SQL;VBA,3237.0
Canada,7.0,5.0,7.0,Data scientist or machine learning specialist,18-24 years old,"Bachelor’s degree (B.A., B.S., B.Eng., etc.)",C;C++;HTML/CSS;JavaScript;Python;TypeScript,52046.0
Other,8.0,8.0,16.0,Data scientist or machine learning specialist,35-44 years old,"Professional degree (JD, MD, Ph.D, Ed.D, etc.)",Bash/Shell (all shells);C#;HTML/CSS;MATLAB;Python;R;SQL,74963.0
Netherlands,7.0,6.0,7.0,"Engineer, data",25-34 years old,"Bachelor’s degree (B.A., B.S., B.Eng., etc.)",Bash/Shell (all shells);HTML/CSS;JavaScript;Python;SQL,74963.0
Italy,23.0,19.0,,Data or business analyst,35-44 years old,"Master’s degree (M.A., M.S., M.Eng., MBA, etc.)",Bash/Shell (all shells);Go;Java;JavaScript,42836.0
Germany,31.0,25.0,26.0,Data or business analyst,45-54 years old,"Bachelor’s degree (B.A., B.S., B.Eng., etc.)",C#;Python;SQL,79246.0
Germany,21.0,14.0,14.0,"Engineer, data",35-44 years old,"Bachelor’s degree (B.A., B.S., B.Eng., etc.)",Bash/Shell (all shells);Go;HTML/CSS;Java;JavaScript;Python;Ruby;SQL,64254.0
India,12.0,8.0,8.0,Data scientist or machine learning specialist,35-44 years old,"Bachelor’s degree (B.A., B.S., B.Eng., etc.)",Python;R;Scala;SQL,24234.0
United States of America,16.0,12.0,,Data scientist or machine learning specialist,35-44 years old,"Professional degree (JD, MD, Ph.D, Ed.D, etc.)",Bash/Shell (all shells);C;C++;Fortran;Go;HTML/CSS;JavaScript;Julia;PowerShell;Python;R;SAS;SQL;TypeScript,167000.0
Switzerland,25.0,20.0,25.0,Data scientist or machine learning specialist,45-54 years old,"Master’s degree (M.A., M.S., M.Eng., MBA, etc.)",Go;Groovy;HTML/CSS;Java;JavaScript;PHP;Python;Ruby;SQL;TypeScript,132260.0
United States of America,10.0,2.0,,Data or business analyst,35-44 years old,"Master’s degree (M.A., M.S., M.Eng., MBA, etc.)",Bash/Shell (all shells);C;C#;C++;Erlang;JavaScript;Python;SQL,80000.0
Germany,13.0,3.0,3.0,Data scientist or machine learning specialist,25-34 years old,"Professional degree (JD, MD, Ph.D, Ed.D, etc.)",Julia;MATLAB;Python,117798.0
United States of America,8.0,7.0,7.0,Data scientist or machine learning specialist,25-34 years old,"Bachelor’s degree (B.A., B.S., B.Eng., etc.)",Bash/Shell (all shells);Python,165974.0
Spain,22.0,13.0,13.0,Data scientist or machine learning specialist,35-44 years old,"Master’s degree (M.A., M.S., M.Eng., MBA, etc.)",Bash/Shell (all shells);Java;JavaScript;PowerShell;Python;Scala;SQL,64254.0
India,6.0,4.0,4.0,"Engineer, data",25-34 years old,"Master’s degree (M.A., M.S., M.Eng., MBA, etc.)",C;C#;HTML/CSS;JavaScript;Python;SQL,16964.0
United States of America,25.0,25.0,,"Engineer, data",35-44 years old,"Associate degree (A.A., A.S., etc.)",C#;Python;SQL,170000.0
France,7.0,2.0,,Data scientist or machine learning specialist,25-34 years old,"Master’s degree (M.A., M.S., M.Eng., MBA, etc.)",HTML/CSS;JavaScript;Python;SQL;VBA,88884.0
United Kingdom of Great Britain and Northern Ireland,31.0,24.0,,"Engineer, data",45-54 years old,"Master’s degree (M.A., M.S., M.Eng., MBA, etc.)",Bash/Shell (all shells);Go;Python;SQL,186207.0
United States of America,12.0,10.0,,Data scientist or machine learning specialist,35-44 years old,"Master’s degree (M.A., M.S., M.Eng., MBA, etc.)",JavaScript;Python;R;SAS;SQL,125000.0
Canada,20.0,8.0,8.0,Data or business analyst,35-44 years old,Some college/university study without earning a degree,C#;HTML/CSS;JavaScript;PowerShell;SQL;Visual Basic (.Net),63199.0
India,3.0,2.0,10.0,Data or business analyst,25-34 years old,"Master’s degree (M.A., M.S., M.Eng., MBA, etc.)",Python,36351.0
Poland,13.0,12.0,13.0,"Engineer, data",35-44 years old,Some college/university study without earning a degree,Bash/Shell (all shells);Java;JavaScript;Python;SQL,81349.0
United States of America,10.0,10.0,13.0,Data scientist or machine learning specialist,25-34 years old,"Master’s degree (M.A., M.S., M.Eng., MBA, etc.)",Groovy;HTML/CSS;JavaScript;Python;R;SAS;SQL,165000.0
Other,7.0,3.0,4.0,"Engineer, data",25-34 years old,"Bachelor’s degree (B.A., B.S., B.Eng., etc.)",Bash/Shell (all shells);Haskell;HTML/CSS;Java;JavaScript;Python;SQL;TypeScript,19490.0
United States of America,29.0,26.0,,"Engineer, data",45-54 years old,"Master’s degree (M.A., M.S., M.Eng., MBA, etc.)",HTML/CSS;Python;SQL,240000.0
Canada,10.0,7.0,,"Engineer, data",25-34 years old,Something else,Bash/Shell (all shells);C#;HTML/CSS;Python;SQL;VBA;Visual Basic (.Net),68403.0
Finland,5.0,3.0,,Data scientist or machine learning specialist,25-34 years old,"Professional degree (JD, MD, Ph.D, Ed.D, etc.)",Python;SQL,107090.0
Canada,12.0,10.0,,Data scientist or machine learning specialist,25-34 years old,"Master’s degree (M.A., M.S., M.Eng., MBA, etc.)",Python;R;SQL,148703.0
Other,8.0,3.0,10.0,"Engineer, data",25-34 years old,"Bachelor’s degree (B.A., B.S., B.Eng., etc.)",Bash/Shell (all shells);HTML/CSS;JavaScript;Python;SQL,10000.0
Germany,7.0,7.0,,Data scientist or machine learning specialist,25-34 years old,"Master’s degree (M.A., M.S., M.Eng., MBA, etc.)",Python;SQL,104948.0
India,19.0,19.0,19.0,Data scientist or machine learning specialist,35-44 years old,"Master’s degree (M.A., M.S., M.Eng., MBA, etc.)",Java;JavaScript;PHP;Python,53314.0
Poland,3.0,1.0,14.0,Data scientist or machine learning specialist,35-44 years old,Some college/university study without earning a degree,Bash/Shell (all shells);Python;SQL,78956.0
Germany,7.0,4.0,3.0,"Engineer, data",18-24 years old,"Master’s degree (M.A., M.S., M.Eng., MBA, etc.)",Python;SQL,51403.0
Italy,10.0,5.0,5.0,"Engineer, data",25-34 years old,"Bachelor’s degree (B.A., B.S., B.Eng., etc.)",Assembly;C;C#;C++;Java;PHP;TypeScript;VBA;Visual Basic (.Net),21418.0
Italy,10.0,7.0,8.0,"Engineer, data",25-34 years old,"Master’s degree (M.A., M.S., M.Eng., MBA, etc.)",Bash/Shell (all shells);C;C#;C++;HTML/CSS;Java;JavaScript;Python;SQL,37481.0
Belgium,15.0,9.0,,Data or business analyst,25-34 years old,"Bachelor’s degree (B.A., B.S., B.Eng., etc.)",C#;HTML/CSS;JavaScript;Python;SQL,72821.0
Other,15.0,5.0,5.0,Data scientist or machine learning specialist,25-34 years old,"Bachelor’s degree (B.A., B.S., B.Eng., etc.)",Assembly;Bash/Shell (all shells);C;Groovy;Java;Kotlin;Lua;R;Scala,57724.0
United States of America,33.0,23.0,,Data or business analyst,45-54 years old,"Bachelor’s degree (B.A., B.S., B.Eng., etc.)",Go;PHP;PowerShell;SQL;TypeScript,79000.0
United States of America,14.0,10.0,,Data scientist or machine learning specialist,25-34 years old,"Master’s degree (M.A., M.S., M.Eng., MBA, etc.)",Bash/Shell (all shells);Python;R;SQL,238000.0
Other,7.0,2.0,2.0,Data scientist or machine learning specialist,18-24 years old,"Bachelor’s degree (B.A., B.S., B.Eng., etc.)",Bash/Shell (all shells);JavaScript;Python;Scala;SQL,1070.0
Australia,27.0,25.0,25.0,Data or business analyst,45-54 years old,Some college/university study without earning a degree,C#;HTML/CSS;JavaScript;PowerShell;Python;SQL;VBA;Visual Basic (.Net),83952.0
Canada,40.0,30.0,30.0,Data or business analyst,45-54 years old,"Bachelor’s degree (B.A., B.S., B.Eng., etc.)",C#;HTML/CSS;Python;SQL,66916.0
Sweden,15.0,10.0,11.0,Data scientist or machine learning specialist,25-34 years old,"Bachelor’s degree (B.A., B.S., B.Eng., etc.)",C#;Lua;Python;SQL;VBA,59892.0
Austria,4.0,4.0,2.0,Data scientist or machine learning specialist,25-34 years old,"Professional degree (JD, MD, Ph.D, Ed.D, etc.)",HTML/CSS;Java;PHP;Python;SQL,57828.0
Belgium,4.0,1.0,,Data or business analyst,25-34 years old,Some college/university study without earning a degree,SQL;VBA,38102.0
Other,7.0,3.0,3.0,"Engineer, data",25-34 years old,"Master’s degree (M.A., M.S., M.Eng., MBA, etc.)",Python;SQL,16060.0
Canada,28.0,26.0,26.0,Data scientist or machine learning specialist,45-54 years old,"Master’s degree (M.A., M.S., M.Eng., MBA, etc.)",Bash/Shell (all shells);HTML/CSS;Python;SQL,111527.0
United States of America,6.0,3.0,,"Engineer, data",18-24 years old,"Bachelor’s degree (B.A., B.S., B.Eng., etc.)",Java;PowerShell;Python;R;SQL;Visual Basic (.Net),82000.0
United States of America,25.0,23.0,,Data or business analyst,35-44 years old,"Associate degree (A.A., A.S., etc.)",C#;HTML/CSS;JavaScript;SQL,85000.0
Spain,22.0,15.0,15.0,Data or business analyst,35-44 years old,"Bachelor’s degree (B.A., B.S., B.Eng., etc.)",Java;SQL,54616.0
Spain,5.0,2.0,2.0,Data scientist or machine learning specialist,25-34 years old,"Bachelor’s degree (B.A., B.S., B.Eng., etc.)",MATLAB;Python,26772.0
Germany,10.0,2.0,2.0,Data scientist or machine learning specialist,25-34 years old,"Master’s degree (M.A., M.S., M.Eng., MBA, etc.)",Bash/Shell (all shells);Python;R;SQL,55687.0
Denmark,10.0,4.0,,Data scientist or machine learning specialist,25-34 years old,"Master’s degree (M.A., M.S., M.Eng., MBA, etc.)",Python;SQL,104819.0
Canada,11.0,7.0,7.0,"Engineer, data",25-34 years old,"Bachelor’s degree (B.A., B.S., B.Eng., etc.)",Bash/Shell (all shells);Python,104092.0
Other,8.0,3.0,3.0,Data scientist or machine learning specialist,25-34 years old,"Master’s degree (M.A., M.S., M.Eng., MBA, etc.)",Bash/Shell (all shells);C;C#;C++;Java;JavaScript;Julia;MATLAB;PHP;Python;R;Scala;SQL;Visual Basic (.Net),9636.0
India,5.0,3.0,,Data scientist or machine learning specialist,18-24 years old,"Master’s degree (M.A., M.S., M.Eng., MBA, etc.)",Python,36351.0
United Kingdom of Great Britain and Northern Ireland,6.0,0.5,,Data scientist or machine learning specialist,25-34 years old,"Professional degree (JD, MD, Ph.D, Ed.D, etc.)",Haskell;HTML/CSS;JavaScript;MATLAB;OCaml;Python;R;TypeScript,52138.0
Germany,20.0,6.0,6.0,Scientist,35-44 years old,"Professional degree (JD, MD, Ph.D, Ed.D, etc.)",C++,87813.0
United States of America,8.0,4.0,6.0,"Engineer, data",45-54 years old,"Master’s degree (M.A., M.S., M.Eng., MBA, etc.)",Python;SQL,138000.0
Other,15.0,5.0,13.0,Data scientist or machine learning specialist,35-44 years old,"Master’s degree (M.A., M.S., M.Eng., MBA, etc.)",JavaScript;Julia;Python;Rust;TypeScript,89955.0
United States of America,34.0,15.0,20.0,Data scientist or machine learning specialist,35-44 years old,"Master’s degree (M.A., M.S., M.Eng., MBA, etc.)",Bash/Shell (all shells);HTML/CSS;Kotlin;Python;SQL,200000.0
Australia,6.0,4.0,13.0,Data scientist or machine learning specialist,35-44 years old,"Master’s degree (M.A., M.S., M.Eng., MBA, etc.)",Python;TypeScript,93868.0
United Kingdom of Great Britain and Northern Ireland,5.0,2.0,3.0,"Engineer, data",25-34 years old,"Bachelor’s degree (B.A., B.S., B.Eng., etc.)",C#;Dart;Go;Julia;PowerShell;Python;Scala;VBA,45931.0
Austria,7.0,3.0,,Data or business analyst,25-34 years old,"Master’s degree (M.A., M.S., M.Eng., MBA, etc.)",Bash/Shell (all shells);Python;R;SQL;VBA,71750.0
Austria,35.0,28.0,28.0,"Engineer, data",45-54 years old,"Master’s degree (M.A., M.S., M.Eng., MBA, etc.)",Bash/Shell (all shells);C;Java;SQL,89955.0
United States of America,23.0,13.0,13.0,"Engineer, data",35-44 years old,"Bachelor’s degree (B.A., B.S., B.Eng., etc.)",Bash/Shell (all shells);C#;Go;PowerShell;Python;R;SQL;TypeScript,216000.0
United States of America,13.0,11.0,,"Engineer, data",35-44 years old,"Associate degree (A.A., A.S., etc.)",C#;HTML/CSS;Java;JavaScript;Julia;Perl;PHP;PowerShell;Python;R;SQL;VBA;Visual Basic (.Net),45000.0
United States of America,11.0,9.0,20.0,Data or business analyst,35-44 years old,"Bachelor’s degree (B.A., B.S., B.Eng., etc.)",Bash/Shell (all shells);HTML/CSS;JavaScript;Python;SQL,93000.0
United States of America,28.0,24.0,25.0,Data or business analyst,45-54 years old,"Bachelor’s degree (B.A., B.S., B.Eng., etc.)",Bash/Shell (all shells);HTML/CSS;PowerShell,125000.0
Other,8.0,6.0,6.0,"Engineer, data",25-34 years old,"Master’s degree (M.A., M.S., M.Eng., MBA, etc.)",Bash/Shell (all shells);Java;Python;Scala;SQL,99214.0
Germany,42.0,38.0,35.0,"Engineer, data",55-64 years old,"Professional degree (JD, MD, Ph.D, Ed.D, etc.)",C;C++;Dart;Kotlin;Python,81388.0
Brazil,11.0,10.0,10.0,"Engineer, data",25-34 years old,"Master’s degree (M.A., M.S., M.Eng., MBA, etc.)",Bash/Shell (all shells);C;C#;C++;Delphi;Java;JavaScript;PHP;PowerShell;Python;R;SQL;TypeScript;VBA;Visual Basic (.Net),44633.0
Other,8.0,2.0,3.0,Data or business analyst,25-34 years old,"Bachelor’s degree (B.A., B.S., B.Eng., etc.)",JavaScript;Python,21000.0
Other,5.0,5.0,3.0,Data scientist or machine learning specialist,25-34 years old,"Master’s degree (M.A., M.S., M.Eng., MBA, etc.)",HTML/CSS;JavaScript;Python;R;SQL,25000.0
Austria,9.0,5.0,,"Engineer, data",25-34 years old,"Master’s degree (M.A., M.S., M.Eng., MBA, etc.)",C;Go;Haskell;JavaScript;Kotlin;Python;Scala;SQL;TypeScript,85672.0
Poland,8.0,6.0,15.0,Data or business analyst,35-44 years old,"Master’s degree (M.A., M.S., M.Eng., MBA, etc.)",HTML/CSS;JavaScript;Python;SQL;VBA,28711.0
United States of America,4.0,3.0,,Data scientist or machine learning specialist,25-34 years old,"Bachelor’s degree (B.A., B.S., B.Eng., etc.)",JavaScript;Python,130000.0
United States of America,10.0,8.0,9.0,"Engineer, data",25-34 years old,"Master’s degree (M.A., M.S., M.Eng., MBA, etc.)",Bash/Shell (all shells);C#;C++;HTML/CSS;JavaScript;PowerShell;Python;SQL,150000.0
Switzerland,4.0,2.0,3.0,Data scientist or machine learning specialist,25-34 years old,"Master’s degree (M.A., M.S., M.Eng., MBA, etc.)",Bash/Shell (all shells);HTML/CSS;JavaScript;PowerShell;Python;R;SQL,124544.0
United States of America,18.0,10.0,8.0,"Engineer, data",25-34 years old,"Master’s degree (M.A., M.S., M.Eng., MBA, etc.)",Apex;Python,103000.0
United States of America,12.0,8.0,8.0,Data scientist or machine learning specialist,25-34 years old,"Master’s degree (M.A., M.S., M.Eng., MBA, etc.)",Bash/Shell (all shells);C++;HTML/CSS;Java;JavaScript;MATLAB;Python;R,190000.0
United States of America,10.0,6.0,8.0,"Engineer, data",25-34 years old,"Bachelor’s degree (B.A., B.S., B.Eng., etc.)",Bash/Shell (all shells);Python;R;SQL,225000.0
Germany,24.0,10.0,,Data or business analyst,35-44 years old,"Master’s degree (M.A., M.S., M.Eng., MBA, etc.)",Bash/Shell (all shells);HTML/CSS;JavaScript;PHP;PowerShell;SQL;VBA,106019.0
Switzerland,16.0,10.0,10.0,Data scientist or machine learning specialist,25-34 years old,"Master’s degree (M.A., M.S., M.Eng., MBA, etc.)",Bash/Shell (all shells);Java;JavaScript;Python;SQL,93684.0
Germany,3.0,2.0,16.0,"Engineer, data",35-44 years old,"Bachelor’s degree (B.A., B.S., B.Eng., etc.)",Bash/Shell (all shells);Groovy;Python;SQL,155280.0
France,13.0,13.0,18.0,"Engineer, data",35-44 years old,"Bachelor’s degree (B.A., B.S., B.Eng., etc.)",Bash/Shell (all shells);C#;Java;JavaScript;PowerShell;Scala;SQL,85672.0
United States of America,10.0,9.0,19.0,"Engineer, data",25-34 years old,"Associate degree (A.A., A.S., etc.)",C#;HTML/CSS;JavaScript;PowerShell;SQL;VBA;Visual Basic (.Net),83500.0
Poland,5.0,4.0,5.0,Data or business analyst,25-34 years old,"Bachelor’s degree (B.A., B.S., B.Eng., etc.)",Python;R;SQL;VBA,12346.0
United States of America,13.0,9.0,,Data scientist or machine learning specialist,25-34 years old,"Bachelor’s degree (B.A., B.S., B.Eng., etc.)",Java;Python,351000.0
Other,13.0,6.0,6.0,Data scientist or machine learning specialist,25-34 years old,"Master’s degree (M.A., M.S., M.Eng., MBA, etc.)",Java;Python,47119.0
Other,22.0,17.0,17.0,"Engineer, data",35-44 years old,"Master’s degree (M.A., M.S., M.Eng., MBA, etc.)",Bash/Shell (all shells);HTML/CSS;JavaScript;Python;SQL,30300.0
United States of America,11.0,8.0,8.0,Data scientist or machine learning specialist,35-44 years old,"Bachelor’s degree (B.A., B.S., B.Eng., etc.)",HTML/CSS;Java;JavaScript;Python;SQL,110000.0
United States of America,16.0,9.0,10.0,Data scientist or machine learning specialist,35-44 years old,"Professional degree (JD, MD, Ph.D, Ed.D, etc.)",Bash/Shell (all shells);Fortran;Python;SQL,140000.0
United States of America,18.0,10.0,10.0,"Engineer, data",35-44 years old,"Master’s degree (M.A., M.S., M.Eng., MBA, etc.)",Python;SQL,175000.0
United States of America,11.0,5.0,5.0,Data or business analyst,25-34 years old,"Bachelor’s degree (B.A., B.S., B.Eng., etc.)",C#;HTML/CSS;JavaScript;PowerShell;Python;SQL;TypeScript,121590.0
Italy,8.0,3.0,,"Engineer, data",25-34 years old,"Master’s degree (M.A., M.S., M.Eng., MBA, etc.)",C#;Python;R;SQL,26772.0
United States of America,30.0,12.0,15.0,Data scientist or machine learning specialist,35-44 years old,"Professional degree (JD, MD, Ph.D, Ed.D, etc.)",Python;R;SQL,180000.0
United States of America,14.0,14.0,,Scientist,35-44 years old,"Professional degree (JD, MD, Ph.D, Ed.D, etc.)",C;Perl;Python;R;SQL,70000.0
United States of America,10.0,10.0,,Data scientist or machine learning specialist,35-44 years old,"Bachelor’s degree (B.A., B.S., B.Eng., etc.)",Haskell;PowerShell;Python;R;SAS;SQL;VBA,131000.0
Other,5.0,3.0,5.0,Scientist,18-24 years old,"Bachelor’s degree (B.A., B.S., B.Eng., etc.)",C++;JavaScript;Python,1692.0
United States of America,9.0,7.0,7.0,Scientist,25-34 years old,"Bachelor’s degree (B.A., B.S., B.Eng., etc.)",Bash/Shell (all shells);C#;C++;Lua;Python;Ruby,74000.0
United States of America,20.0,16.0,,"Engineer, data",35-44 years old,"Bachelor’s degree (B.A., B.S., B.Eng., etc.)",C#;Python;SQL,240000.0
Germany,15.0,5.0,,Data scientist or machine learning specialist,25-34 years old,"Professional degree (JD, MD, Ph.D, Ed.D, etc.)",Julia;Python;R,68537.0
United States of America,5.0,4.0,4.0,"Engineer, data",25-34 years old,"Bachelor’s degree (B.A., B.S., B.Eng., etc.)",Bash/Shell (all shells);Python;SQL,140000.0
Brazil,4.0,1.0,,Data or business analyst,18-24 years old,"Bachelor’s degree (B.A., B.S., B.Eng., etc.)",Python;R;SQL,11341.0
United Kingdom of Great Britain and Northern Ireland,8.0,5.0,5.0,"Engineer, data",25-34 years old,"Secondary school (e.g. American high school, German Realschule or Gymnasium, etc.)",Bash/Shell (all shells);Python;Rust,95586.0
Brazil,13.0,8.0,8.0,Data scientist or machine learning specialist,25-34 years old,"Master’s degree (M.A., M.S., M.Eng., MBA, etc.)",Bash/Shell (all shells);Python,40060.0
Germany,7.0,2.0,2.0,"Engineer, data",25-34 years old,"Master’s degree (M.A., M.S., M.Eng., MBA, etc.)",Bash/Shell (all shells);HTML/CSS;Java;JavaScript;MATLAB;PowerShell;Python;R;SQL,55687.0
India,5.0,2.0,2.0,"Engineer, data",18-24 years old,"Bachelor’s degree (B.A., B.S., B.Eng., etc.)",Bash/Shell (all shells);HTML/CSS;Python;SQL,14540.0
Other,17.0,9.0,12.0,Data or business analyst,35-44 years old,"Master’s degree (M.A., M.S., M.Eng., MBA, etc.)",HTML/CSS;Java;PHP;Scala;SQL,48000.0
Canada,14.0,10.0,,Data or business analyst,25-34 years old,"Bachelor’s degree (B.A., B.S., B.Eng., etc.)",Python;R;SQL;VBA,297406.0
Germany,11.0,5.0,9.0,Data scientist or machine learning specialist,25-34 years old,"Professional degree (JD, MD, Ph.D, Ed.D, etc.)",Bash/Shell (all shells);Go;HTML/CSS;PowerShell;Python;SQL,85672.0
Finland,7.0,5.0,,"Engineer, data",25-34 years old,"Master’s degree (M.A., M.S., M.Eng., MBA, etc.)",JavaScript;Python;Scala;SQL;TypeScript;VBA,77104.0
Brazil,7.0,4.0,5.0,Data scientist or machine learning specialist,18-24 years old,"Bachelor’s degree (B.A., B.S., B.Eng., etc.)",Bash/Shell (all shells);HTML/CSS;JavaScript;Julia;Python;R;SQL;VBA,40575.0
United States of America,7.0,4.0,,Data or business analyst,25-34 years old,"Bachelor’s degree (B.A., B.S., B.Eng., etc.)",Python;SQL,92000.0
United States of America,11.0,5.0,6.0,"Engineer, data",25-34 years old,"Bachelor’s degree (B.A., B.S., B.Eng., etc.)",Python;SQL,152000.0
United States of America,8.0,8.0,8.0,Data scientist or machine learning specialist,25-34 years old,"Bachelor’s degree (B.A., B.S., B.Eng., etc.)",C#;Python,130000.0
Canada,23.0,16.0,,Scientist,35-44 years old,"Master’s degree (M.A., M.S., M.Eng., MBA, etc.)",HTML/CSS;JavaScript;Python;VBA,55764.0
United States of America,10.0,10.0,10.0,Data or business analyst,35-44 years old,Some college/university study without earning a degree,C#;F#;PowerShell;Python;Ruby;SQL;VBA,132500.0
United States of America,9.0,5.0,,"Engineer, data",25-34 years old,"Bachelor’s degree (B.A., B.S., B.Eng., etc.)",Python;Ruby,150000.0
Germany,9.0,9.0,11.0,Data scientist or machine learning specialist,35-44 years old,"Professional degree (JD, MD, Ph.D, Ed.D, etc.)",R,96381.0
Spain,23.0,19.0,19.0,"Engineer, data",45-54 years old,"Professional degree (JD, MD, Ph.D, Ed.D, etc.)",Bash/Shell (all shells);Python;Scala;SQL,77104.0
United States of America,10.0,12.0,10.0,Data or business analyst,25-34 years old,"Bachelor’s degree (B.A., B.S., B.Eng., etc.)",Bash/Shell (all shells);C#;C++;Dart;Go;HTML/CSS;Java;JavaScript;Objective-C;Perl;PHP;PowerShell;Python;Ruby;Rust;SQL;Swift;TypeScript;Visual Basic (.Net),100000.0
United States of America,2.0,0.5,,Data or business analyst,25-34 years old,"Bachelor’s degree (B.A., B.S., B.Eng., etc.)",C;C++;Cobol;Python;Rust,65000.0
United States of America,14.0,6.0,,"Engineer, data",25-34 years old,"Master’s degree (M.A., M.S., M.Eng., MBA, etc.)",C#;PowerShell;Python;R;SQL,126500.0
Canada,7.0,6.0,6.0,"Engineer, data",35-44 years old,"Master’s degree (M.A., M.S., M.Eng., MBA, etc.)",Bash/Shell (all shells);C;C++;JavaScript;Python;SQL;TypeScript,96657.0
Finland,8.0,6.0,8.0,Data scientist or machine learning specialist,25-34 years old,"Master’s degree (M.A., M.S., M.Eng., MBA, etc.)",C++;JavaScript;Python;SQL,53545.0
United States of America,14.0,7.0,15.0,"Engineer, data",25-34 years old,"Bachelor’s degree (B.A., B.S., B.Eng., etc.)",HTML/CSS;Python;Rust;TypeScript,300000.0
United States of America,16.0,14.0,35.0,Data scientist or machine learning specialist,55-64 years old,"Master’s degree (M.A., M.S., M.Eng., MBA, etc.)",R;SQL,160000.0
Other,10.0,6.0,4.0,"Engineer, data",25-34 years old,"Master’s degree (M.A., M.S., M.Eng., MBA, etc.)",Bash/Shell (all shells);Elixir;HTML/CSS;JavaScript;Python;SQL;TypeScript,23293.0
United States of America,8.0,6.0,6.0,Data scientist or machine learning specialist,35-44 years old,"Master’s degree (M.A., M.S., M.Eng., MBA, etc.)",Bash/Shell (all shells);Python;SQL,168000.0
Canada,12.0,9.0,9.0,Data scientist or machine learning specialist,25-34 years old,"Master’s degree (M.A., M.S., M.Eng., MBA, etc.)",Bash/Shell (all shells);C++;MATLAB;Python,113014.0
United States of America,9.0,6.0,6.0,"Engineer, data",25-34 years old,"Bachelor’s degree (B.A., B.S., B.Eng., etc.)",Python;Ruby,250000.0
Brazil,9.0,6.0,,Data or business analyst,25-34 years old,"Bachelor’s degree (B.A., B.S., B.Eng., etc.)",C#;HTML/CSS;Java;JavaScript;Python;SQL,22316.0
Other,12.0,0.5,1.0,Scientist,25-34 years old,"Professional degree (JD, MD, Ph.D, Ed.D, etc.)",C++;HTML/CSS;JavaScript;PHP;Python;SQL,16706.0
Canada,7.0,4.0,4.0,Data scientist or machine learning specialist,25-34 years old,"Bachelor’s degree (B.A., B.S., B.Eng., etc.)",Go;Python;Scala,111527.0
Germany,23.0,6.0,6.0,"Engineer, data",25-34 years old,Some college/university study without earning a degree,Lua;Rust,45513.0
Brazil,26.0,24.0,24.0,Data or business analyst,35-44 years old,"Professional degree (JD, MD, Ph.D, Ed.D, etc.)",R,28403.0
United States of America,8.0,6.0,6.0,"Engineer, data",25-34 years old,"Bachelor’s degree (B.A., B.S., B.Eng., etc.)",Bash/Shell (all shells);Java;Python;SQL,175000.0
Canada,15.0,5.0,5.0,"Engineer, data",25-34 years old,"Professional degree (JD, MD, Ph.D, Ed.D, etc.)",C;C++;Python;R,92939.0
United Kingdom of Great Britain and Northern Ireland,5.0,5.0,5.0,"Engineer, data",25-34 years old,"Master’s degree (M.A., M.S., M.Eng., MBA, etc.)",JavaScript;Python;SAS;SQL,86897.0
United States of America,14.0,2.0,2.0,Data scientist or machine learning specialist,25-34 years old,"Master’s degree (M.A., M.S., M.Eng., MBA, etc.)",Bash/Shell (all shells);C++;HTML/CSS;Java;JavaScript;Python;SQL,200000.0
Canada,25.0,17.0,21.0,"Engineer, data",45-54 years old,"Bachelor’s degree (B.A., B.S., B.Eng., etc.)",Java;Python;TypeScript,148703.0
United States of America,19.0,12.0,,Data scientist or machine learning specialist,35-44 years old,"Professional degree (JD, MD, Ph.D, Ed.D, etc.)",R;SQL,130000.0
Israel,7.0,5.0,5.0,"Engineer, data",25-34 years old,"Bachelor’s degree (B.A., B.S., B.Eng., etc.)",Bash/Shell (all shells);Java;Python;Scala;SQL,133640.0
United States of America,50.0,50.0,,Scientist,65 years or older,"Professional degree (JD, MD, Ph.D, Ed.D, etc.)",MATLAB;Python,210000.0
Brazil,7.0,7.0,8.0,Data or business analyst,25-34 years old,"Master’s degree (M.A., M.S., M.Eng., MBA, etc.)",C#;Lisp;Python;SQL;VBA,36518.0
France,11.0,9.0,,"Engineer, data",25-34 years old,"Master’s degree (M.A., M.S., M.Eng., MBA, etc.)",Scala,83530.0
United Kingdom of Great Britain and Northern Ireland,7.0,3.0,,Data or business analyst,25-34 years old,"Bachelor’s degree (B.A., B.S., B.Eng., etc.)",Bash/Shell (all shells);HTML/CSS;JavaScript;Python;R;SQL;VBA,45931.0
Other,8.0,3.0,,Data scientist or machine learning specialist,25-34 years old,"Master’s degree (M.A., M.S., M.Eng., MBA, etc.)",Python,61041.0
United States of America,25.0,19.0,26.0,"Engineer, data",35-44 years old,"Bachelor’s degree (B.A., B.S., B.Eng., etc.)",C#;PowerShell;SQL,120000.0
Other,8.0,4.0,4.0,Data scientist or machine learning specialist,25-34 years old,"Master’s degree (M.A., M.S., M.Eng., MBA, etc.)",Bash/Shell (all shells);C#;Java;Python;SQL,45246.0
Other,7.0,2.0,2.0,"Engineer, data",18-24 years old,"Bachelor’s degree (B.A., B.S., B.Eng., etc.)",SQL,978.0
Germany,17.0,7.0,7.0,Data scientist or machine learning specialist,25-34 years old,"Professional degree (JD, MD, Ph.D, Ed.D, etc.)",Go;HTML/CSS;Julia;Python;SQL,85672.0
United States of America,18.0,2.0,2.0,"Engineer, data",25-34 years old,"Professional degree (JD, MD, Ph.D, Ed.D, etc.)",Bash/Shell (all shells);Python;Scala,118000.0
United States of America,10.0,6.0,5.0,Scientist,25-34 years old,"Professional degree (JD, MD, Ph.D, Ed.D, etc.)",C;Julia;Python,82000.0
Switzerland,6.0,3.0,,"Engineer, data",25-34 years old,"Master’s degree (M.A., M.S., M.Eng., MBA, etc.)",Bash/Shell (all shells);Python;SQL,110216.0
Germany,40.0,29.0,25.0,Data scientist or machine learning specialist,45-54 years old,"Professional degree (JD, MD, Ph.D, Ed.D, etc.)",C#;Go;Python;R;SQL,128507.0
Other,21.0,15.0,15.0,Data or business analyst,45-54 years old,"Master’s degree (M.A., M.S., M.Eng., MBA, etc.)",Python;R;VBA,99674.0
Poland,8.0,3.0,3.0,Data scientist or machine learning specialist,25-34 years old,"Bachelor’s degree (B.A., B.S., B.Eng., etc.)",Bash/Shell (all shells);HTML/CSS;Python,57423.0
Germany,15.0,7.0,7.0,"Engineer, data",25-34 years old,"Master’s degree (M.A., M.S., M.Eng., MBA, etc.)",Dart;JavaScript;Python,77104.0
United States of America,25.0,15.0,20.0,Data scientist or machine learning specialist,45-54 years old,"Professional degree (JD, MD, Ph.D, Ed.D, etc.)",Bash/Shell (all shells);C++;HTML/CSS;JavaScript;Python,400000.0
United Kingdom of Great Britain and Northern Ireland,15.0,8.0,,"Engineer, data",25-34 years old,"Bachelor’s degree (B.A., B.S., B.Eng., etc.)",Haskell;Java;JavaScript;Kotlin;Nim;Python;Rust;Scala;SQL,155173.0
United States of America,20.0,13.0,13.0,Data scientist or machine learning specialist,35-44 years old,"Master’s degree (M.A., M.S., M.Eng., MBA, etc.)",Python,320000.0
Germany,20.0,10.0,,"Engineer, data",35-44 years old,"Master’s degree (M.A., M.S., M.Eng., MBA, etc.)",Python,71750.0
United States of America,4.0,1.0,,Data or business analyst,25-34 years old,"Bachelor’s degree (B.A., B.S., B.Eng., etc.)",Python;R,100000.0
United States of America,5.0,3.0,3.0,Data or business analyst,25-34 years old,"Bachelor’s degree (B.A., B.S., B.Eng., etc.)",C#;HTML/CSS;JavaScript;Python;Rust;SQL;TypeScript,60000.0
Netherlands,23.0,20.0,20.0,"Engineer, data",35-44 years old,"Master’s degree (M.A., M.S., M.Eng., MBA, etc.)",Bash/Shell (all shells);HTML/CSS;Python;SQL,171343.0
Canada,8.0,3.0,3.0,Data scientist or machine learning specialist,25-34 years old,"Bachelor’s degree (B.A., B.S., B.Eng., etc.)",Bash/Shell (all shells);Fortran;Python,70634.0
Canada,14.0,5.0,5.0,Data scientist or machine learning specialist,25-34 years old,"Master’s degree (M.A., M.S., M.Eng., MBA, etc.)",Bash/Shell (all shells);HTML/CSS;JavaScript;Julia;Python;R;Rust;SQL;TypeScript,63199.0
Finland,5.0,3.0,,Data scientist or machine learning specialist,25-34 years old,"Master’s degree (M.A., M.S., M.Eng., MBA, etc.)",Bash/Shell (all shells);Dart;HTML/CSS;JavaScript;MATLAB;Python;SQL;TypeScript,53973.0
United States of America,10.0,10.0,10.0,Data scientist or machine learning specialist,25-34 years old,"Bachelor’s degree (B.A., B.S., B.Eng., etc.)",Bash/Shell (all shells);Julia;Python;R;Scala;SQL,185000.0
Other,13.0,10.0,12.0,"Engineer, data",25-34 years old,"Master’s degree (M.A., M.S., M.Eng., MBA, etc.)",Bash/Shell (all shells);C;C#;Go;HTML/CSS;Java;JavaScript;PHP;Rust;SQL;TypeScript,171343.0
Other,3.0,1.0,1.0,Data or business analyst,18-24 years old,"Associate degree (A.A., A.S., etc.)",Bash/Shell (all shells);Java;Python;SQL,10000.0
United States of America,19.0,8.0,,Data scientist or machine learning specialist,25-34 years old,"Bachelor’s degree (B.A., B.S., B.Eng., etc.)",C;C#;C++;JavaScript;Rust,301000.0
Other,5.0,3.0,7.0,"Engineer, data",25-34 years old,"Bachelor’s degree (B.A., B.S., B.Eng., etc.)",Bash/Shell (all shells);C#;C++;HTML/CSS;JavaScript;PowerShell;Python;SQL;VBA;Visual Basic (.Net),14736.0
Canada,15.0,12.0,15.0,Data scientist or machine learning specialist,25-34 years old,"Master’s degree (M.A., M.S., M.Eng., MBA, etc.)",C++;JavaScript;Python;Rust,107810.0
United States of America,22.0,17.0,,Scientist,35-44 years old,"Master’s degree (M.A., M.S., M.Eng., MBA, etc.)",HTML/CSS;MATLAB;Python,230000.0
United States of America,9.0,5.0,,Data scientist or machine learning specialist,25-34 years old,"Master’s degree (M.A., M.S., M.Eng., MBA, etc.)",Bash/Shell (all shells);C;Python;R;Rust;SQL,110000.0
United Kingdom of Great Britain and Northern Ireland,13.0,0.5,1.0,"Engineer, data",18-24 years old,"Master’s degree (M.A., M.S., M.Eng., MBA, etc.)",Bash/Shell (all shells);C++;Fortran;Python;Scala,39724.0
Australia,4.0,4.0,,"Engineer, data",25-34 years old,"Bachelor’s degree (B.A., B.S., B.Eng., etc.)",HTML/CSS;JavaScript;Python;SQL;TypeScript,66104.0
United States of America,8.0,6.0,6.0,"Engineer, data",25-34 years old,"Bachelor’s degree (B.A., B.S., B.Eng., etc.)",Bash/Shell (all shells);C++;Go;Perl;Python;SQL,135000.0
Australia,8.0,6.0,21.0,Scientist,35-44 years old,"Professional degree (JD, MD, Ph.D, Ed.D, etc.)",Bash/Shell (all shells);C;Julia;Lisp;Python;R,103122.0
Denmark,14.0,5.0,9.0,Data or business analyst,25-34 years old,"Bachelor’s degree (B.A., B.S., B.Eng., etc.)",Bash/Shell (all shells);C#;HTML/CSS;JavaScript;PHP;PowerShell;Python;SQL,71892.0
Netherlands,6.0,4.0,6.0,"Engineer, data",25-34 years old,"Bachelor’s degree (B.A., B.S., B.Eng., etc.)",C;C#;C++;HTML/CSS;JavaScript;Python;Rust;SQL;TypeScript,53545.0
United States of America,5.0,0.5,,"Engineer, data",18-24 years old,"Bachelor’s degree (B.A., B.S., B.Eng., etc.)",Java;JavaScript;PHP;Python;SQL;TypeScript,150000.0
Other,6.0,3.0,6.0,Data or business analyst,18-24 years old,Some college/university study without earning a degree,HTML/CSS;Java;Python;SQL,15349.0
Australia,10.0,6.0,6.0,Data scientist or machine learning specialist,35-44 years old,"Bachelor’s degree (B.A., B.S., B.Eng., etc.)",Bash/Shell (all shells);Python;Scala;TypeScript,99156.0
Other,2.0,1.0,2.0,Data or business analyst,25-34 years old,"Bachelor’s degree (B.A., B.S., B.Eng., etc.)",Python,21984.0
New Zealand,15.0,12.0,12.0,Data scientist or machine learning specialist,35-44 years old,"Master’s degree (M.A., M.S., M.Eng., MBA, etc.)",R;SQL,89839.0
United States of America,6.0,5.0,6.0,"Engineer, data",35-44 years old,"Bachelor’s degree (B.A., B.S., B.Eng., etc.)",Bash/Shell (all shells);Go;Python;Rust,142000.0
United States of America,20.0,10.0,10.0,"Engineer, data",25-34 years old,"Bachelor’s degree (B.A., B.S., B.Eng., etc.)",Bash/Shell (all shells);JavaScript;Python;TypeScript,247500.0
New Zealand,5.0,5.0,,Data or business analyst,35-44 years old,"Professional degree (JD, MD, Ph.D, Ed.D, etc.)",R;SQL,64951.0
United States of America,20.0,15.0,15.0,Scientist,25-34 years old,"Professional degree (JD, MD, Ph.D, Ed.D, etc.)",MATLAB;Python;Rust,90000.0
Other,3.0,1.0,,"Engineer, data",45-54 years old,"Bachelor’s degree (B.A., B.S., B.Eng., etc.)",Bash/Shell (all shells);JavaScript;PHP;Python;Ruby;Rust;SQL,150000.0
Australia,7.0,1.0,1.0,Data scientist or machine learning specialist,25-34 years old,"Master’s degree (M.A., M.S., M.Eng., MBA, etc.)",Python,56849.0
Australia,20.0,10.0,15.0,Data or business analyst,35-44 years old,"Secondary school (e.g. American high school, German Realschule or Gymnasium, etc.)",C#;HTML/CSS;JavaScript;Python;SQL,115682.0
Australia,20.0,16.0,,"Engineer, data",35-44 years old,"Bachelor’s degree (B.A., B.S., B.Eng., etc.)",Bash/Shell (all shells);Python;SQL,132208.0
Canada,6.0,6.0,7.0,Data or business analyst,35-44 years old,"Master’s degree (M.A., M.S., M.Eng., MBA, etc.)",HTML/CSS;JavaScript;PowerShell;SQL;TypeScript,96657.0
United States of America,15.0,11.0,,"Engineer, data",35-44 years old,"Master’s degree (M.A., M.S., M.Eng., MBA, etc.)",Python;SQL,194000.0
Canada,4.0,2.0,2.0,"Engineer, data",25-34 years old,"Bachelor’s degree (B.A., B.S., B.Eng., etc.)",C#;C++;PowerShell;Python,54277.0
Brazil,10.0,5.0,6.0,Data scientist or machine learning specialist,25-34 years old,"Bachelor’s degree (B.A., B.S., B.Eng., etc.)",Assembly;Bash/Shell (all shells);C;C++;Delphi;Go;HTML/CSS;JavaScript;MATLAB;PHP;Python;R;Rust;SQL;TypeScript,162301.0
United States of America,20.0,6.0,20.0,Data or business analyst,25-34 years old,"Associate degree (A.A., A.S., etc.)",C#;Cobol;Erlang;HTML/CSS;JavaScript;PowerShell;SQL;TypeScript;VBA,65000.0
Australia,7.0,4.0,,Data or business analyst,25-34 years old,"Bachelor’s degree (B.A., B.S., B.Eng., etc.)",HTML/CSS;JavaScript;PHP;SQL;VBA,54536.0
United States of America,23.0,15.0,27.0,Data scientist or machine learning specialist,35-44 years old,"Master’s degree (M.A., M.S., M.Eng., MBA, etc.)",Bash/Shell (all shells);C++;Go;HTML/CSS;JavaScript;Python;Ruby;Rust;SQL;TypeScript,200000.0
United States of America,8.0,5.0,,Data scientist or machine learning specialist,25-34 years old,"Master’s degree (M.A., M.S., M.Eng., MBA, etc.)",MATLAB;Python,125000.0
United States of America,18.0,16.0,,"Engineer, data",35-44 years old,"Bachelor’s degree (B.A., B.S., B.Eng., etc.)",Bash/Shell (all shells);Groovy;HTML/CSS;Java;JavaScript;Python;Scala;SQL;TypeScript,165000.0
United States of America,14.0,10.0,10.0,Data scientist or machine learning specialist,35-44 years old,"Professional degree (JD, MD, Ph.D, Ed.D, etc.)",Bash/Shell (all shells);Python,362000.0
Canada,5.0,3.0,3.0,"Engineer, data",18-24 years old,"Bachelor’s degree (B.A., B.S., B.Eng., etc.)",Python;R;Rust;SQL,52046.0
New Zealand,22.0,12.0,,Scientist,35-44 years old,"Master’s degree (M.A., M.S., M.Eng., MBA, etc.)",C;C++;Fortran;Python;R;Rust;SQL,54632.0
United States of America,50.0,40.0,50.0,Data scientist or machine learning specialist,65 years or older,"Master’s degree (M.A., M.S., M.Eng., MBA, etc.)",HTML/CSS;Java;JavaScript;Kotlin;Python;SQL;TypeScript,300000.0
United Kingdom of Great Britain and Northern Ireland,25.0,17.0,17.0,Scientist,35-44 years old,"Professional degree (JD, MD, Ph.D, Ed.D, etc.)",Bash/Shell (all shells);C++;Haskell;Prolog;Python;Rust;SQL;TypeScript,49655.0
United States of America,3.0,0.5,2.0,Data or business analyst,18-24 years old,"Bachelor’s degree (B.A., B.S., B.Eng., etc.)",C;HTML/CSS;Java;PowerShell;Python;R;SQL,65000.0
Other,10.0,5.0,10.0,"Engineer, data",25-34 years old,"Master’s degree (M.A., M.S., M.Eng., MBA, etc.)",Bash/Shell (all shells);HTML/CSS;Python;SQL,33089.0
Australia,23.0,23.0,,Data scientist or machine learning specialist,45-54 years old,"Professional degree (JD, MD, Ph.D, Ed.D, etc.)",HTML/CSS;Python;R;SQL,128903.0
Australia,8.0,5.0,5.0,"Engineer, data",25-34 years old,"Bachelor’s degree (B.A., B.S., B.Eng., etc.)",JavaScript;Python;SAS;SQL;TypeScript,91884.0
Other,0.5,4.0,,"Engineer, data",25-34 years old,"Master’s degree (M.A., M.S., M.Eng., MBA, etc.)",C++;Java;Python;SQL,26075.0
Other,7.0,3.0,3.0,"Engineer, data",25-34 years old,"Bachelor’s degree (B.A., B.S., B.Eng., etc.)",Bash/Shell (all shells);Python;SQL,14415.0
Australia,15.0,12.0,,"Engineer, data",25-34 years old,"Bachelor’s degree (B.A., B.S., B.Eng., etc.)",Java;Python;Scala,120309.0
France,13.0,9.0,9.0,"Engineer, data",25-34 years old,"Master’s degree (M.A., M.S., M.Eng., MBA, etc.)",Bash/Shell (all shells);Prolog;Scala;SQL,96381.0
Other,13.0,10.0,10.0,"Engineer, data",35-44 years old,"Bachelor’s degree (B.A., B.S., B.Eng., etc.)",Bash/Shell (all shells);Java;Python;SQL,93733.0
Australia,6.0,4.0,5.0,Data or business analyst,35-44 years old,"Master’s degree (M.A., M.S., M.Eng., MBA, etc.)",HTML/CSS;JavaScript;PowerShell;Python;SQL;VBA,39662.0
United States of America,9.0,5.0,5.0,"Engineer, data",25-34 years old,"Bachelor’s degree (B.A., B.S., B.Eng., etc.)",Bash/Shell (all shells);Go;HTML/CSS;Java;JavaScript;Python;Rust;Scala;SQL,170000.0
Canada,7.0,4.0,4.0,Data scientist or machine learning specialist,18-24 years old,Some college/university study without earning a degree,Go;Python;Rust,54277.0
United States of America,13.0,5.0,5.0,Data scientist or machine learning specialist,25-34 years old,"Master’s degree (M.A., M.S., M.Eng., MBA, etc.)",C;Python;TypeScript,134250.0
New Zealand,11.0,2.0,2.0,"Engineer, data",25-34 years old,"Professional degree (JD, MD, Ph.D, Ed.D, etc.)",C#;JavaScript;Python;R;SQL,66772.0
Other,2.0,1.0,1.0,Scientist,25-34 years old,"Master’s degree (M.A., M.S., M.Eng., MBA, etc.)",Bash/Shell (all shells);PowerShell;Python;SQL,22175.0
United States of America,28.0,19.0,22.0,Data scientist or machine learning specialist,35-44 years old,"Master’s degree (M.A., M.S., M.Eng., MBA, etc.)",Bash/Shell (all shells);Java;Python;Scala;SQL,292000.0
United States of America,10.0,4.0,4.0,"Engineer, data",25-34 years old,"Bachelor’s degree (B.A., B.S., B.Eng., etc.)",Bash/Shell (all shells);Python;Rust;SQL,100000.0
Other,6.0,6.0,10.0,"Engineer, data",35-44 years old,"Bachelor’s degree (B.A., B.S., B.Eng., etc.)",Python;R;SQL,929.0
Austria,25.0,7.0,,"Engineer, data",45-54 years old,"Bachelor’s degree (B.A., B.S., B.Eng., etc.)",,69608.0
United States of America,15.0,4.0,5.0,Scientist,25-34 years old,"Professional degree (JD, MD, Ph.D, Ed.D, etc.)",C;C++;Fortran;Python,125000.0
United States of America,13.0,10.0,13.0,"Engineer, data",25-34 years old,"Bachelor’s degree (B.A., B.S., B.Eng., etc.)",Assembly;Bash/Shell (all shells);C;C++;HTML/CSS;PHP;PowerShell;Python;SQL,200000.0
India,4.0,0.5,1.0,Data or business analyst,18-24 years old,"Bachelor’s degree (B.A., B.S., B.Eng., etc.)",C;C#;C++;HTML/CSS;Java;JavaScript;PowerShell;Python;R;SAS;SQL,1454.0
India,8.0,7.0,7.0,"Engineer, data",25-34 years old,"Bachelor’s degree (B.A., B.S., B.Eng., etc.)",Python;SQL,39986.0
Australia,6.0,6.0,8.0,"Engineer, data",45-54 years old,"Bachelor’s degree (B.A., B.S., B.Eng., etc.)",JavaScript;Python;SQL,92545.0
Other,6.0,3.0,3.0,"Engineer, data",25-34 years old,"Bachelor’s degree (B.A., B.S., B.Eng., etc.)",Bash/Shell (all shells);HTML/CSS;Java;JavaScript;Python;SQL,6821.0
Other,28.0,18.0,18.0,"Engineer, data",35-44 years old,"Master’s degree (M.A., M.S., M.Eng., MBA, etc.)",Bash/Shell (all shells);Java;Python;Scala;SQL,109276.0
India,4.0,2.0,2.0,Data scientist or machine learning specialist,18-24 years old,"Bachelor’s degree (B.A., B.S., B.Eng., etc.)",Python;Scala;SQL,7573.0
United States of America,10.0,8.0,13.0,Data scientist or machine learning specialist,45-54 years old,"Professional degree (JD, MD, Ph.D, Ed.D, etc.)",Bash/Shell (all shells);Python;R,170000.0
India,6.0,1.0,1.0,"Engineer, data",18-24 years old,"Bachelor’s degree (B.A., B.S., B.Eng., etc.)",C++;Java;Python;SQL,24234.0
Poland,15.0,12.0,12.0,"Engineer, data",25-34 years old,"Bachelor’s degree (B.A., B.S., B.Eng., etc.)",Bash/Shell (all shells);GDScript;HTML/CSS;Java;JavaScript;Scala;SQL;TypeScript,108000.0
Germany,21.0,11.0,11.0,"Engineer, data",35-44 years old,"Professional degree (JD, MD, Ph.D, Ed.D, etc.)",Bash/Shell (all shells);Python;SQL,88884.0
Other,4.0,2.0,2.0,"Engineer, data",18-24 years old,"Bachelor’s degree (B.A., B.S., B.Eng., etc.)",Java;Python;SQL,50513.0
Canada,15.0,10.0,,"Engineer, data",35-44 years old,"Bachelor’s degree (B.A., B.S., B.Eng., etc.)",Java;JavaScript;Scala;SQL;TypeScript,148703.0
India,11.0,5.0,5.0,Data scientist or machine learning specialist,25-34 years old,"Bachelor’s degree (B.A., B.S., B.Eng., etc.)",C++;Go;Java;JavaScript;Kotlin;Python;SQL,59373.0
Australia,23.0,20.0,22.0,"Engineer, data",35-44 years old,"Bachelor’s degree (B.A., B.S., B.Eng., etc.)",C#;Python;Scala;SQL,99156.0
Other,14.0,9.0,,"Engineer, data",25-34 years old,"Bachelor’s degree (B.A., B.S., B.Eng., etc.)",Go;Java;Python;SQL,144000.0
Other,3.0,3.0,,Data scientist or machine learning specialist,25-34 years old,"Bachelor’s degree (B.A., B.S., B.Eng., etc.)",Python;SQL,8822.0
United States of America,6.0,2.0,,"Engineer, data",25-34 years old,"Bachelor’s degree (B.A., B.S., B.Eng., etc.)",Bash/Shell (all shells);HTML/CSS;JavaScript;Python;SQL;TypeScript,300000.0
India,10.0,5.0,5.0,"Engineer, data",25-34 years old,"Bachelor’s degree (B.A., B.S., B.Eng., etc.)",C++;Java;Objective-C;Python;SQL;Swift,21810.0
Other,20.0,11.0,11.0,"Engineer, data",25-34 years old,"Master’s degree (M.A., M.S., M.Eng., MBA, etc.)",C;C++;Go;Java;JavaScript;Kotlin;Python;SQL;TypeScript,65522.0
Germany,21.0,11.0,7.0,Data scientist or machine learning specialist,35-44 years old,"Professional degree (JD, MD, Ph.D, Ed.D, etc.)",C#;Go;HTML/CSS;JavaScript;Python;Rust,107090.0
Other,12.0,4.0,4.0,Data scientist or machine learning specialist,25-34 years old,"Master’s degree (M.A., M.S., M.Eng., MBA, etc.)",Bash/Shell (all shells);C++;Go;PowerShell;Python;R;Scala;SQL,14069.0
Australia,15.0,10.0,16.0,"Engineer, data",35-44 years old,"Bachelor’s degree (B.A., B.S., B.Eng., etc.)",Bash/Shell (all shells);Python;Rust;SQL,74697.0
India,5.0,1.0,1.0,Data scientist or machine learning specialist,18-24 years old,"Bachelor’s degree (B.A., B.S., B.Eng., etc.)",C;C++;HTML/CSS;Java;JavaScript;MATLAB;Python;SQL,5453.0
France,15.0,9.0,,"Engineer, data",25-34 years old,"Master’s degree (M.A., M.S., M.Eng., MBA, etc.)",Python;Rust;SQL,128507.0
Germany,5.0,3.0,3.0,Data scientist or machine learning specialist,25-34 years old,Some college/university study without earning a degree,JavaScript;Python;Rust;SQL,64254.0
New Zealand,14.0,11.0,11.0,"Engineer, data",25-34 years old,"Bachelor’s degree (B.A., B.S., B.Eng., etc.)",Bash/Shell (all shells);Java;Python;Scala;SQL,88018.0
Italy,20.0,10.0,,Data or business analyst,35-44 years old,"Secondary school (e.g. American high school, German Realschule or Gymnasium, etc.)",C++;Fortran;Java;Python;Visual Basic (.Net),32127.0
Other,7.0,2.0,,Data scientist or machine learning specialist,25-34 years old,"Master’s degree (M.A., M.S., M.Eng., MBA, etc.)",C++;Go;Python;R;SQL,64335.0
Other,13.0,6.0,24.0,Data scientist or machine learning specialist,45-54 years old,"Professional degree (JD, MD, Ph.D, Ed.D, etc.)",Bash/Shell (all shells);C;C++;HTML/CSS;Lisp;MATLAB;Perl;PowerShell;Python;R;SQL,42699.0
Spain,14.0,9.0,,"Engineer, data",25-34 years old,"Master’s degree (M.A., M.S., M.Eng., MBA, etc.)",Python;Scala,91026.0
France,11.0,7.0,6.0,"Engineer, data",25-34 years old,"Master’s degree (M.A., M.S., M.Eng., MBA, etc.)",Bash/Shell (all shells);C;C++;Fortran;Java;MATLAB;PowerShell;Prolog;Python;R;Scala;SQL,107090.0
Other,20.0,11.0,15.0,"Engineer, data",35-44 years old,Something else,Bash/Shell (all shells);Java;Lua;Python;Scala;SQL,60000.0
Australia,41.0,33.0,33.0,"Engineer, data",45-54 years old,"Bachelor’s degree (B.A., B.S., B.Eng., etc.)",Python;SQL,142123.0
United States of America,10.0,6.0,6.0,Data or business analyst,25-34 years old,"Bachelor’s degree (B.A., B.S., B.Eng., etc.)",HTML/CSS;JavaScript;Kotlin;Python;R;SQL;TypeScript,150000.0
Other,10.0,5.0,,Data scientist or machine learning specialist,25-34 years old,"Master’s degree (M.A., M.S., M.Eng., MBA, etc.)",HTML/CSS;JavaScript;Python;Rust;SQL,77807.0
Other,10.0,6.0,7.0,Data or business analyst,25-34 years old,"Bachelor’s degree (B.A., B.S., B.Eng., etc.)",C#;PHP;PowerShell;Python;R;SQL,21616.0
Spain,4.0,2.0,4.0,Data scientist or machine learning specialist,35-44 years old,"Professional degree (JD, MD, Ph.D, Ed.D, etc.)",C;Python,32127.0
Germany,40.0,30.0,,Data scientist or machine learning specialist,45-54 years old,"Bachelor’s degree (B.A., B.S., B.Eng., etc.)",JavaScript;Perl;Python;Rust;SQL;TypeScript,112444.0
Other,5.0,1.0,2.0,"Engineer, data",25-34 years old,"Bachelor’s degree (B.A., B.S., B.Eng., etc.)",HTML/CSS;JavaScript;Python;SQL,7863.0
India,5.0,2.0,2.0,"Engineer, data",18-24 years old,"Bachelor’s degree (B.A., B.S., B.Eng., etc.)",Python;Scala,12117.0
United States of America,13.0,0.5,,"Engineer, data",25-34 years old,"Bachelor’s degree (B.A., B.S., B.Eng., etc.)",Bash/Shell (all shells);Python;Scala;SQL,108000.0
Sweden,5.0,1.0,2.0,Data scientist or machine learning specialist,25-34 years old,"Master’s degree (M.A., M.S., M.Eng., MBA, etc.)",Assembly;C;C++;HTML/CSS;JavaScript;Python;SQL,55285.0
Spain,20.0,12.0,12.0,"Engineer, data",35-44 years old,"Bachelor’s degree (B.A., B.S., B.Eng., etc.)",Python;Scala;SQL,74963.0
Belgium,20.0,12.0,,Data scientist or machine learning specialist,35-44 years old,"Master’s degree (M.A., M.S., M.Eng., MBA, etc.)",Bash/Shell (all shells);C++;Python,77104.0
Other,10.0,5.0,,Data scientist or machine learning specialist,25-34 years old,"Master’s degree (M.A., M.S., M.Eng., MBA, etc.)",GDScript;Go;Python,71584.0
United Kingdom of Great Britain and Northern Ireland,6.0,5.0,6.0,Data scientist or machine learning specialist,25-34 years old,"Bachelor’s degree (B.A., B.S., B.Eng., etc.)",R;Rust;SQL,68276.0
Italy,34.0,32.0,33.0,"Engineer, data",55-64 years old,"Bachelor’s degree (B.A., B.S., B.Eng., etc.)",C;C++;Fortran;HTML/CSS;MATLAB;Visual Basic (.Net),42836.0
Other,3.0,2.0,2.0,Data scientist or machine learning specialist,25-34 years old,"Master’s degree (M.A., M.S., M.Eng., MBA, etc.)",Python,39438.0
United States of America,7.0,7.0,7.0,"Engineer, data",25-34 years old,"Master’s degree (M.A., M.S., M.Eng., MBA, etc.)",Bash/Shell (all shells);Go;Java;Python;Scala;SQL;TypeScript,210000.0
Netherlands,15.0,6.0,6.0,Data scientist or machine learning specialist,25-34 years old,"Master’s degree (M.A., M.S., M.Eng., MBA, etc.)",Python,64254.0
Other,11.0,5.0,11.0,Data scientist or machine learning specialist,25-34 years old,"Bachelor’s degree (B.A., B.S., B.Eng., etc.)",Bash/Shell (all shells);C#;Dart;HTML/CSS;JavaScript;PowerShell;Python;SQL,33845.0
Other,13.0,5.0,5.0,Scientist,25-34 years old,"Professional degree (JD, MD, Ph.D, Ed.D, etc.)",C++;Python,81552.0
Germany,20.0,20.0,,"Engineer, data",45-54 years old,"Master’s degree (M.A., M.S., M.Eng., MBA, etc.)",Bash/Shell (all shells);Python;SQL,107090.0
Other,15.0,12.0,10.0,"Engineer, data",25-34 years old,"Bachelor’s degree (B.A., B.S., B.Eng., etc.)",Bash/Shell (all shells);Dart;Groovy;HTML/CSS;Java;JavaScript;Objective-C;Python;Scala;SQL;Swift,70000.0
Poland,14.0,10.0,13.0,Data scientist or machine learning specialist,35-44 years old,"Master’s degree (M.A., M.S., M.Eng., MBA, etc.)",Python;Rust,100490.0
France,10.0,5.0,5.0,Data scientist or machine learning specialist,25-34 years old,"Master’s degree (M.A., M.S., M.Eng., MBA, etc.)",C++;R,44978.0
Spain,12.0,8.0,,"Engineer, data",35-44 years old,"Bachelor’s degree (B.A., B.S., B.Eng., etc.)",Scala,96381.0
Spain,7.0,5.0,,"Engineer, data",35-44 years old,"Professional degree (JD, MD, Ph.D, Ed.D, etc.)",Python;SQL,98522.0
Other,25.0,15.0,16.0,"Engineer, data",35-44 years old,"Master’s degree (M.A., M.S., M.Eng., MBA, etc.)",C#;SQL,96381.0
United Kingdom of Great Britain and Northern Ireland,26.0,24.0,24.0,"Engineer, data",45-54 years old,"Professional degree (JD, MD, Ph.D, Ed.D, etc.)",Bash/Shell (all shells);C;C++;Java;Perl;Python;R;Scala;SQL,111724.0
Other,30.0,25.0,35.0,Data or business analyst,45-54 years old,"Master’s degree (M.A., M.S., M.Eng., MBA, etc.)",HTML/CSS;Java;JavaScript;Python;SQL;TypeScript,18983.0
Netherlands,8.0,7.0,,"Engineer, data",35-44 years old,"Bachelor’s degree (B.A., B.S., B.Eng., etc.)",PowerShell;Python;SQL,80317.0
Other,9.0,5.0,5.0,Data scientist or machine learning specialist,25-34 years old,"Master’s degree (M.A., M.S., M.Eng., MBA, etc.)",C;C#;C++;GDScript;Go;Haskell;HTML/CSS;JavaScript;Julia;Lisp;Lua;Perl;PHP;PowerShell;Python;R;Rust;SQL;TypeScript,17769.0
Germany,13.0,9.0,9.0,Data scientist or machine learning specialist,25-34 years old,"Professional degree (JD, MD, Ph.D, Ed.D, etc.)",MATLAB;Python;SQL,74963.0
Finland,7.0,5.0,10.0,Data scientist or machine learning specialist,35-44 years old,"Professional degree (JD, MD, Ph.D, Ed.D, etc.)",Bash/Shell (all shells);JavaScript;Python;SQL,74963.0
Germany,20.0,10.0,10.0,Data scientist or machine learning specialist,35-44 years old,"Master’s degree (M.A., M.S., M.Eng., MBA, etc.)",Bash/Shell (all shells);Java;Python;R;SQL,92097.0
France,43.0,32.0,25.0,"Engineer, data",55-64 years old,"Professional degree (JD, MD, Ph.D, Ed.D, etc.)",Bash/Shell (all shells);HTML/CSS;Java;JavaScript;PHP;Python;Ruby;SQL,46049.0
Other,3.0,2.0,3.0,"Engineer, data",25-34 years old,"Master’s degree (M.A., M.S., M.Eng., MBA, etc.)",C#;Python,37606.0
Other,37.0,19.0,20.0,"Engineer, data",45-54 years old,"Master’s degree (M.A., M.S., M.Eng., MBA, etc.)",Bash/Shell (all shells);C#;HTML/CSS;Lua;PowerShell;SQL,59970.0
France,8.0,4.0,4.0,"Engineer, data",25-34 years old,"Bachelor’s degree (B.A., B.S., B.Eng., etc.)",Bash/Shell (all shells);Java;Perl;Python,42836.0
Italy,9.0,3.0,3.0,"Engineer, data",25-34 years old,"Master’s degree (M.A., M.S., M.Eng., MBA, etc.)",Bash/Shell (all shells);Go;Python;SQL,53545.0
Denmark,16.0,6.0,6.0,Data scientist or machine learning specialist,35-44 years old,"Professional degree (JD, MD, Ph.D, Ed.D, etc.)",Python;Rust,120779.0
Other,10.0,6.0,,Data or business analyst,35-44 years old,"Bachelor’s degree (B.A., B.S., B.Eng., etc.)",C#;HTML/CSS;JavaScript;Python;SQL,25854.0
France,10.0,3.0,3.0,"Engineer, data",18-24 years old,"Master’s degree (M.A., M.S., M.Eng., MBA, etc.)",Bash/Shell (all shells);Go;Java;Python;Scala;SQL;TypeScript,19276.0
Other,7.0,2.0,,"Engineer, data",18-24 years old,"Master’s degree (M.A., M.S., M.Eng., MBA, etc.)",Python;Scala;SQL,22895.0
Other,10.0,2.0,2.0,"Engineer, data",25-34 years old,"Bachelor’s degree (B.A., B.S., B.Eng., etc.)",PowerShell;Python;TypeScript,40694.0
Israel,23.0,13.0,13.0,Data scientist or machine learning specialist,35-44 years old,"Master’s degree (M.A., M.S., M.Eng., MBA, etc.)",Bash/Shell (all shells);Java;Python;SQL,106912.0
Other,9.0,2.0,2.0,Data scientist or machine learning specialist,25-34 years old,"Master’s degree (M.A., M.S., M.Eng., MBA, etc.)",HTML/CSS;MATLAB;Python,3361.0
Spain,14.0,0.5,,"Engineer, data",25-34 years old,"Master’s degree (M.A., M.S., M.Eng., MBA, etc.)",MATLAB;Python,12851.0
Other,25.0,20.0,,Data scientist or machine learning specialist,35-44 years old,"Bachelor’s degree (B.A., B.S., B.Eng., etc.)",Python;SQL,53309.0
United Kingdom of Great Britain and Northern Ireland,15.0,4.0,16.0,Data scientist or machine learning specialist,35-44 years old,"Master’s degree (M.A., M.S., M.Eng., MBA, etc.)",Python;SQL,79448.0
Germany,8.0,3.0,3.0,Data scientist or machine learning specialist,25-34 years old,"Professional degree (JD, MD, Ph.D, Ed.D, etc.)",Python;Rust;SQL;TypeScript,107090.0
India,8.0,5.0,5.0,Data or business analyst,25-34 years old,"Bachelor’s degree (B.A., B.S., B.Eng., etc.)",Python;Scala;SQL,9694.0
Other,4.0,3.0,4.0,"Engineer, data",25-34 years old,"Master’s degree (M.A., M.S., M.Eng., MBA, etc.)",Python;SQL,61576.0
Italy,12.0,9.0,,"Engineer, data",25-34 years old,"Master’s degree (M.A., M.S., M.Eng., MBA, etc.)",HTML/CSS;JavaScript;Python;Scala;SQL,91026.0
Netherlands,7.0,5.0,,Data scientist or machine learning specialist,25-34 years old,"Master’s degree (M.A., M.S., M.Eng., MBA, etc.)",Bash/Shell (all shells);Java;Python;SQL,69608.0
Germany,15.0,7.0,5.0,Data scientist or machine learning specialist,25-34 years old,"Professional degree (JD, MD, Ph.D, Ed.D, etc.)",C++;Groovy;HTML/CSS;Python;R;SQL;VBA,160634.0
France,9.0,4.0,,Data scientist or machine learning specialist,25-34 years old,"Professional degree (JD, MD, Ph.D, Ed.D, etc.)",Ada;C;C++;Java;R;SQL,53545.0
Other,4.0,4.0,,"Engineer, data",25-34 years old,"Bachelor’s degree (B.A., B.S., B.Eng., etc.)",Python;SQL,42836.0
Netherlands,8.0,3.0,3.0,Data scientist or machine learning specialist,18-24 years old,"Master’s degree (M.A., M.S., M.Eng., MBA, etc.)",Python;Rust,67466.0
Poland,3.0,2.0,2.0,Data or business analyst,25-34 years old,"Master’s degree (M.A., M.S., M.Eng., MBA, etc.)",PHP;Python;SQL;VBA,40196.0
Spain,10.0,10.0,20.0,Data scientist or machine learning specialist,35-44 years old,"Master’s degree (M.A., M.S., M.Eng., MBA, etc.)",C++;R,74963.0
Germany,17.0,10.0,10.0,Data scientist or machine learning specialist,25-34 years old,"Master’s degree (M.A., M.S., M.Eng., MBA, etc.)",C#;HTML/CSS;JavaScript;Python;Rust;SQL,74940.0
Other,24.0,5.0,6.0,Data scientist or machine learning specialist,25-34 years old,"Master’s degree (M.A., M.S., M.Eng., MBA, etc.)",C++;Python;Rust,128507.0
Netherlands,40.0,31.0,,Scientist,55-64 years old,"Professional degree (JD, MD, Ph.D, Ed.D, etc.)",Python,126366.0
Belgium,10.0,8.0,17.0,Data scientist or machine learning specialist,35-44 years old,"Master’s degree (M.A., M.S., M.Eng., MBA, etc.)",HTML/CSS;JavaScript;PowerShell;Python,107090.0
Sweden,11.0,4.0,4.0,Scientist,35-44 years old,"Professional degree (JD, MD, Ph.D, Ed.D, etc.)",Bash/Shell (all shells);Lua;R,50088.0
France,20.0,20.0,20.0,"Engineer, data",45-54 years old,"Professional degree (JD, MD, Ph.D, Ed.D, etc.)",Bash/Shell (all shells);C;C++;Fortran;Java;Python,93168.0
Sweden,10.0,7.0,7.0,"Engineer, data",25-34 years old,"Bachelor’s degree (B.A., B.S., B.Eng., etc.)",Bash/Shell (all shells);Python;SQL,9214.0
Netherlands,12.0,12.0,20.0,"Engineer, data",35-44 years old,"Secondary school (e.g. American high school, German Realschule or Gymnasium, etc.)",C++;Go;Python;SQL,74963.0
Belgium,8.0,3.0,4.0,"Engineer, data",25-34 years old,"Master’s degree (M.A., M.S., M.Eng., MBA, etc.)",Bash/Shell (all shells);HTML/CSS;Python;SQL,64254.0
Other,20.0,12.0,12.0,Data scientist or machine learning specialist,35-44 years old,"Bachelor’s degree (B.A., B.S., B.Eng., etc.)",Bash/Shell (all shells);Lua;Python;R;Rust;SQL,155615.0
Other,11.0,9.0,9.0,Data scientist or machine learning specialist,25-34 years old,"Master’s degree (M.A., M.S., M.Eng., MBA, etc.)",C#;C++;Python,75662.0
Poland,12.0,2.0,,Scientist,25-34 years old,"Professional degree (JD, MD, Ph.D, Ed.D, etc.)",Bash/Shell (all shells);C++;Python,27515.0
Other,21.0,18.0,15.0,Data scientist or machine learning specialist,45-54 years old,"Professional degree (JD, MD, Ph.D, Ed.D, etc.)",MATLAB;OCaml;Python;Scala,63809.0
Italy,12.0,2.0,3.0,Data scientist or machine learning specialist,25-34 years old,"Master’s degree (M.A., M.S., M.Eng., MBA, etc.)",C#;C++;Java;MATLAB;PowerShell;Python;R;SQL;VBA,32127.0
United Kingdom of Great Britain and Northern Ireland,5.0,5.0,,Data or business analyst,35-44 years old,"Master’s degree (M.A., M.S., M.Eng., MBA, etc.)",Python;SQL,86897.0
Germany,14.0,7.0,,Data scientist or machine learning specialist,25-34 years old,"Professional degree (JD, MD, Ph.D, Ed.D, etc.)",Bash/Shell (all shells);Python;SQL,107090.0
Denmark,40.0,25.0,30.0,Scientist,45-54 years old,"Professional degree (JD, MD, Ph.D, Ed.D, etc.)",Bash/Shell (all shells);C;C++;Fortran;MATLAB;PowerShell;Python,115028.0
Germany,4.0,2.0,2.0,Data scientist or machine learning specialist,25-34 years old,"Master’s degree (M.A., M.S., M.Eng., MBA, etc.)",Python;SQL,107090.0
Denmark,10.0,6.0,,Data scientist or machine learning specialist,35-44 years old,"Professional degree (JD, MD, Ph.D, Ed.D, etc.)",Bash/Shell (all shells);Python,126818.0
Spain,12.0,9.0,9.0,"Engineer, data",25-34 years old,"Master’s degree (M.A., M.S., M.Eng., MBA, etc.)",Bash/Shell (all shells);Java;Python,61041.0
France,12.0,7.0,7.0,Data or business analyst,25-34 years old,"Master’s degree (M.A., M.S., M.Eng., MBA, etc.)",JavaScript;Python;SQL;TypeScript,52206.0
Germany,5.0,2.0,2.0,"Engineer, data",25-34 years old,"Master’s degree (M.A., M.S., M.Eng., MBA, etc.)",Bash/Shell (all shells);Python;Rust;SQL,59970.0
Netherlands,10.0,6.0,6.0,"Engineer, data",25-34 years old,"Bachelor’s degree (B.A., B.S., B.Eng., etc.)",Bash/Shell (all shells);HTML/CSS;Java;Python;Scala,89955.0
Germany,11.0,8.0,,"Engineer, data",25-34 years old,"Master’s degree (M.A., M.S., M.Eng., MBA, etc.)",Bash/Shell (all shells);C++;Go;Java;JavaScript;PowerShell;Python;R;SQL;TypeScript,109231.0
Germany,26.0,22.0,,"Engineer, data",35-44 years old,"Master’s degree (M.A., M.S., M.Eng., MBA, etc.)",Java;Python;Scala;SQL,107090.0
Italy,6.0,4.0,,Scientist,25-34 years old,"Professional degree (JD, MD, Ph.D, Ed.D, etc.)",Bash/Shell (all shells);Python;R;Rust,25701.0
Other,9.0,1.0,,Data scientist or machine learning specialist,18-24 years old,"Master’s degree (M.A., M.S., M.Eng., MBA, etc.)",Bash/Shell (all shells);C;C#;C++;HTML/CSS;Java;JavaScript;Lisp;MATLAB;Perl;PHP;Prolog;Python;R;VBA;Visual Basic (.Net),54616.0
United Kingdom of Great Britain and Northern Ireland,15.0,10.0,15.0,Data or business analyst,25-34 years old,"Master’s degree (M.A., M.S., M.Eng., MBA, etc.)",VBA,124138.0
Spain,33.0,19.0,19.0,"Engineer, data",35-44 years old,"Professional degree (JD, MD, Ph.D, Ed.D, etc.)",Bash/Shell (all shells);JavaScript;Python;SQL;TypeScript,64254.0
Germany,20.0,14.0,18.0,Scientist,35-44 years old,"Professional degree (JD, MD, Ph.D, Ed.D, etc.)",C;C++;Go;HTML/CSS;Python,77104.0
Germany,20.0,10.0,15.0,"Engineer, data",35-44 years old,"Master’s degree (M.A., M.S., M.Eng., MBA, etc.)",Python,107091.0
Other,30.0,13.0,,"Engineer, data",35-44 years old,"Bachelor’s degree (B.A., B.S., B.Eng., etc.)",PowerShell;SQL,108736.0
Germany,25.0,19.0,19.0,Data scientist or machine learning specialist,35-44 years old,"Master’s degree (M.A., M.S., M.Eng., MBA, etc.)",Python;SQL,96595.0
Spain,10.0,3.0,15.0,Data or business analyst,35-44 years old,"Master’s degree (M.A., M.S., M.Eng., MBA, etc.)",Python;SQL,50332.0
France,10.0,10.0,,Data scientist or machine learning specialist,35-44 years old,"Professional degree (JD, MD, Ph.D, Ed.D, etc.)",Bash/Shell (all shells);C++;Java;Python,52474.0
Other,19.0,12.0,,Scientist,25-34 years old,"Master’s degree (M.A., M.S., M.Eng., MBA, etc.)",C#;HTML/CSS;Java;JavaScript;PHP;PowerShell;Python;SQL;TypeScript,77021.0
Germany,5.0,3.0,5.0,Data or business analyst,18-24 years old,"Bachelor’s degree (B.A., B.S., B.Eng., etc.)",Delphi;HTML/CSS;Java;JavaScript;Python;R;SQL;TypeScript,44978.0
Spain,41.0,26.0,,"Engineer, data",45-54 years old,"Bachelor’s degree (B.A., B.S., B.Eng., etc.)",Python;SQL;VBA,41765.0
Spain,3.0,3.0,,"Engineer, data",35-44 years old,"Master’s degree (M.A., M.S., M.Eng., MBA, etc.)",Scala;SQL,38552.0
France,5.0,2.0,,Data or business analyst,35-44 years old,"Master’s degree (M.A., M.S., M.Eng., MBA, etc.)",R;SQL,41765.0
Spain,7.0,5.0,7.0,Data scientist or machine learning specialist,25-34 years old,"Bachelor’s degree (B.A., B.S., B.Eng., etc.)",Python;TypeScript,85672.0
Italy,12.0,9.0,,Data or business analyst,25-34 years old,"Bachelor’s degree (B.A., B.S., B.Eng., etc.)",,55687.0
Germany,0.5,10.0,,"Engineer, data",45-54 years old,"Master’s degree (M.A., M.S., M.Eng., MBA, etc.)",Bash/Shell (all shells);Go;Lua;Python;SQL,62112.0
Germany,10.0,10.0,10.0,"Engineer, data",25-34 years old,"Secondary school (e.g. American high school, German Realschule or Gymnasium, etc.)",Assembly;Bash/Shell (all shells);C;C#;C++;HTML/CSS;JavaScript;Rust;SQL,46049.0
Other,14.0,13.0,12.0,Scientist,25-34 years old,"Master’s degree (M.A., M.S., M.Eng., MBA, etc.)",Bash/Shell (all shells);C#;Kotlin;Python;SQL,141735.0
Belgium,35.0,26.0,30.0,"Engineer, data",45-54 years old,Some college/university study without earning a degree,Assembly;Bash/Shell (all shells);C;C#;C++;HTML/CSS;JavaScript;Lisp;Objective-C;Python;SQL;Swift;TypeScript,96381.0
Germany,15.0,15.0,,"Engineer, data",45-54 years old,Some college/university study without earning a degree,Python;SQL;VBA,80317.0
Germany,9.0,6.0,6.0,Data scientist or machine learning specialist,25-34 years old,"Master’s degree (M.A., M.S., M.Eng., MBA, etc.)",Bash/Shell (all shells);Python;R;SQL,80317.0
Israel,13.0,7.0,7.0,"Engineer, data",25-34 years old,"Secondary school (e.g. American high school, German Realschule or Gymnasium, etc.)",Python,140322.0
Other,27.0,18.0,17.0,Scientist,35-44 years old,"Professional degree (JD, MD, Ph.D, Ed.D, etc.)",Assembly;Bash/Shell (all shells);C;C++;Haskell;HTML/CSS;JavaScript;Julia;MATLAB;Prolog;Python;R;SQL;TypeScript,85672.0
Germany,11.0,7.0,,Scientist,25-34 years old,"Professional degree (JD, MD, Ph.D, Ed.D, etc.)",Bash/Shell (all shells);PowerShell;Python,67466.0
Other,20.0,8.0,8.0,Scientist,35-44 years old,"Professional degree (JD, MD, Ph.D, Ed.D, etc.)",Bash/Shell (all shells);C;C++;Java;MATLAB;Python;SQL,119911.0
Spain,5.0,1.0,,Data or business analyst,18-24 years old,Something else,Java;Kotlin;SQL,18741.0
Netherlands,15.0,6.0,9.0,Scientist,25-34 years old,"Professional degree (JD, MD, Ph.D, Ed.D, etc.)",MATLAB;PowerShell;Python;SQL,107090.0
India,8.0,4.0,4.0,"Engineer, data",25-34 years old,"Bachelor’s degree (B.A., B.S., B.Eng., etc.)",Groovy;Java;JavaScript;Python;SQL,16964.0
Other,9.0,4.0,4.0,"Engineer, data",25-34 years old,"Master’s degree (M.A., M.S., M.Eng., MBA, etc.)",Clojure;Scala,62794.0
France,23.0,12.0,,Data scientist or machine learning specialist,35-44 years old,"Professional degree (JD, MD, Ph.D, Ed.D, etc.)",Bash/Shell (all shells);Python,55687.0
Netherlands,8.0,5.0,,Data scientist or machine learning specialist,25-34 years old,"Master’s degree (M.A., M.S., M.Eng., MBA, etc.)",Python;SQL,48190.0
Other,8.0,2.0,2.0,Data scientist or machine learning specialist,25-34 years old,"Master’s degree (M.A., M.S., M.Eng., MBA, etc.)",Python;Rust;SQL,26394.0
Netherlands,10.0,3.0,,Data scientist or machine learning specialist,25-34 years old,"Master’s degree (M.A., M.S., M.Eng., MBA, etc.)",Bash/Shell (all shells);HTML/CSS;Java;JavaScript;PowerShell;Python;SQL;TypeScript,66396.0
Finland,15.0,10.0,,Data scientist or machine learning specialist,35-44 years old,"Professional degree (JD, MD, Ph.D, Ed.D, etc.)",Bash/Shell (all shells);PowerShell;Python;R;SQL,53545.0
Sweden,37.0,34.0,34.0,"Engineer, data",45-54 years old,"Associate degree (A.A., A.S., etc.)",Bash/Shell (all shells);C#;HTML/CSS;JavaScript;Perl;PowerShell;Python;Rust;SQL;VBA,58899.0
Italy,9.0,5.0,5.0,Data scientist or machine learning specialist,25-34 years old,"Master’s degree (M.A., M.S., M.Eng., MBA, etc.)",Java;Python;SQL,55151.0
Spain,29.0,24.0,24.0,"Engineer, data",45-54 years old,Some college/university study without earning a degree,Bash/Shell (all shells);Python;SQL,69608.0
Other,20.0,16.0,,"Engineer, data",35-44 years old,"Bachelor’s degree (B.A., B.S., B.Eng., etc.)",JavaScript;PowerShell;Python;SQL,53545.0
Australia,3.0,0.5,,Data or business analyst,45-54 years old,Some college/university study without earning a degree,Python;R;Rust;SQL,72714.0
United Kingdom of Great Britain and Northern Ireland,12.0,12.0,12.0,"Engineer, data",25-34 years old,"Master’s degree (M.A., M.S., M.Eng., MBA, etc.)",Bash/Shell (all shells);Python;Scala,173793.0
Other,17.0,9.0,9.0,Data scientist or machine learning specialist,25-34 years old,"Bachelor’s degree (B.A., B.S., B.Eng., etc.)",Bash/Shell (all shells);HTML/CSS;Python;SQL,24898.0
United Kingdom of Great Britain and Northern Ireland,20.0,16.0,,"Engineer, data",35-44 years old,"Master’s degree (M.A., M.S., M.Eng., MBA, etc.)",Python;SQL,123890.0
Other,26.0,24.0,,Data scientist or machine learning specialist,35-44 years old,"Master’s degree (M.A., M.S., M.Eng., MBA, etc.)",C#;Python;R;SQL,85672.0
United Kingdom of Great Britain and Northern Ireland,15.0,11.0,,Data scientist or machine learning specialist,25-34 years old,"Professional degree (JD, MD, Ph.D, Ed.D, etc.)",HTML/CSS;R;SQL,60828.0
Italy,4.0,2.0,2.0,Data scientist or machine learning specialist,25-34 years old,"Master’s degree (M.A., M.S., M.Eng., MBA, etc.)",Bash/Shell (all shells);Lua;Python,32127.0
United Kingdom of Great Britain and Northern Ireland,10.0,6.0,6.0,"Engineer, data",25-34 years old,"Master’s degree (M.A., M.S., M.Eng., MBA, etc.)",Bash/Shell (all shells);HTML/CSS;Java;JavaScript;Kotlin;PowerShell;Python;Scala;SQL;TypeScript,108000.0
United Kingdom of Great Britain and Northern Ireland,11.0,9.0,9.0,Data scientist or machine learning specialist,25-34 years old,"Master’s degree (M.A., M.S., M.Eng., MBA, etc.)",Bash/Shell (all shells);C#;Java;PowerShell;Python,148966.0
Germany,16.0,12.0,12.0,"Engineer, data",35-44 years old,"Master’s degree (M.A., M.S., M.Eng., MBA, etc.)",Bash/Shell (all shells);Java;Scala,165989.0
Other,13.0,8.0,8.0,Data scientist or machine learning specialist,25-34 years old,"Master’s degree (M.A., M.S., M.Eng., MBA, etc.)",C;R;SQL,13613.0
Spain,12.0,6.0,,Data scientist or machine learning specialist,25-34 years old,"Master’s degree (M.A., M.S., M.Eng., MBA, etc.)",C;C++;HTML/CSS;Java;JavaScript;MATLAB;Python;R;SQL,53545.0
Poland,8.0,7.0,8.0,Data or business analyst,25-34 years old,"Master’s degree (M.A., M.S., M.Eng., MBA, etc.)",R;SQL;VBA,43067.0
Other,10.0,5.0,5.0,Data scientist or machine learning specialist,25-34 years old,"Master’s degree (M.A., M.S., M.Eng., MBA, etc.)",Bash/Shell (all shells);Python;SQL,26772.0
Poland,13.0,6.0,6.0,Data scientist or machine learning specialist,25-34 years old,"Master’s degree (M.A., M.S., M.Eng., MBA, etc.)",C++;JavaScript;Python,53834.0
Germany,3.0,3.0,3.0,"Engineer, data",25-34 years old,"Bachelor’s degree (B.A., B.S., B.Eng., etc.)",Bash/Shell (all shells);Go;HTML/CSS;JavaScript;Python;SQL;TypeScript,74963.0
Germany,9.0,3.0,3.0,Data scientist or machine learning specialist,25-34 years old,"Master’s degree (M.A., M.S., M.Eng., MBA, etc.)",Bash/Shell (all shells);Python;R;SQL,80317.0
United Kingdom of Great Britain and Northern Ireland,11.0,3.0,,Data scientist or machine learning specialist,25-34 years old,"Professional degree (JD, MD, Ph.D, Ed.D, etc.)",Python,62690.0
United Kingdom of Great Britain and Northern Ireland,11.0,7.0,,"Engineer, data",25-34 years old,"Professional degree (JD, MD, Ph.D, Ed.D, etc.)",C++;Python,62069.0
Other,22.0,14.0,14.0,Data scientist or machine learning specialist,35-44 years old,"Master’s degree (M.A., M.S., M.Eng., MBA, etc.)",Bash/Shell (all shells);C#;HTML/CSS;Java;JavaScript;PowerShell;Python;R,63809.0
Germany,38.0,28.0,28.0,Data or business analyst,45-54 years old,"Master’s degree (M.A., M.S., M.Eng., MBA, etc.)",C#;Go;Java,69608.0
Germany,12.0,7.0,,Data scientist or machine learning specialist,25-34 years old,"Master’s degree (M.A., M.S., M.Eng., MBA, etc.)",Julia;MATLAB;Python;R;SQL;VBA,107090.0
Spain,14.0,8.0,,"Engineer, data",25-34 years old,"Master’s degree (M.A., M.S., M.Eng., MBA, etc.)",C;Clojure;Haskell;Java;Lisp;Lua;Python;SQL;TypeScript,72821.0
United Kingdom of Great Britain and Northern Ireland,20.0,5.0,,Data scientist or machine learning specialist,45-54 years old,"Master’s degree (M.A., M.S., M.Eng., MBA, etc.)",Assembly;Bash/Shell (all shells);C;HTML/CSS;JavaScript;PHP;PowerShell;Python;R;SQL;VBA,55862.0
Other,8.0,7.0,10.0,Data or business analyst,35-44 years old,"Master’s degree (M.A., M.S., M.Eng., MBA, etc.)",R;SQL,45494.0
Germany,15.0,4.0,4.0,Scientist,25-34 years old,"Master’s degree (M.A., M.S., M.Eng., MBA, etc.)",Bash/Shell (all shells);C++;PowerShell;Python;R,59970.0
Germany,6.0,6.0,,Data scientist or machine learning specialist,25-34 years old,"Master’s degree (M.A., M.S., M.Eng., MBA, etc.)",Python,101735.0
France,8.0,5.0,5.0,"Engineer, data",25-34 years old,"Master’s degree (M.A., M.S., M.Eng., MBA, etc.)",Python,57828.0
Poland,8.0,5.0,26.0,Data or business analyst,35-44 years old,"Master’s degree (M.A., M.S., M.Eng., MBA, etc.)",JavaScript;Python;SQL,47852.0
United Kingdom of Great Britain and Northern Ireland,8.0,7.0,,Data scientist or machine learning specialist,45-54 years old,"Bachelor’s degree (B.A., B.S., B.Eng., etc.)",Python,112966.0
India,5.0,3.0,3.0,Data scientist or machine learning specialist,25-34 years old,"Bachelor’s degree (B.A., B.S., B.Eng., etc.)",C#;Python,6058.0
Other,6.0,4.0,4.0,"Engineer, data",25-34 years old,"Associate degree (A.A., A.S., etc.)",Python;SQL,58899.0
Netherlands,13.0,11.0,,Data or business analyst,35-44 years old,"Bachelor’s degree (B.A., B.S., B.Eng., etc.)",SQL,74963.0
Other,9.0,5.0,,Data or business analyst,35-44 years old,"Master’s degree (M.A., M.S., M.Eng., MBA, etc.)",Python,21418.0
United Kingdom of Great Britain and Northern Ireland,4.0,6.0,,"Engineer, data",25-34 years old,"Bachelor’s degree (B.A., B.S., B.Eng., etc.)",Bash/Shell (all shells);Python,70759.0
Spain,34.0,28.0,28.0,"Engineer, data",45-54 years old,"Bachelor’s degree (B.A., B.S., B.Eng., etc.)",Bash/Shell (all shells);JavaScript;Python,62969.0
United Kingdom of Great Britain and Northern Ireland,10.0,9.0,9.0,"Engineer, data",25-34 years old,"Master’s degree (M.A., M.S., M.Eng., MBA, etc.)",Java;Kotlin;Python;SQL;TypeScript,54621.0
Israel,9.0,6.0,6.0,"Engineer, data",18-24 years old,Some college/university study without earning a degree,Bash/Shell (all shells);Python;SQL,125087.0
Other,8.0,2.0,2.0,Data scientist or machine learning specialist,25-34 years old,"Master’s degree (M.A., M.S., M.Eng., MBA, etc.)",Bash/Shell (all shells);HTML/CSS;JavaScript;PowerShell;Python;Rust;SQL,54368.0
Other,5.0,2.0,,"Engineer, data",18-24 years old,"Bachelor’s degree (B.A., B.S., B.Eng., etc.)",HTML/CSS;Java;JavaScript;Python;Scala;SQL,25701.0
Austria,17.0,13.0,13.0,Data scientist or machine learning specialist,25-34 years old,"Professional degree (JD, MD, Ph.D, Ed.D, etc.)",Bash/Shell (all shells);C++;Python;Rust;SQL,160634.0
United Kingdom of Great Britain and Northern Ireland,8.0,5.0,,Data scientist or machine learning specialist,25-34 years old,"Master’s degree (M.A., M.S., M.Eng., MBA, etc.)",Python,105517.0
United Kingdom of Great Britain and Northern Ireland,23.0,14.0,17.0,Data scientist or machine learning specialist,35-44 years old,"Professional degree (JD, MD, Ph.D, Ed.D, etc.)",Python;R;Scala,218483.0
Germany,25.0,20.0,22.0,"Engineer, data",45-54 years old,"Bachelor’s degree (B.A., B.S., B.Eng., etc.)",Bash/Shell (all shells);C;HTML/CSS;JavaScript;Python;SQL,107090.0
Other,12.0,8.0,8.0,"Engineer, data",25-34 years old,"Bachelor’s degree (B.A., B.S., B.Eng., etc.)",Java;Rust;SQL,120779.0
United Kingdom of Great Britain and Northern Ireland,15.0,5.0,,Data scientist or machine learning specialist,35-44 years old,"Professional degree (JD, MD, Ph.D, Ed.D, etc.)",C++;HTML/CSS;Python;SQL,55862.0
United Kingdom of Great Britain and Northern Ireland,3.0,2.0,,Data scientist or machine learning specialist,25-34 years old,"Master’s degree (M.A., M.S., M.Eng., MBA, etc.)",HTML/CSS;Julia;Python;SQL,46428.0
Other,5.0,3.0,,Data or business analyst,35-44 years old,"Master’s degree (M.A., M.S., M.Eng., MBA, etc.)",Python;R;SQL,37481.0
Denmark,15.0,6.0,13.0,Data scientist or machine learning specialist,45-54 years old,"Master’s degree (M.A., M.S., M.Eng., MBA, etc.)",Bash/Shell (all shells);HTML/CSS;JavaScript;Python;R;SQL,84028.0
France,17.0,14.0,,"Engineer, data",35-44 years old,"Master’s degree (M.A., M.S., M.Eng., MBA, etc.)",Bash/Shell (all shells);JavaScript;Scala;SQL,96381.0
Netherlands,35.0,32.0,,Data or business analyst,55-64 years old,"Bachelor’s degree (B.A., B.S., B.Eng., etc.)",Bash/Shell (all shells);HTML/CSS;JavaScript;PHP;SQL,53545.0
Denmark,10.0,7.0,7.0,"Engineer, data",25-34 years old,"Bachelor’s degree (B.A., B.S., B.Eng., etc.)",Java;Scala;SQL,86271.0
Other,5.0,1.0,20.0,Data or business analyst,35-44 years old,"Bachelor’s degree (B.A., B.S., B.Eng., etc.)",HTML/CSS;Java;JavaScript;MATLAB;Python;SQL;VBA;Visual Basic (.Net),46049.0
France,19.0,15.0,19.0,"Engineer, data",35-44 years old,"Master’s degree (M.A., M.S., M.Eng., MBA, etc.)",Bash/Shell (all shells);C#;Java;PowerShell;SQL,64254.0
United Kingdom of Great Britain and Northern Ireland,7.0,7.0,,"Engineer, data",25-34 years old,"Bachelor’s degree (B.A., B.S., B.Eng., etc.)",Bash/Shell (all shells);Java;Python;Scala,116690.0
United Kingdom of Great Britain and Northern Ireland,13.0,13.0,2.0,Data scientist or machine learning specialist,25-34 years old,"Professional degree (JD, MD, Ph.D, Ed.D, etc.)",Bash/Shell (all shells);C++;HTML/CSS;JavaScript;Lua;PHP;Python;TypeScript,86897.0
Italy,25.0,18.0,18.0,"Engineer, data",35-44 years old,"Bachelor’s degree (B.A., B.S., B.Eng., etc.)",Dart;HTML/CSS;JavaScript;Python;SQL,53545.0
France,15.0,12.0,14.0,"Engineer, data",35-44 years old,"Master’s degree (M.A., M.S., M.Eng., MBA, etc.)",Python;SQL,85672.0
United Kingdom of Great Britain and Northern Ireland,43.0,15.0,,Data scientist or machine learning specialist,65 years or older,"Professional degree (JD, MD, Ph.D, Ed.D, etc.)",C#;C++;MATLAB;Python,68276.0
Switzerland,10.0,7.0,7.0,Data or business analyst,25-34 years old,"Master’s degree (M.A., M.S., M.Eng., MBA, etc.)",Python,121238.0
France,15.0,12.0,10.0,"Engineer, data",45-54 years old,"Master’s degree (M.A., M.S., M.Eng., MBA, etc.)",Bash/Shell (all shells);Groovy;Java;Python;R;SQL,36946.0
Other,6.0,0.5,,Data scientist or machine learning specialist,18-24 years old,"Bachelor’s degree (B.A., B.S., B.Eng., etc.)",C#;Java;JavaScript;Kotlin;Python;Scala;SQL,11435.0
Spain,13.0,8.0,,Data scientist or machine learning specialist,25-34 years old,"Master’s degree (M.A., M.S., M.Eng., MBA, etc.)",Bash/Shell (all shells);Python,113515.0
Netherlands,21.0,20.0,21.0,"Engineer, data",35-44 years old,"Master’s degree (M.A., M.S., M.Eng., MBA, etc.)",Bash/Shell (all shells);Java;JavaScript;Kotlin;Python;Rust;Scala,133862.0
United Kingdom of Great Britain and Northern Ireland,13.0,13.0,13.0,Data or business analyst,35-44 years old,"Master’s degree (M.A., M.S., M.Eng., MBA, etc.)",Kotlin;Python;Rust;Scala;SQL,69517.0
United Kingdom of Great Britain and Northern Ireland,10.0,6.0,7.0,Data or business analyst,25-34 years old,"Master’s degree (M.A., M.S., M.Eng., MBA, etc.)",Python;R;SQL,99311.0
Germany,11.0,6.0,6.0,"Engineer, data",25-34 years old,"Master’s degree (M.A., M.S., M.Eng., MBA, etc.)",Bash/Shell (all shells);Go;HTML/CSS;Java;JavaScript;Python;SQL;TypeScript,77104.0
United Kingdom of Great Britain and Northern Ireland,5.0,4.0,5.0,"Engineer, data",25-34 years old,"Bachelor’s degree (B.A., B.S., B.Eng., etc.)",Bash/Shell (all shells);Go;Groovy;Haskell;HTML/CSS;Java;JavaScript;MATLAB;PowerShell;Python;R;Scala;SQL;TypeScript,124138.0
Finland,16.0,14.0,14.0,Data scientist or machine learning specialist,35-44 years old,"Master’s degree (M.A., M.S., M.Eng., MBA, etc.)",R;SQL;VBA,64254.0
Denmark,25.0,12.0,12.0,Scientist,35-44 years old,"Professional degree (JD, MD, Ph.D, Ed.D, etc.)",Bash/Shell (all shells);C#;C++;HTML/CSS;JavaScript;Python;Rust;SQL;Visual Basic (.Net),143785.0
Other,9.0,6.0,10.0,Data or business analyst,18-24 years old,"Bachelor’s degree (B.A., B.S., B.Eng., etc.)",HTML/CSS;Java;JavaScript;PHP,8449.0
Other,4.0,8.0,6.0,"Engineer, data",35-44 years old,"Bachelor’s degree (B.A., B.S., B.Eng., etc.)",Java;Scala,4252.0
Germany,5.0,2.0,,Data scientist or machine learning specialist,25-34 years old,"Master’s degree (M.A., M.S., M.Eng., MBA, etc.)",Python;R;SQL,59970.0
Netherlands,5.0,2.0,,Data or business analyst,25-34 years old,"Master’s degree (M.A., M.S., M.Eng., MBA, etc.)",Bash/Shell (all shells);HTML/CSS;R,53545.0
Netherlands,10.0,7.0,7.0,Data scientist or machine learning specialist,25-34 years old,"Master’s degree (M.A., M.S., M.Eng., MBA, etc.)",HTML/CSS;Python;R,85672.0
France,14.0,7.0,7.0,"Engineer, data",25-34 years old,"Professional degree (JD, MD, Ph.D, Ed.D, etc.)",C;C++;Java;OCaml;PHP;SQL,50332.0
France,15.0,12.0,13.0,"Engineer, data",35-44 years old,"Master’s degree (M.A., M.S., M.Eng., MBA, etc.)",Bash/Shell (all shells);Go;Java;Kotlin;Python;Scala,66931.0
Other,10.0,6.0,6.0,Data scientist or machine learning specialist,25-34 years old,"Master’s degree (M.A., M.S., M.Eng., MBA, etc.)",Bash/Shell (all shells);HTML/CSS;JavaScript;PowerShell;Python;Rust,48190.0
Spain,8.0,6.0,,Data scientist or machine learning specialist,25-34 years old,"Master’s degree (M.A., M.S., M.Eng., MBA, etc.)",PowerShell;Python;R;Scala,48190.0
United Kingdom of Great Britain and Northern Ireland,20.0,14.0,,"Engineer, data",35-44 years old,"Master’s degree (M.A., M.S., M.Eng., MBA, etc.)",Clojure;Java;JavaScript;Python;Rust;Scala;TypeScript,202345.0
United Kingdom of Great Britain and Northern Ireland,8.0,6.0,,"Engineer, data",25-34 years old,"Bachelor’s degree (B.A., B.S., B.Eng., etc.)",,68276.0
Netherlands,15.0,5.0,5.0,"Engineer, data",25-34 years old,"Master’s degree (M.A., M.S., M.Eng., MBA, etc.)",Python;SQL,64254.0
United Kingdom of Great Britain and Northern Ireland,17.0,10.0,6.0,Data scientist or machine learning specialist,25-34 years old,"Professional degree (JD, MD, Ph.D, Ed.D, etc.)",Python;Rust;SQL,161380.0
United Kingdom of Great Britain and Northern Ireland,34.0,27.0,,Data scientist or machine learning specialist,45-54 years old,"Professional degree (JD, MD, Ph.D, Ed.D, etc.)",Bash/Shell (all shells);C++;MATLAB;Python;R,53379.0
Other,11.0,5.0,3.0,Data or business analyst,25-34 years old,"Bachelor’s degree (B.A., B.S., B.Eng., etc.)",Python;SQL,26237.0
Netherlands,5.0,1.0,,Scientist,25-34 years old,"Master’s degree (M.A., M.S., M.Eng., MBA, etc.)",Bash/Shell (all shells);MATLAB;Python,46049.0
India,16.0,10.0,10.0,"Engineer, data",25-34 years old,"Master’s degree (M.A., M.S., M.Eng., MBA, etc.)",Bash/Shell (all shells);C++;Dart;HTML/CSS;Java;JavaScript;MATLAB;Objective-C;PHP;PowerShell;Python;SQL,29081.0
Other,15.0,7.0,,Data or business analyst,35-44 years old,"Master’s degree (M.A., M.S., M.Eng., MBA, etc.)",R,111167.0
United Kingdom of Great Britain and Northern Ireland,3.0,2.0,,"Engineer, data",25-34 years old,"Master’s degree (M.A., M.S., M.Eng., MBA, etc.)",HTML/CSS;JavaScript;PowerShell;Python;SQL,78207.0
United Kingdom of Great Britain and Northern Ireland,20.0,6.0,20.0,Data or business analyst,35-44 years old,"Secondary school (e.g. American high school, German Realschule or Gymnasium, etc.)",PowerShell;Python;SQL;VBA,42207.0
France,37.0,28.0,28.0,"Engineer, data",45-54 years old,"Master’s degree (M.A., M.S., M.Eng., MBA, etc.)",Bash/Shell (all shells);C;C#;C++;Java;JavaScript;Python;SQL;TypeScript,106019.0
Other,11.0,3.0,3.0,"Engineer, data",25-34 years old,"Master’s degree (M.A., M.S., M.Eng., MBA, etc.)",Bash/Shell (all shells);HTML/CSS;JavaScript;Python;R,32127.0
Other,7.0,2.0,3.0,Data scientist or machine learning specialist,18-24 years old,"Bachelor’s degree (B.A., B.S., B.Eng., etc.)",Bash/Shell (all shells);Dart;Python;SQL,1623.0
Israel,33.0,9.0,15.0,Data scientist or machine learning specialist,45-54 years old,"Professional degree (JD, MD, Ph.D, Ed.D, etc.)",Bash/Shell (all shells);C++;Clojure;Julia;Python;R,106912.0
Other,6.0,4.0,,Scientist,25-34 years old,"Bachelor’s degree (B.A., B.S., B.Eng., etc.)",Assembly;C;C++;Dart;Go;HTML/CSS;Java;JavaScript;Python,43938.0
France,8.0,4.0,,Data scientist or machine learning specialist,35-44 years old,"Master’s degree (M.A., M.S., M.Eng., MBA, etc.)",Python;R,64254.0
United Kingdom of Great Britain and Northern Ireland,20.0,5.0,,Data or business analyst,45-54 years old,Some college/university study without earning a degree,C#;SQL;Visual Basic (.Net),37241.0
United Kingdom of Great Britain and Northern Ireland,4.0,4.0,7.0,"Engineer, data",25-34 years old,"Bachelor’s degree (B.A., B.S., B.Eng., etc.)",Bash/Shell (all shells);Python;SQL,80690.0
Netherlands,7.0,1.0,,Data scientist or machine learning specialist,25-34 years old,"Master’s degree (M.A., M.S., M.Eng., MBA, etc.)",C#;GDScript;HTML/CSS;JavaScript;Python;R;SQL;TypeScript,51403.0
Other,6.0,4.0,4.0,Data scientist or machine learning specialist,18-24 years old,"Master’s degree (M.A., M.S., M.Eng., MBA, etc.)",Bash/Shell (all shells);HTML/CSS;Java;JavaScript;PowerShell;Python;R;SQL,39837.0
Germany,10.0,7.0,10.0,"Engineer, data",25-34 years old,"Master’s degree (M.A., M.S., M.Eng., MBA, etc.)",Bash/Shell (all shells);Python;Scala,91026.0
United Kingdom of Great Britain and Northern Ireland,25.0,10.0,,Data scientist or machine learning specialist,35-44 years old,"Professional degree (JD, MD, Ph.D, Ed.D, etc.)",,78207.0
United Kingdom of Great Britain and Northern Ireland,23.0,12.0,9.0,Data scientist or machine learning specialist,35-44 years old,"Professional degree (JD, MD, Ph.D, Ed.D, etc.)",Bash/Shell (all shells);C;MATLAB;Python,110483.0
Denmark,10.0,5.0,,Data scientist or machine learning specialist,25-34 years old,"Master’s degree (M.A., M.S., M.Eng., MBA, etc.)",Julia;Python;SQL,7477.0
Germany,22.0,20.0,37.0,Data or business analyst,45-54 years old,"Secondary school (e.g. American high school, German Realschule or Gymnasium, etc.)",Ada;Bash/Shell (all shells);SQL,73892.0
Germany,4.0,2.0,10.0,Data or business analyst,35-44 years old,"Master’s degree (M.A., M.S., M.Eng., MBA, etc.)",Bash/Shell (all shells);HTML/CSS;JavaScript;R;SQL,53545.0
United Kingdom of Great Britain and Northern Ireland,6.0,5.0,5.0,"Engineer, data",25-34 years old,"Master’s degree (M.A., M.S., M.Eng., MBA, etc.)",Bash/Shell (all shells);Python,111724.0
Other,13.0,9.0,,"Engineer, data",25-34 years old,"Bachelor’s degree (B.A., B.S., B.Eng., etc.)",C#;Elixir;Python;Rust;Scala,86019.0
United Kingdom of Great Britain and Northern Ireland,6.0,6.0,6.0,Data scientist or machine learning specialist,25-34 years old,"Master’s degree (M.A., M.S., M.Eng., MBA, etc.)",Python;SQL,310345.0
Other,10.0,2.0,2.0,Data scientist or machine learning specialist,18-24 years old,"Bachelor’s degree (B.A., B.S., B.Eng., etc.)",Java;MATLAB;Python;R;SQL,10877.0
United Kingdom of Great Britain and Northern Ireland,40.0,35.0,40.0,Data scientist or machine learning specialist,45-54 years old,"Bachelor’s degree (B.A., B.S., B.Eng., etc.)",C;C#;HTML/CSS;JavaScript;Python;R;SQL;TypeScript,124138.0
Italy,8.0,4.0,4.0,Data or business analyst,25-34 years old,"Secondary school (e.g. American high school, German Realschule or Gymnasium, etc.)",Go;Python;R;SQL,27843.0
United Kingdom of Great Britain and Northern Ireland,5.0,4.0,10.0,"Engineer, data",25-34 years old,"Bachelor’s degree (B.A., B.S., B.Eng., etc.)",Bash/Shell (all shells);Python;SQL,80876.0
United Kingdom of Great Britain and Northern Ireland,4.0,5.0,,Data or business analyst,35-44 years old,"Bachelor’s degree (B.A., B.S., B.Eng., etc.)",SQL;VBA,37241.0
India,16.0,12.0,,Data scientist or machine learning specialist,25-34 years old,"Bachelor’s degree (B.A., B.S., B.Eng., etc.)",Bash/Shell (all shells);JavaScript;MATLAB;Python;R;Scala;SQL,96935.0
France,7.0,5.0,,Data scientist or machine learning specialist,25-34 years old,"Professional degree (JD, MD, Ph.D, Ed.D, etc.)",Bash/Shell (all shells);HTML/CSS;Python;R;SQL,53545.0
France,8.0,4.0,3.0,"Engineer, data",25-34 years old,"Master’s degree (M.A., M.S., M.Eng., MBA, etc.)",JavaScript;PHP;Python;Scala;SQL;TypeScript,51403.0
India,9.0,2.0,2.0,Data scientist or machine learning specialist,18-24 years old,"Master’s degree (M.A., M.S., M.Eng., MBA, etc.)",Bash/Shell (all shells);C;C++;Haskell;HTML/CSS;Java;PHP;Python;SQL;TypeScript,6058.0
Germany,10.0,5.0,5.0,"Engineer, data",25-34 years old,"Bachelor’s degree (B.A., B.S., B.Eng., etc.)",Bash/Shell (all shells);Java;Python;Scala;SQL,112444.0
Poland,10.0,6.0,7.0,Data scientist or machine learning specialist,25-34 years old,"Master’s degree (M.A., M.S., M.Eng., MBA, etc.)",C#;HTML/CSS;JavaScript;PHP;Python;SQL;TypeScript,48331.0
Spain,16.0,8.0,8.0,Data or business analyst,25-34 years old,"Professional degree (JD, MD, Ph.D, Ed.D, etc.)",C++;Fortran,36410.0
Netherlands,41.0,30.0,,Data or business analyst,55-64 years old,"Master’s degree (M.A., M.S., M.Eng., MBA, etc.)",C++;HTML/CSS;Julia;PHP;Python;R;SQL,78175.0
Germany,17.0,5.0,5.0,Data scientist or machine learning specialist,25-34 years old,"Bachelor’s degree (B.A., B.S., B.Eng., etc.)",Bash/Shell (all shells);HTML/CSS;JavaScript;Python;Rust;SQL;TypeScript,64254.0
Brazil,23.0,18.0,18.0,Data scientist or machine learning specialist,35-44 years old,"Professional degree (JD, MD, Ph.D, Ed.D, etc.)",Bash/Shell (all shells);HTML/CSS;Java;JavaScript;Python;R;SQL,81150.0
Israel,12.0,8.0,8.0,"Engineer, data",25-34 years old,"Bachelor’s degree (B.A., B.S., B.Eng., etc.)",Python,13364.0
India,3.0,0.5,1.0,Data or business analyst,18-24 years old,"Bachelor’s degree (B.A., B.S., B.Eng., etc.)",Bash/Shell (all shells);HTML/CSS;JavaScript;Python,3635.0
Spain,20.0,12.0,11.0,Data or business analyst,35-44 years old,"Professional degree (JD, MD, Ph.D, Ed.D, etc.)",C++;MATLAB;Perl;Python;R;SQL,53545.0
Netherlands,10.0,4.0,,Data scientist or machine learning specialist,25-34 years old,"Master’s degree (M.A., M.S., M.Eng., MBA, etc.)",Python;SQL,56912.0
Other,9.0,8.0,8.0,Data scientist or machine learning specialist,35-44 years old,"Bachelor’s degree (B.A., B.S., B.Eng., etc.)",JavaScript;Python;R;SQL;TypeScript,91026.0
Other,35.0,30.0,30.0,Data scientist or machine learning specialist,45-54 years old,"Professional degree (JD, MD, Ph.D, Ed.D, etc.)",Python;SQL,96381.0
United States of America,4.0,2.0,2.0,Data scientist or machine learning specialist,25-34 years old,"Bachelor’s degree (B.A., B.S., B.Eng., etc.)",Bash/Shell (all shells);Python;SQL;Swift,95000.0
Other,18.0,12.0,12.0,Data scientist or machine learning specialist,35-44 years old,"Professional degree (JD, MD, Ph.D, Ed.D, etc.)",HTML/CSS;JavaScript;MATLAB;PowerShell;Python;R;TypeScript,115000.0
Other,8.0,1.0,1.0,"Engineer, data",25-34 years old,"Master’s degree (M.A., M.S., M.Eng., MBA, etc.)",Python;SQL,28272.0
Germany,8.0,6.0,6.0,Data scientist or machine learning specialist,25-34 years old,"Master’s degree (M.A., M.S., M.Eng., MBA, etc.)",Bash/Shell (all shells);Dart;Go;Python;SQL;Swift;TypeScript,89955.0
Germany,16.0,7.0,7.0,Data scientist or machine learning specialist,25-34 years old,"Bachelor’s degree (B.A., B.S., B.Eng., etc.)",Go;JavaScript;Python;Rust;Scala;TypeScript,112444.0
Germany,16.0,10.0,10.0,"Engineer, data",25-34 years old,"Master’s degree (M.A., M.S., M.Eng., MBA, etc.)",Bash/Shell (all shells);Java;Python;SQL,107090.0
Australia,33.0,26.0,26.0,Data or business analyst,45-54 years old,Some college/university study without earning a degree,C#;SQL,92545.0
Australia,10.0,10.0,36.0,Data or business analyst,55-64 years old,"Master’s degree (M.A., M.S., M.Eng., MBA, etc.)",HTML/CSS;JavaScript;Python;SQL;VBA,105766.0
Poland,8.0,3.0,3.0,"Engineer, data",25-34 years old,"Bachelor’s degree (B.A., B.S., B.Eng., etc.)",Python;SQL,28711.0
United Kingdom of Great Britain and Northern Ireland,8.0,7.0,7.0,Data scientist or machine learning specialist,25-34 years old,"Master’s degree (M.A., M.S., M.Eng., MBA, etc.)",C;C++;Groovy;Python;Rust,74483.0
France,6.0,2.0,2.0,"Engineer, data",25-34 years old,"Master’s degree (M.A., M.S., M.Eng., MBA, etc.)",C;Dart;HTML/CSS;Java;Python;SQL,62112.0
France,13.0,3.0,,Data scientist or machine learning specialist,25-34 years old,"Master’s degree (M.A., M.S., M.Eng., MBA, etc.)",PowerShell;Python;SQL,47119.0
France,8.0,4.0,4.0,Data scientist or machine learning specialist,25-34 years old,"Master’s degree (M.A., M.S., M.Eng., MBA, etc.)",HTML/CSS;Java;JavaScript;PHP;Python;R;SQL;VBA,48940.0
United States of America,8.0,5.0,,"Engineer, data",35-44 years old,"Bachelor’s degree (B.A., B.S., B.Eng., etc.)",C#;SQL,140000.0
Spain,14.0,8.0,9.0,Data scientist or machine learning specialist,35-44 years old,"Professional degree (JD, MD, Ph.D, Ed.D, etc.)",Python,48190.0
United Kingdom of Great Britain and Northern Ireland,8.0,3.0,3.0,Data scientist or machine learning specialist,25-34 years old,"Master’s degree (M.A., M.S., M.Eng., MBA, etc.)",Bash/Shell (all shells);JavaScript;Python,111724.0
Switzerland,15.0,5.0,,Data scientist or machine learning specialist,35-44 years old,"Master’s degree (M.A., M.S., M.Eng., MBA, etc.)",Bash/Shell (all shells);C#;C++;JavaScript;Python;R,143281.0
United Kingdom of Great Britain and Northern Ireland,10.0,7.0,6.0,"Engineer, data",25-34 years old,"Bachelor’s degree (B.A., B.S., B.Eng., etc.)",Python;Rust;Scala,86897.0
Netherlands,17.0,14.0,14.0,"Engineer, data",35-44 years old,"Master’s degree (M.A., M.S., M.Eng., MBA, etc.)",Bash/Shell (all shells);Java;JavaScript;Python;SQL,98522.0
Spain,6.0,1.0,1.0,Data scientist or machine learning specialist,18-24 years old,"Bachelor’s degree (B.A., B.S., B.Eng., etc.)",Bash/Shell (all shells);C#;Dart;Groovy;Java;Python;SQL,33198.0
Germany,3.0,2.0,5.0,Data scientist or machine learning specialist,25-34 years old,"Master’s degree (M.A., M.S., M.Eng., MBA, etc.)",Bash/Shell (all shells);PowerShell;Python,74963.0
Other,3.0,1.0,1.0,Data scientist or machine learning specialist,18-24 years old,"Master’s degree (M.A., M.S., M.Eng., MBA, etc.)",F#;HTML/CSS;JavaScript;PowerShell;Python;R;SQL;TypeScript,53545.0
Netherlands,10.0,5.0,,Data scientist or machine learning specialist,25-34 years old,"Professional degree (JD, MD, Ph.D, Ed.D, etc.)",Assembly;Bash/Shell (all shells);C;C#;C++;Fortran;HTML/CSS;MATLAB;Objective-C;Python;R;SQL;Visual Basic (.Net),53545.0
United States of America,8.0,4.0,5.0,"Engineer, data",25-34 years old,"Master’s degree (M.A., M.S., M.Eng., MBA, etc.)",HTML/CSS;Java;JavaScript;Scala;SQL,120000.0
United States of America,25.0,25.0,25.0,Data or business analyst,45-54 years old,"Professional degree (JD, MD, Ph.D, Ed.D, etc.)",MATLAB;Python;R;SQL;Visual Basic (.Net),90000.0
United Kingdom of Great Britain and Northern Ireland,20.0,10.0,,Data scientist or machine learning specialist,35-44 years old,"Master’s degree (M.A., M.S., M.Eng., MBA, etc.)",R,141207.0
Belgium,10.0,7.0,,Data scientist or machine learning specialist,35-44 years old,"Master’s degree (M.A., M.S., M.Eng., MBA, etc.)",Python,74963.0
Australia,6.0,1.0,15.0,Data or business analyst,35-44 years old,"Master’s degree (M.A., M.S., M.Eng., MBA, etc.)",Python;R;SAS;SQL,39662.0
India,15.0,8.0,,Scientist,25-34 years old,"Professional degree (JD, MD, Ph.D, Ed.D, etc.)",Python,66643.0
Spain,5.0,3.0,3.0,Data or business analyst,25-34 years old,"Associate degree (A.A., A.S., etc.)",Bash/Shell (all shells);HTML/CSS;Java;JavaScript;Python;TypeScript,34269.0
Netherlands,5.0,3.0,,"Engineer, data",25-34 years old,"Master’s degree (M.A., M.S., M.Eng., MBA, etc.)",C#;Java;Python,69608.0
Italy,31.0,27.0,27.0,"Engineer, data",45-54 years old,"Bachelor’s degree (B.A., B.S., B.Eng., etc.)",Bash/Shell (all shells);Go;Python;SQL;Zig,64254.0
Germany,6.0,4.0,5.0,"Engineer, data",25-34 years old,"Master’s degree (M.A., M.S., M.Eng., MBA, etc.)",Bash/Shell (all shells);Python,85672.0
Other,10.0,5.0,4.0,"Engineer, data",25-34 years old,"Master’s degree (M.A., M.S., M.Eng., MBA, etc.)",Python;SQL,42836.0
France,20.0,15.0,,Data scientist or machine learning specialist,35-44 years old,"Professional degree (JD, MD, Ph.D, Ed.D, etc.)",Bash/Shell (all shells);Python,160634.0
Canada,17.0,2.0,2.0,Scientist,25-34 years old,"Professional degree (JD, MD, Ph.D, Ed.D, etc.)",C;C++;Python,78069.0
Other,24.0,22.0,22.0,"Engineer, data",35-44 years old,"Associate degree (A.A., A.S., etc.)",C;Python;Visual Basic (.Net),36310.0
Other,22.0,20.0,,Data or business analyst,35-44 years old,"Bachelor’s degree (B.A., B.S., B.Eng., etc.)",C++;HTML/CSS;Java;JavaScript;PHP,20705.0
Other,8.0,6.0,,Data scientist or machine learning specialist,35-44 years old,"Master’s degree (M.A., M.S., M.Eng., MBA, etc.)",Python,85672.0
Spain,9.0,2.0,2.0,Data scientist or machine learning specialist,25-34 years old,"Master’s degree (M.A., M.S., M.Eng., MBA, etc.)",Bash/Shell (all shells);C++;Python;SQL,32127.0
Netherlands,13.0,13.0,13.0,"Engineer, data",35-44 years old,"Master’s degree (M.A., M.S., M.Eng., MBA, etc.)",C#;SQL,48190.0
United Kingdom of Great Britain and Northern Ireland,20.0,20.0,25.0,"Engineer, data",35-44 years old,Some college/university study without earning a degree,Bash/Shell (all shells);JavaScript;Python;SQL;TypeScript,109242.0
Austria,8.0,4.0,8.0,Scientist,25-34 years old,"Master’s degree (M.A., M.S., M.Eng., MBA, etc.)",HTML/CSS;JavaScript;Python;Rust,46049.0
United States of America,5.0,4.0,4.0,"Engineer, data",25-34 years old,"Bachelor’s degree (B.A., B.S., B.Eng., etc.)",JavaScript;Python;SQL;TypeScript,150000.0
Other,20.0,13.0,,"Engineer, data",35-44 years old,"Master’s degree (M.A., M.S., M.Eng., MBA, etc.)",C#;Go;Java;SQL;TypeScript,67869.0
Poland,10.0,8.0,8.0,"Engineer, data",25-34 years old,"Bachelor’s degree (B.A., B.S., B.Eng., etc.)",Java;Scala;SQL,83742.0
Germany,13.0,13.0,13.0,"Engineer, data",35-44 years old,"Master’s degree (M.A., M.S., M.Eng., MBA, etc.)",Python,44978.0
United Kingdom of Great Britain and Northern Ireland,2.0,1.0,2.0,"Engineer, data",18-24 years old,"Bachelor’s degree (B.A., B.S., B.Eng., etc.)",Bash/Shell (all shells);PowerShell;Python;SQL,55862.0
Sweden,20.0,8.0,,Data scientist or machine learning specialist,25-34 years old,"Master’s degree (M.A., M.S., M.Eng., MBA, etc.)",C++;JavaScript;Python,49756.0
Finland,11.0,11.0,5.0,Data scientist or machine learning specialist,25-34 years old,"Master’s degree (M.A., M.S., M.Eng., MBA, etc.)",Assembly;Bash/Shell (all shells);C;C++;Dart;HTML/CSS;Java;JavaScript;MATLAB;PHP;Python;SQL;TypeScript,55687.0
Germany,15.0,10.0,15.0,Data scientist or machine learning specialist,45-54 years old,"Professional degree (JD, MD, Ph.D, Ed.D, etc.)",Bash/Shell (all shells);Java;Python;R,91026.0
Spain,12.0,8.0,8.0,"Engineer, data",25-34 years old,"Bachelor’s degree (B.A., B.S., B.Eng., etc.)",Bash/Shell (all shells);Lua;Python;SQL,91026.0
France,7.0,2.0,2.0,Data scientist or machine learning specialist,18-24 years old,"Master’s degree (M.A., M.S., M.Eng., MBA, etc.)",C;C#;C++;HTML/CSS;JavaScript;Python,59970.0
Poland,25.0,20.0,20.0,Data scientist or machine learning specialist,35-44 years old,"Master’s degree (M.A., M.S., M.Eng., MBA, etc.)",Bash/Shell (all shells);Python,102883.0
United Kingdom of Great Britain and Northern Ireland,12.0,8.0,9.0,Data scientist or machine learning specialist,35-44 years old,"Professional degree (JD, MD, Ph.D, Ed.D, etc.)",Bash/Shell (all shells);C++;HTML/CSS;Julia;Kotlin;MATLAB;Python;R,191173.0
Brazil,17.0,13.0,,Data scientist or machine learning specialist,35-44 years old,"Professional degree (JD, MD, Ph.D, Ed.D, etc.)",Python;SQL,27504.0
Spain,6.0,5.0,8.0,Data scientist or machine learning specialist,35-44 years old,"Professional degree (JD, MD, Ph.D, Ed.D, etc.)",Bash/Shell (all shells);HTML/CSS;Python;R;SQL,38552.0
Brazil,15.0,9.0,10.0,Data or business analyst,25-34 years old,"Master’s degree (M.A., M.S., M.Eng., MBA, etc.)",HTML/CSS;JavaScript;Python;SQL,64920.0
United States of America,15.0,12.0,,Scientist,25-34 years old,"Professional degree (JD, MD, Ph.D, Ed.D, etc.)",Assembly;Bash/Shell (all shells);C;C++;Fortran;Haskell;HTML/CSS;JavaScript;Julia;Lisp;MATLAB;Perl;PHP;Python;R;SQL,165000.0
United Kingdom of Great Britain and Northern Ireland,10.0,6.0,,Data scientist or machine learning specialist,25-34 years old,"Master’s degree (M.A., M.S., M.Eng., MBA, etc.)",Python,74483.0
United Kingdom of Great Britain and Northern Ireland,9.0,7.0,,Scientist,25-34 years old,"Master’s degree (M.A., M.S., M.Eng., MBA, etc.)",C#;Dart;HTML/CSS;JavaScript;Python,69517.0
United States of America,20.0,15.0,,"Engineer, data",25-34 years old,"Associate degree (A.A., A.S., etc.)",Python,205000.0
United States of America,18.0,14.0,,Data scientist or machine learning specialist,35-44 years old,"Professional degree (JD, MD, Ph.D, Ed.D, etc.)",C++;Python,160000.0
United Kingdom of Great Britain and Northern Ireland,12.0,5.0,,Data scientist or machine learning specialist,25-34 years old,"Master’s degree (M.A., M.S., M.Eng., MBA, etc.)",Python,291725.0
Germany,4.0,1.0,,Data or business analyst,25-34 years old,"Master’s degree (M.A., M.S., M.Eng., MBA, etc.)",JavaScript;Python;R;SQL,3695.0
United Kingdom of Great Britain and Northern Ireland,24.0,14.0,16.0,Data scientist or machine learning specialist,35-44 years old,"Professional degree (JD, MD, Ph.D, Ed.D, etc.)",Bash/Shell (all shells);JavaScript;Python,144599.0
United Kingdom of Great Britain and Northern Ireland,2.0,0.5,1.0,Data or business analyst,18-24 years old,"Master’s degree (M.A., M.S., M.Eng., MBA, etc.)",HTML/CSS;Python;R;SQL,37862.0
Other,10.0,6.0,6.0,Data scientist or machine learning specialist,25-34 years old,"Master’s degree (M.A., M.S., M.Eng., MBA, etc.)",JavaScript;Python;SQL,36783.0
United States of America,5.0,3.0,,Scientist,35-44 years old,"Professional degree (JD, MD, Ph.D, Ed.D, etc.)",Java;Python,125000.0
Other,10.0,4.0,4.0,Data scientist or machine learning specialist,25-34 years old,"Master’s degree (M.A., M.S., M.Eng., MBA, etc.)",Assembly;Bash/Shell (all shells);C;C++;Java;Python;Rust,31056.0
United Kingdom of Great Britain and Northern Ireland,6.0,3.0,4.0,"Engineer, data",25-34 years old,"Bachelor’s degree (B.A., B.S., B.Eng., etc.)",Python;SQL,86897.0
Brazil,14.0,2.0,,Data scientist or machine learning specialist,25-34 years old,"Master’s degree (M.A., M.S., M.Eng., MBA, etc.)",C;C++;Java;Python,24345.0
United States of America,42.0,23.0,,Data or business analyst,45-54 years old,"Master’s degree (M.A., M.S., M.Eng., MBA, etc.)",Assembly;Bash/Shell (all shells);Python;R;Rust;SQL;VBA,150000.0
Brazil,13.0,1.0,1.0,Data scientist or machine learning specialist,25-34 years old,"Professional degree (JD, MD, Ph.D, Ed.D, etc.)",Python;SQL,38952.0
Austria,12.0,4.0,4.0,Scientist,25-34 years old,"Master’s degree (M.A., M.S., M.Eng., MBA, etc.)",Assembly;Bash/Shell (all shells);C;C#;C++;HTML/CSS;Java;JavaScript;MATLAB;Python;SQL;Swift;Visual Basic (.Net),53545.0
United Kingdom of Great Britain and Northern Ireland,2.0,1.0,2.0,Data or business analyst,25-34 years old,"Master’s degree (M.A., M.S., M.Eng., MBA, etc.)",PowerShell;Python;VBA,43448.0
Germany,11.0,6.0,6.0,"Engineer, data",25-34 years old,"Bachelor’s degree (B.A., B.S., B.Eng., etc.)",Bash/Shell (all shells);Lua;Python;SQL,96381.0
United Kingdom of Great Britain and Northern Ireland,32.0,30.0,,"Engineer, data",45-54 years old,"Master’s degree (M.A., M.S., M.Eng., MBA, etc.)",JavaScript;PowerShell;Python;SQL,67035.0
France,10.0,10.0,21.0,Data or business analyst,35-44 years old,"Secondary school (e.g. American high school, German Realschule or Gymnasium, etc.)",PowerShell;Python;SQL,42836.0
United Kingdom of Great Britain and Northern Ireland,2.0,0.5,0.0,"Engineer, data",18-24 years old,"Master’s degree (M.A., M.S., M.Eng., MBA, etc.)",Bash/Shell (all shells);HTML/CSS;Java;JavaScript;Python;SQL;TypeScript;VBA,43448.0
Brazil,7.0,7.0,8.0,Data or business analyst,25-34 years old,"Master’s degree (M.A., M.S., M.Eng., MBA, etc.)",HTML/CSS;R;SQL,25055.0
Other,10.0,9.0,10.0,Data scientist or machine learning specialist,25-34 years old,"Master’s degree (M.A., M.S., M.Eng., MBA, etc.)",JavaScript;Python;SQL;Swift,66368.0
United States of America,7.0,7.0,,"Engineer, data",25-34 years old,"Bachelor’s degree (B.A., B.S., B.Eng., etc.)",Java;SQL;TypeScript,280000.0
Other,15.0,13.0,12.0,"Engineer, data",25-34 years old,"Master’s degree (M.A., M.S., M.Eng., MBA, etc.)",Clojure;HTML/CSS;Lisp;Python;SQL,69394.0
Other,15.0,15.0,20.0,"Engineer, data",35-44 years old,"Bachelor’s degree (B.A., B.S., B.Eng., etc.)",Bash/Shell (all shells);HTML/CSS;JavaScript;PowerShell;Python;SQL;VBA;Visual Basic (.Net),38904.0
Canada,10.0,9.0,10.0,"Engineer, data",55-64 years old,"Bachelor’s degree (B.A., B.S., B.Eng., etc.)",C#;Python,100374.0
United States of America,9.0,7.0,12.0,Data scientist or machine learning specialist,35-44 years old,"Master’s degree (M.A., M.S., M.Eng., MBA, etc.)",Go;Java;Python;R;Scala;SQL,280000.0
United Kingdom of Great Britain and Northern Ireland,7.0,5.0,10.0,Data scientist or machine learning specialist,25-34 years old,"Master’s degree (M.A., M.S., M.Eng., MBA, etc.)",Python;SQL,105517.0
United States of America,17.0,15.0,15.0,"Engineer, data",35-44 years old,"Bachelor’s degree (B.A., B.S., B.Eng., etc.)",JavaScript;Python;R;SQL,210000.0
United States of America,13.0,12.0,13.0,"Engineer, data",35-44 years old,"Master’s degree (M.A., M.S., M.Eng., MBA, etc.)",Bash/Shell (all shells);C#;F#;JavaScript;PowerShell;Python;SQL;TypeScript,260000.0
United States of America,8.0,7.0,8.0,"Engineer, data",45-54 years old,"Bachelor’s degree (B.A., B.S., B.Eng., etc.)",C#;HTML/CSS;JavaScript;Python;R;SQL;VBA,130000.0
Poland,10.0,8.0,12.0,Data scientist or machine learning specialist,25-34 years old,"Master’s degree (M.A., M.S., M.Eng., MBA, etc.)",Ada;Assembly;Bash/Shell (all shells);C;C#;C++;Delphi;Fortran;Haskell;HTML/CSS;Java;JavaScript;Lua;MATLAB;Objective-C;Perl;PHP;PowerShell;Prolog;Python;R;Ruby;SAS;SQL;TypeScript;VBA;Visual Basic (.Net),31104.0
United States of America,12.0,8.0,,"Engineer, data",25-34 years old,"Bachelor’s degree (B.A., B.S., B.Eng., etc.)",Python;SQL,120000.0
Canada,3.0,2.0,3.0,Data or business analyst,25-34 years old,"Master’s degree (M.A., M.S., M.Eng., MBA, etc.)",HTML/CSS;PowerShell;Python;R;SQL,74351.0
United States of America,16.0,6.0,6.0,Data scientist or machine learning specialist,25-34 years old,"Professional degree (JD, MD, Ph.D, Ed.D, etc.)",Bash/Shell (all shells);Python;Scala;SQL;Swift,250000.0
United States of America,12.0,6.0,10.0,Data scientist or machine learning specialist,25-34 years old,"Master’s degree (M.A., M.S., M.Eng., MBA, etc.)",Python;SQL,100000.0
Denmark,8.0,2.0,,"Engineer, data",25-34 years old,"Master’s degree (M.A., M.S., M.Eng., MBA, etc.)",C;C#;C++;Go;HTML/CSS;Java;MATLAB;Python;TypeScript,71892.0
Germany,17.0,7.0,,Data scientist or machine learning specialist,35-44 years old,"Professional degree (JD, MD, Ph.D, Ed.D, etc.)",Python,89955.0
United States of America,8.0,6.0,,"Engineer, data",25-34 years old,"Bachelor’s degree (B.A., B.S., B.Eng., etc.)",Java;Python;SQL;TypeScript,140000.0
Other,12.0,6.0,10.0,Data scientist or machine learning specialist,35-44 years old,"Bachelor’s degree (B.A., B.S., B.Eng., etc.)",Python;R;SQL,1548.0
United States of America,15.0,15.0,,Scientist,45-54 years old,"Master’s degree (M.A., M.S., M.Eng., MBA, etc.)",Dart;HTML/CSS;JavaScript;Python;R;SQL;Swift;VBA,200000.0
United States of America,3.0,3.0,,Data or business analyst,35-44 years old,"Master’s degree (M.A., M.S., M.Eng., MBA, etc.)",R;SQL,100000.0
United States of America,10.0,7.0,8.0,"Engineer, data",25-34 years old,"Bachelor’s degree (B.A., B.S., B.Eng., etc.)",Bash/Shell (all shells);JavaScript;Python;R;SQL;TypeScript,200000.0
United States of America,20.0,20.0,20.0,Data scientist or machine learning specialist,45-54 years old,"Bachelor’s degree (B.A., B.S., B.Eng., etc.)",Python;SQL,120000.0
Other,15.0,3.0,36.0,"Engineer, data",55-64 years old,"Bachelor’s degree (B.A., B.S., B.Eng., etc.)",C;HTML/CSS;Java;JavaScript;MATLAB;Python;VBA,9850.0
United States of America,4.0,4.0,,Data or business analyst,25-34 years old,"Master’s degree (M.A., M.S., M.Eng., MBA, etc.)",Python;SQL,109000.0
United States of America,17.0,11.0,11.0,Scientist,35-44 years old,"Bachelor’s degree (B.A., B.S., B.Eng., etc.)",C#;JavaScript;PowerShell;Python;SQL,150000.0
United States of America,7.0,0.5,,Data scientist or machine learning specialist,25-34 years old,"Bachelor’s degree (B.A., B.S., B.Eng., etc.)",Bash/Shell (all shells);Python;SQL,58000.0
United States of America,28.0,24.0,25.0,Scientist,45-54 years old,"Master’s degree (M.A., M.S., M.Eng., MBA, etc.)",Bash/Shell (all shells);Perl;Python;R;SQL,130000.0
United States of America,16.0,4.0,,Scientist,25-34 years old,"Professional degree (JD, MD, Ph.D, Ed.D, etc.)",C#;Dart;HTML/CSS;Java;JavaScript;MATLAB;PHP;Python;SQL,107000.0
United States of America,6.0,0.5,1.0,Data scientist or machine learning specialist,18-24 years old,"Master’s degree (M.A., M.S., M.Eng., MBA, etc.)",Python,74000.0
Austria,7.0,2.0,2.0,Data scientist or machine learning specialist,25-34 years old,"Master’s degree (M.A., M.S., M.Eng., MBA, etc.)",Bash/Shell (all shells);C++;JavaScript;Python;Swift,58899.0
Other,12.0,12.0,12.0,"Engineer, data",35-44 years old,"Associate degree (A.A., A.S., etc.)",Python;SQL,31486.0
United States of America,35.0,35.0,35.0,Data or business analyst,55-64 years old,Some college/university study without earning a degree,Bash/Shell (all shells);C#;PowerShell;SQL,250000.0
United States of America,20.0,13.0,19.0,"Engineer, data",35-44 years old,"Associate degree (A.A., A.S., etc.)",Bash/Shell (all shells);Go;HTML/CSS;JavaScript;Python;SQL,205000.0
Netherlands,16.0,12.0,12.0,"Engineer, data",35-44 years old,"Bachelor’s degree (B.A., B.S., B.Eng., etc.)",Bash/Shell (all shells);C#;Python;R;Scala;SQL,85672.0
United Kingdom of Great Britain and Northern Ireland,6.0,3.0,3.0,Data scientist or machine learning specialist,25-34 years old,"Master’s degree (M.A., M.S., M.Eng., MBA, etc.)",Bash/Shell (all shells);HTML/CSS;Java;JavaScript;Python;R;SAS;SQL,86897.0
France,10.0,3.0,3.0,Data scientist or machine learning specialist,25-34 years old,"Master’s degree (M.A., M.S., M.Eng., MBA, etc.)",Python,53545.0
Other,21.0,7.0,7.0,Data scientist or machine learning specialist,35-44 years old,"Master’s degree (M.A., M.S., M.Eng., MBA, etc.)",Python;R;SQL,62489.0
Canada,25.0,18.0,18.0,Data scientist or machine learning specialist,35-44 years old,"Master’s degree (M.A., M.S., M.Eng., MBA, etc.)",Python,208478.0
United States of America,4.0,4.0,10.0,Data scientist or machine learning specialist,35-44 years old,"Professional degree (JD, MD, Ph.D, Ed.D, etc.)",Python,110000.0
United States of America,5.0,0.5,1.0,Data or business analyst,18-24 years old,"Master’s degree (M.A., M.S., M.Eng., MBA, etc.)",Python;R;SQL;VBA,50000.0
United States of America,10.0,5.0,29.0,Data or business analyst,45-54 years old,"Bachelor’s degree (B.A., B.S., B.Eng., etc.)",Bash/Shell (all shells);PowerShell;R;SQL,70000.0
Germany,14.0,8.0,8.0,"Engineer, data",25-34 years old,"Master’s degree (M.A., M.S., M.Eng., MBA, etc.)",Python;Scala;SQL,78175.0
United States of America,21.0,11.0,11.0,"Engineer, data",35-44 years old,"Master’s degree (M.A., M.S., M.Eng., MBA, etc.)",Bash/Shell (all shells);HTML/CSS;Java;JavaScript;Python,135000.0
United States of America,8.0,7.0,8.0,Data scientist or machine learning specialist,45-54 years old,"Master’s degree (M.A., M.S., M.Eng., MBA, etc.)",HTML/CSS;Python;R;SQL,197500.0
United States of America,20.0,10.0,10.0,Scientist,35-44 years old,"Professional degree (JD, MD, Ph.D, Ed.D, etc.)",Bash/Shell (all shells);C++;HTML/CSS;JavaScript;Lisp;MATLAB;Objective-C;Python,160000.0
Sweden,7.0,5.0,8.0,"Engineer, data",25-34 years old,"Master’s degree (M.A., M.S., M.Eng., MBA, etc.)",Bash/Shell (all shells);Go;JavaScript;PowerShell;Python;SQL,78320.0
Other,5.0,3.0,,Data scientist or machine learning specialist,35-44 years old,"Master’s degree (M.A., M.S., M.Eng., MBA, etc.)",Bash/Shell (all shells);HTML/CSS;JavaScript;Python,13044.0
United States of America,15.0,13.0,13.0,"Engineer, data",35-44 years old,"Bachelor’s degree (B.A., B.S., B.Eng., etc.)",PowerShell;Python;SQL,116000.0
Austria,7.0,2.0,2.0,Data scientist or machine learning specialist,25-34 years old,"Master’s degree (M.A., M.S., M.Eng., MBA, etc.)",Bash/Shell (all shells);Kotlin;PowerShell;Python;Rust;SQL,58899.0
Germany,15.0,10.0,10.0,"Engineer, data",25-34 years old,"Master’s degree (M.A., M.S., M.Eng., MBA, etc.)",Bash/Shell (all shells);Python;SQL,101735.0
United States of America,13.0,13.0,,Data or business analyst,35-44 years old,Some college/university study without earning a degree,VBA,81000.0
United States of America,17.0,13.0,,Data scientist or machine learning specialist,35-44 years old,"Bachelor’s degree (B.A., B.S., B.Eng., etc.)",Bash/Shell (all shells);Java;Perl;Python;SQL,181000.0
Brazil,10.0,10.0,,Data or business analyst,35-44 years old,"Master’s degree (M.A., M.S., M.Eng., MBA, etc.)",R;VBA,47465.0
United States of America,7.0,5.0,7.0,Data scientist or machine learning specialist,25-34 years old,"Bachelor’s degree (B.A., B.S., B.Eng., etc.)",HTML/CSS;Lua;Python;R;SQL,90000.0
Other,11.0,8.0,8.0,Data scientist or machine learning specialist,25-34 years old,"Bachelor’s degree (B.A., B.S., B.Eng., etc.)",Python,88000.0
United States of America,10.0,7.0,10.0,Data or business analyst,35-44 years old,"Associate degree (A.A., A.S., etc.)",C#;JavaScript;PowerShell;Python;VBA;Visual Basic (.Net),92000.0
Finland,15.0,12.0,12.0,"Engineer, data",25-34 years old,"Bachelor’s degree (B.A., B.S., B.Eng., etc.)",Bash/Shell (all shells);C#;Java;JavaScript;PowerShell;Python;R;SQL,73892.0
United States of America,20.0,10.0,18.0,Data scientist or machine learning specialist,35-44 years old,"Master’s degree (M.A., M.S., M.Eng., MBA, etc.)",Bash/Shell (all shells);R;SQL,367000.0
United States of America,20.0,10.0,16.0,Data or business analyst,35-44 years old,"Bachelor’s degree (B.A., B.S., B.Eng., etc.)",C#;Python,150000.0
United States of America,7.0,5.0,8.0,Data scientist or machine learning specialist,25-34 years old,"Professional degree (JD, MD, Ph.D, Ed.D, etc.)",Bash/Shell (all shells);HTML/CSS;MATLAB;Python;R;SQL,225000.0
Germany,10.0,7.0,8.0,"Engineer, data",35-44 years old,"Professional degree (JD, MD, Ph.D, Ed.D, etc.)",C++;Java;Lisp;MATLAB;Python;R;SQL,94239.0
United States of America,10.0,5.0,,Data or business analyst,35-44 years old,"Master’s degree (M.A., M.S., M.Eng., MBA, etc.)",Python;SQL,200000.0
United States of America,13.0,8.0,10.0,Data scientist or machine learning specialist,25-34 years old,"Master’s degree (M.A., M.S., M.Eng., MBA, etc.)",Python;R;SQL,120000.0
United States of America,32.0,7.0,,"Engineer, data",45-54 years old,"Bachelor’s degree (B.A., B.S., B.Eng., etc.)",Bash/Shell (all shells);HTML/CSS;Java;JavaScript;Python;SQL,195000.0
United States of America,15.0,13.0,20.0,"Engineer, data",25-34 years old,Some college/university study without earning a degree,HTML/CSS;JavaScript;PHP;Python;SQL;TypeScript,150000.0
United States of America,40.0,34.0,34.0,Data or business analyst,55-64 years old,"Bachelor’s degree (B.A., B.S., B.Eng., etc.)",Bash/Shell (all shells);C++;HTML/CSS;JavaScript;PHP;R;SQL,125000.0
Denmark,12.0,6.0,6.0,Data scientist or machine learning specialist,25-34 years old,"Master’s degree (M.A., M.S., M.Eng., MBA, etc.)",Bash/Shell (all shells);C;C++;Python;Swift,72468.0
United States of America,5.0,4.0,,Data scientist or machine learning specialist,25-34 years old,"Master’s degree (M.A., M.S., M.Eng., MBA, etc.)",HTML/CSS;JavaScript;Python;SQL,85000.0
Canada,12.0,8.0,,Data scientist or machine learning specialist,25-34 years old,"Master’s degree (M.A., M.S., M.Eng., MBA, etc.)",JavaScript;Python;SQL,148703.0
United States of America,7.0,4.0,7.0,Data scientist or machine learning specialist,25-34 years old,"Bachelor’s degree (B.A., B.S., B.Eng., etc.)",Python;R;SQL,170000.0
Italy,14.0,2.0,2.0,Data scientist or machine learning specialist,25-34 years old,"Master’s degree (M.A., M.S., M.Eng., MBA, etc.)",Python,31056.0
United States of America,15.0,13.0,14.0,"Engineer, data",35-44 years old,"Bachelor’s degree (B.A., B.S., B.Eng., etc.)",Java,165000.0
United States of America,25.0,22.0,24.0,"Engineer, data",45-54 years old,"Master’s degree (M.A., M.S., M.Eng., MBA, etc.)",Bash/Shell (all shells);HTML/CSS;Java;JavaScript;PowerShell;Scala;SQL,252000.0
United Kingdom of Great Britain and Northern Ireland,27.0,19.0,,Data scientist or machine learning specialist,35-44 years old,"Master’s degree (M.A., M.S., M.Eng., MBA, etc.)",Python,127862.0
Other,20.0,8.0,,"Engineer, data",35-44 years old,"Master’s degree (M.A., M.S., M.Eng., MBA, etc.)",Bash/Shell (all shells);Java;Python;SQL,74963.0
United States of America,10.0,5.0,,"Engineer, data",25-34 years old,"Master’s degree (M.A., M.S., M.Eng., MBA, etc.)",Bash/Shell (all shells);Go;Kotlin;Python,270000.0
United States of America,8.0,8.0,,Data or business analyst,25-34 years old,"Master’s degree (M.A., M.S., M.Eng., MBA, etc.)",Python;SQL,137000.0
United States of America,35.0,15.0,20.0,Data or business analyst,45-54 years old,"Bachelor’s degree (B.A., B.S., B.Eng., etc.)",Bash/Shell (all shells);HTML/CSS;JavaScript;PHP;Python;SQL,83000.0
United Kingdom of Great Britain and Northern Ireland,24.0,15.0,15.0,Data scientist or machine learning specialist,35-44 years old,"Professional degree (JD, MD, Ph.D, Ed.D, etc.)",Nim;Python;R,124138.0
United States of America,4.0,2.0,,Data or business analyst,25-34 years old,"Bachelor’s degree (B.A., B.S., B.Eng., etc.)",C#;Python;SQL,121000.0
Finland,3.0,2.0,3.0,"Engineer, data",18-24 years old,Primary/elementary school,Python;SQL,83530.0
United States of America,18.0,10.0,10.0,Scientist,25-34 years old,"Master’s degree (M.A., M.S., M.Eng., MBA, etc.)",Bash/Shell (all shells);C;C++;HTML/CSS;JavaScript;MATLAB;PowerShell;Python;TypeScript,116550.0
United States of America,15.0,7.0,7.0,Scientist,35-44 years old,"Professional degree (JD, MD, Ph.D, Ed.D, etc.)",C;C++;Julia;Python,200000.0
United States of America,12.0,8.0,4.0,Data scientist or machine learning specialist,35-44 years old,"Professional degree (JD, MD, Ph.D, Ed.D, etc.)",Python;SQL,146000.0
United States of America,12.0,8.0,8.0,Scientist,25-34 years old,"Master’s degree (M.A., M.S., M.Eng., MBA, etc.)",C;HTML/CSS;JavaScript;Python;SQL;TypeScript,120000.0
United States of America,30.0,10.0,,Data or business analyst,45-54 years old,"Bachelor’s degree (B.A., B.S., B.Eng., etc.)",HTML/CSS;JavaScript;Python;SQL,56000.0
Netherlands,17.0,10.0,,Data scientist or machine learning specialist,25-34 years old,"Bachelor’s degree (B.A., B.S., B.Eng., etc.)",Python;TypeScript,72821.0
United States of America,10.0,8.0,20.0,Data or business analyst,35-44 years old,"Master’s degree (M.A., M.S., M.Eng., MBA, etc.)",Lua;Python;R;SQL,125000.0
United States of America,6.0,4.0,4.0,Data scientist or machine learning specialist,25-34 years old,"Professional degree (JD, MD, Ph.D, Ed.D, etc.)",Julia;Python;R;SQL,70000.0
United States of America,40.0,25.0,27.0,"Engineer, data",45-54 years old,"Bachelor’s degree (B.A., B.S., B.Eng., etc.)",Bash/Shell (all shells);Python;SQL,325000.0
Spain,16.0,9.0,,Scientist,25-34 years old,"Professional degree (JD, MD, Ph.D, Ed.D, etc.)",C;C++;Fortran;Java;Julia;MATLAB;Python;Visual Basic (.Net),38552.0
Other,11.0,7.0,8.0,"Engineer, data",25-34 years old,"Bachelor’s degree (B.A., B.S., B.Eng., etc.)",C;C#;Java;PHP;R;TypeScript,48000.0
United States of America,7.0,0.5,3.0,Data or business analyst,25-34 years old,"Bachelor’s degree (B.A., B.S., B.Eng., etc.)",HTML/CSS;JavaScript;Python,66567.0
Other,3.0,2.0,3.0,Data scientist or machine learning specialist,25-34 years old,"Bachelor’s degree (B.A., B.S., B.Eng., etc.)",Python;SQL,17330.0
Germany,4.0,1.0,,"Engineer, data",25-34 years old,"Master’s degree (M.A., M.S., M.Eng., MBA, etc.)",Bash/Shell (all shells);Python;SQL,49261.0
Germany,20.0,15.0,15.0,"Engineer, data",35-44 years old,"Master’s degree (M.A., M.S., M.Eng., MBA, etc.)",Java;Scala,118441.0
Australia,20.0,10.0,10.0,Data scientist or machine learning specialist,35-44 years old,"Professional degree (JD, MD, Ph.D, Ed.D, etc.)",Bash/Shell (all shells);HTML/CSS;JavaScript;Lua;MATLAB;Python;R;SQL,112377.0
United States of America,25.0,17.0,,Data or business analyst,45-54 years old,"Master’s degree (M.A., M.S., M.Eng., MBA, etc.)",Python,190000.0
United States of America,35.0,33.0,,"Engineer, data",65 years or older,"Bachelor’s degree (B.A., B.S., B.Eng., etc.)",HTML/CSS;SQL;VBA,105000.0
United States of America,15.0,6.0,15.0,Data scientist or machine learning specialist,25-34 years old,"Professional degree (JD, MD, Ph.D, Ed.D, etc.)",Bash/Shell (all shells);C;Fortran;Haskell;Java;Kotlin;Python;Rust,83000.0
Germany,4.0,1.0,1.0,Data scientist or machine learning specialist,25-34 years old,"Master’s degree (M.A., M.S., M.Eng., MBA, etc.)",Java;JavaScript;MATLAB;PowerShell;Python;R,55687.0
United States of America,10.0,6.0,,Data scientist or machine learning specialist,35-44 years old,"Master’s degree (M.A., M.S., M.Eng., MBA, etc.)",Python;Scala;SQL,130000.0
Italy,18.0,6.0,,Scientist,35-44 years old,"Professional degree (JD, MD, Ph.D, Ed.D, etc.)",Bash/Shell (all shells);C++;Python,107090.0
United States of America,15.0,12.0,15.0,Data scientist or machine learning specialist,35-44 years old,"Bachelor’s degree (B.A., B.S., B.Eng., etc.)",C;C++;Java;JavaScript;PHP;Python;Rust;SQL;TypeScript,200000.0
United States of America,12.0,12.0,,Scientist,35-44 years old,"Master’s degree (M.A., M.S., M.Eng., MBA, etc.)",R;SAS,140000.0
Germany,37.0,32.0,32.0,"Engineer, data",45-54 years old,"Master’s degree (M.A., M.S., M.Eng., MBA, etc.)",Bash/Shell (all shells);C;C++,101735.0
Other,6.0,6.0,,Data scientist or machine learning specialist,25-34 years old,"Bachelor’s degree (B.A., B.S., B.Eng., etc.)",R;SQL,100000.0
India,8.0,0.5,0.0,Data scientist or machine learning specialist,18-24 years old,"Master’s degree (M.A., M.S., M.Eng., MBA, etc.)",Bash/Shell (all shells);C;Haskell;Julia;Lua;Python;Rust,24234.0
United States of America,4.0,3.0,3.0,Scientist,35-44 years old,"Professional degree (JD, MD, Ph.D, Ed.D, etc.)",Python;R,100000.0
United States of America,30.0,3.0,3.0,Data scientist or machine learning specialist,35-44 years old,"Bachelor’s degree (B.A., B.S., B.Eng., etc.)",Python;R;SQL;VBA,85000.0
United States of America,9.0,5.0,5.0,"Engineer, data",25-34 years old,"Master’s degree (M.A., M.S., M.Eng., MBA, etc.)",Bash/Shell (all shells);Python;SQL,118000.0
United States of America,20.0,10.0,,Scientist,35-44 years old,"Professional degree (JD, MD, Ph.D, Ed.D, etc.)",Bash/Shell (all shells);C;C++;Fortran;MATLAB;Objective-C;Python;SQL,130000.0
United States of America,17.0,11.0,15.0,Data scientist or machine learning specialist,45-54 years old,"Master’s degree (M.A., M.S., M.Eng., MBA, etc.)",Python;R,206000.0
United States of America,12.0,9.0,10.0,Data scientist or machine learning specialist,25-34 years old,"Bachelor’s degree (B.A., B.S., B.Eng., etc.)",Bash/Shell (all shells);C;C++;HTML/CSS;JavaScript;Python;SQL;TypeScript,185000.0
United States of America,13.0,9.0,9.0,"Engineer, data",35-44 years old,"Bachelor’s degree (B.A., B.S., B.Eng., etc.)",Bash/Shell (all shells);C#;HTML/CSS;Java;R;SQL,224000.0
Switzerland,13.0,7.0,7.0,Data scientist or machine learning specialist,25-34 years old,"Professional degree (JD, MD, Ph.D, Ed.D, etc.)",Bash/Shell (all shells);C++;Python,275541.0
Germany,10.0,7.0,17.0,Data scientist or machine learning specialist,25-34 years old,"Master’s degree (M.A., M.S., M.Eng., MBA, etc.)",Python,48190.0
United States of America,7.0,1.0,,Data or business analyst,35-44 years old,"Bachelor’s degree (B.A., B.S., B.Eng., etc.)",Crystal;HTML/CSS;JavaScript;PowerShell;Python;SQL,85000.0
Brazil,6.0,6.0,,"Engineer, data",25-34 years old,"Master’s degree (M.A., M.S., M.Eng., MBA, etc.)",C;Go;Java;Python;Scala,43415.0
Other,20.0,20.0,24.0,Data or business analyst,45-54 years old,"Master’s degree (M.A., M.S., M.Eng., MBA, etc.)",Bash/Shell (all shells);Python;SQL,50000.0
Other,11.0,7.0,8.0,Data scientist or machine learning specialist,25-34 years old,"Master’s degree (M.A., M.S., M.Eng., MBA, etc.)",Bash/Shell (all shells);C#;HTML/CSS;JavaScript;Python;SQL;TypeScript,68400.0
France,11.0,5.0,5.0,"Engineer, data",25-34 years old,"Master’s degree (M.A., M.S., M.Eng., MBA, etc.)",Bash/Shell (all shells);HTML/CSS;JavaScript;Kotlin;Python;SQL,40694.0
United States of America,15.0,10.0,9.0,"Engineer, data",25-34 years old,"Master’s degree (M.A., M.S., M.Eng., MBA, etc.)",Bash/Shell (all shells);C++;Groovy;Java;JavaScript;Python;Rust;SQL;TypeScript,370000.0
Other,5.0,2.0,2.0,Data scientist or machine learning specialist,25-34 years old,"Master’s degree (M.A., M.S., M.Eng., MBA, etc.)",GDScript;HTML/CSS;JavaScript;Python;R;SQL,10248.0
United Kingdom of Great Britain and Northern Ireland,6.0,5.0,2.0,Data scientist or machine learning specialist,25-34 years old,"Professional degree (JD, MD, Ph.D, Ed.D, etc.)",Bash/Shell (all shells);Python;R,59710.0
United States of America,7.0,7.0,1.0,Scientist,25-34 years old,"Professional degree (JD, MD, Ph.D, Ed.D, etc.)",Bash/Shell (all shells);Python;SQL,101000.0
Other,6.0,6.0,,Data or business analyst,18-24 years old,"Bachelor’s degree (B.A., B.S., B.Eng., etc.)",JavaScript;Python;SQL;TypeScript,13584.0
India,2.0,2.0,3.0,Data or business analyst,25-34 years old,"Master’s degree (M.A., M.S., M.Eng., MBA, etc.)",Python;R;SQL;VBA,16964.0
United States of America,31.0,27.0,27.0,"Engineer, data",45-54 years old,"Bachelor’s degree (B.A., B.S., B.Eng., etc.)",C#;PowerShell;SQL;Visual Basic (.Net),157000.0
United States of America,16.0,5.0,,Scientist,35-44 years old,"Professional degree (JD, MD, Ph.D, Ed.D, etc.)",R,125000.0
Germany,14.0,14.0,14.0,"Engineer, data",35-44 years old,"Bachelor’s degree (B.A., B.S., B.Eng., etc.)",Clojure;Go;Scala,187407.0
Other,20.0,13.0,13.0,Data scientist or machine learning specialist,35-44 years old,"Professional degree (JD, MD, Ph.D, Ed.D, etc.)",Python,63691.0
United States of America,18.0,10.0,,Data scientist or machine learning specialist,35-44 years old,"Professional degree (JD, MD, Ph.D, Ed.D, etc.)",Bash/Shell (all shells);HTML/CSS;JavaScript;R,113000.0
United States of America,30.0,15.0,,"Engineer, data",35-44 years old,"Professional degree (JD, MD, Ph.D, Ed.D, etc.)",Bash/Shell (all shells);Python;SQL,215000.0
United States of America,43.0,40.0,40.0,"Engineer, data",55-64 years old,"Bachelor’s degree (B.A., B.S., B.Eng., etc.)",Bash/Shell (all shells);C#;Go;Haskell;Java;JavaScript;Python;Ruby;Rust;Scala;SQL;TypeScript,264900.0
France,20.0,10.0,,Data scientist or machine learning specialist,25-34 years old,"Master’s degree (M.A., M.S., M.Eng., MBA, etc.)",C++;HTML/CSS;JavaScript;Python,68430.0
Brazil,9.0,4.0,4.0,"Engineer, data",25-34 years old,"Bachelor’s degree (B.A., B.S., B.Eng., etc.)",Bash/Shell (all shells);Python;SQL,42000.0
United States of America,10.0,7.0,11.0,Data scientist or machine learning specialist,35-44 years old,"Master’s degree (M.A., M.S., M.Eng., MBA, etc.)",Bash/Shell (all shells);PowerShell;R;SQL;Visual Basic (.Net),180000.0
Canada,15.0,7.0,7.0,Data scientist or machine learning specialist,35-44 years old,"Master’s degree (M.A., M.S., M.Eng., MBA, etc.)",C#;HTML/CSS;Lua;MATLAB;Python;R;SQL,81787.0
United States of America,10.0,10.0,,Data or business analyst,35-44 years old,"Bachelor’s degree (B.A., B.S., B.Eng., etc.)",JavaScript;Lua;Python;TypeScript;VBA,155000.0
Brazil,5.0,3.0,3.0,"Engineer, data",18-24 years old,Some college/university study without earning a degree,Python,14607.0
Brazil,13.0,12.0,13.0,"Engineer, data",25-34 years old,"Master’s degree (M.A., M.S., M.Eng., MBA, etc.)",Bash/Shell (all shells);C#;Go;Java;Kotlin;PowerShell;Python;SQL,71007.0
United States of America,7.0,6.0,5.0,Data scientist or machine learning specialist,35-44 years old,"Master’s degree (M.A., M.S., M.Eng., MBA, etc.)",C++;Python;R;SAS,120000.0
United States of America,5.0,3.0,9.0,Scientist,35-44 years old,"Professional degree (JD, MD, Ph.D, Ed.D, etc.)",HTML/CSS;JavaScript;PHP;Python;SQL,75000.0
United Kingdom of Great Britain and Northern Ireland,9.0,2.0,2.0,"Engineer, data",18-24 years old,"Bachelor’s degree (B.A., B.S., B.Eng., etc.)",Python;SQL;Swift,47793.0
United States of America,20.0,10.0,29.0,Data or business analyst,35-44 years old,"Master’s degree (M.A., M.S., M.Eng., MBA, etc.)",Bash/Shell (all shells);HTML/CSS;JavaScript;PowerShell;R;Ruby;SQL,77000.0
United Kingdom of Great Britain and Northern Ireland,8.0,6.0,6.0,Data scientist or machine learning specialist,25-34 years old,"Master’s degree (M.A., M.S., M.Eng., MBA, etc.)",Bash/Shell (all shells);Go;HTML/CSS;JavaScript;Python;Scala;TypeScript,99311.0
Denmark,10.0,5.0,5.0,"Engineer, data",25-34 years old,"Master’s degree (M.A., M.S., M.Eng., MBA, etc.)",Bash/Shell (all shells);C;Go;HTML/CSS;JavaScript;Python;SQL;TypeScript,102127.0
United States of America,15.0,15.0,15.0,"Engineer, data",25-34 years old,"Bachelor’s degree (B.A., B.S., B.Eng., etc.)",C++;Haskell;Python;R;Ruby;Scala;SQL,168000.0
United States of America,2.0,0.5,2.0,Data or business analyst,18-24 years old,"Associate degree (A.A., A.S., etc.)",HTML/CSS;JavaScript;Python;R;SQL,60000.0
Denmark,7.0,6.0,6.0,Data scientist or machine learning specialist,35-44 years old,"Master’s degree (M.A., M.S., M.Eng., MBA, etc.)",C++;JavaScript;Julia;Python;R;Rust;SQL,132857.0
United States of America,20.0,15.0,25.0,Data scientist or machine learning specialist,45-54 years old,"Master’s degree (M.A., M.S., M.Eng., MBA, etc.)",R;SAS;SQL,182000.0
Germany,13.0,5.0,,Data scientist or machine learning specialist,25-34 years old,"Master’s degree (M.A., M.S., M.Eng., MBA, etc.)",R;SAS;SQL,74963.0
United States of America,10.0,7.0,,Data scientist or machine learning specialist,25-34 years old,"Master’s degree (M.A., M.S., M.Eng., MBA, etc.)",C++;Go;Java;Python;R;Rust;SQL,250000.0
Other,9.0,5.0,0.0,Data scientist or machine learning specialist,25-34 years old,"Master’s degree (M.A., M.S., M.Eng., MBA, etc.)",Bash/Shell (all shells);C++;Julia;Swift,44550.0
United States of America,10.0,5.0,6.0,"Engineer, data",25-34 years old,"Master’s degree (M.A., M.S., M.Eng., MBA, etc.)",Scala,130000.0
United States of America,22.0,10.0,22.0,"Engineer, data",35-44 years old,"Bachelor’s degree (B.A., B.S., B.Eng., etc.)",Bash/Shell (all shells);C;Go;HTML/CSS;Java;Python;Scala;SQL,225000.0
United States of America,14.0,10.0,7.0,Data scientist or machine learning specialist,25-34 years old,"Bachelor’s degree (B.A., B.S., B.Eng., etc.)",Bash/Shell (all shells);C++;JavaScript;Perl;Python;SQL,315000.0
Other,14.0,8.0,9.0,Data scientist or machine learning specialist,35-44 years old,"Bachelor’s degree (B.A., B.S., B.Eng., etc.)",Python;SAS;VBA,31985.0
United States of America,12.0,10.0,12.0,"Engineer, data",25-34 years old,"Bachelor’s degree (B.A., B.S., B.Eng., etc.)",Bash/Shell (all shells);Go;Java;Python;Ruby;Scala;SQL,285000.0
United States of America,40.0,30.0,40.0,Scientist,65 years or older,"Professional degree (JD, MD, Ph.D, Ed.D, etc.)",Julia;MATLAB;Python;R;VBA,190000.0
United States of America,30.0,20.0,25.0,Scientist,45-54 years old,"Professional degree (JD, MD, Ph.D, Ed.D, etc.)",Bash/Shell (all shells);C#;Python,280000.0
United Kingdom of Great Britain and Northern Ireland,10.0,6.0,,"Engineer, data",25-34 years old,"Bachelor’s degree (B.A., B.S., B.Eng., etc.)",Bash/Shell (all shells);HTML/CSS;JavaScript;Python;SQL,105517.0
Canada,10.0,9.0,,Data scientist or machine learning specialist,25-34 years old,"Master’s degree (M.A., M.S., M.Eng., MBA, etc.)",Python;SQL;TypeScript,137550.0
United States of America,30.0,15.0,,Data or business analyst,35-44 years old,Some college/university study without earning a degree,Python;SQL;VBA,105000.0
United States of America,12.0,3.0,3.0,Data or business analyst,25-34 years old,"Master’s degree (M.A., M.S., M.Eng., MBA, etc.)",Python;R;SQL,103440.0
United States of America,6.0,5.0,,Data scientist or machine learning specialist,35-44 years old,"Bachelor’s degree (B.A., B.S., B.Eng., etc.)",Bash/Shell (all shells);Python;SQL,131000.0
France,10.0,4.0,4.0,"Engineer, data",25-34 years old,"Master’s degree (M.A., M.S., M.Eng., MBA, etc.)",Bash/Shell (all shells);Groovy;Java;Python;Scala;SQL,85672.0
United States of America,12.0,10.0,10.0,"Engineer, data",25-34 years old,"Master’s degree (M.A., M.S., M.Eng., MBA, etc.)",Python;Scala;SQL,140000.0
Germany,7.0,2.0,2.0,Scientist,25-34 years old,"Master’s degree (M.A., M.S., M.Eng., MBA, etc.)",C++;Python,69608.0
Spain,7.0,7.0,,Data scientist or machine learning specialist,45-54 years old,"Bachelor’s degree (B.A., B.S., B.Eng., etc.)",R;SQL,99593.0
Other,12.0,10.0,,Data scientist or machine learning specialist,35-44 years old,"Master’s degree (M.A., M.S., M.Eng., MBA, etc.)",Python,64254.0
United States of America,10.0,8.0,,Data scientist or machine learning specialist,45-54 years old,"Master’s degree (M.A., M.S., M.Eng., MBA, etc.)",Python,180000.0
United States of America,23.0,22.0,23.0,"Engineer, data",45-54 years old,"Bachelor’s degree (B.A., B.S., B.Eng., etc.)",PowerShell;SQL,145000.0
Other,8.0,4.0,,Data or business analyst,25-34 years old,"Professional degree (JD, MD, Ph.D, Ed.D, etc.)",HTML/CSS;JavaScript;Python;R;SQL,64254.0
United States of America,10.0,8.0,8.0,"Engineer, data",25-34 years old,"Associate degree (A.A., A.S., etc.)",Bash/Shell (all shells);Python;SQL,170000.0
Other,8.0,2.0,3.0,Data scientist or machine learning specialist,25-34 years old,"Master’s degree (M.A., M.S., M.Eng., MBA, etc.)",Python,58348.0
Germany,10.0,5.0,5.0,Data scientist or machine learning specialist,25-34 years old,"Master’s degree (M.A., M.S., M.Eng., MBA, etc.)",Bash/Shell (all shells);HTML/CSS;JavaScript;Python;SQL;TypeScript,83530.0
United States of America,10.0,10.0,,"Engineer, data",25-34 years old,"Bachelor’s degree (B.A., B.S., B.Eng., etc.)",Bash/Shell (all shells);Java;Python;Scala;SQL,200000.0
United Kingdom of Great Britain and Northern Ireland,2.0,1.0,1.0,Data scientist or machine learning specialist,25-34 years old,"Master’s degree (M.A., M.S., M.Eng., MBA, etc.)",Bash/Shell (all shells);Python;SQL,57724.0
United Kingdom of Great Britain and Northern Ireland,20.0,14.0,10.0,Data scientist or machine learning specialist,35-44 years old,"Professional degree (JD, MD, Ph.D, Ed.D, etc.)",Bash/Shell (all shells);C++;HTML/CSS;JavaScript;Lua;Python;SQL;TypeScript,55862.0
United States of America,7.0,1.0,1.0,"Engineer, data",18-24 years old,"Master’s degree (M.A., M.S., M.Eng., MBA, etc.)",Bash/Shell (all shells);C;C++;Java;JavaScript;Python;Rust;Scala;SQL,170000.0
Other,19.0,9.0,9.0,Data or business analyst,25-34 years old,"Bachelor’s degree (B.A., B.S., B.Eng., etc.)",C#;HTML/CSS;Java;JavaScript;SQL;VBA;Visual Basic (.Net),50332.0
United States of America,10.0,8.0,10.0,"Engineer, data",35-44 years old,"Bachelor’s degree (B.A., B.S., B.Eng., etc.)",Bash/Shell (all shells);JavaScript;Python;SQL;TypeScript,150000.0
Other,5.0,2.0,2.0,Data scientist or machine learning specialist,18-24 years old,"Bachelor’s degree (B.A., B.S., B.Eng., etc.)",Julia;Python;R;Rust,3151.0
United Kingdom of Great Britain and Northern Ireland,12.0,6.0,15.0,Data scientist or machine learning specialist,35-44 years old,"Professional degree (JD, MD, Ph.D, Ed.D, etc.)",Bash/Shell (all shells);HTML/CSS;Python;R,89379.0
United States of America,28.0,16.0,22.0,Scientist,35-44 years old,"Professional degree (JD, MD, Ph.D, Ed.D, etc.)",Bash/Shell (all shells);Python,180000.0
Israel,10.0,5.0,5.0,Data scientist or machine learning specialist,25-34 years old,"Master’s degree (M.A., M.S., M.Eng., MBA, etc.)",Python,133640.0
Other,34.0,30.0,31.0,Data scientist or machine learning specialist,45-54 years old,"Professional degree (JD, MD, Ph.D, Ed.D, etc.)",Ada;Apex;Assembly;Bash/Shell (all shells);C;Cobol;Delphi;Fortran;Go;Java;Julia;Lisp;Prolog;Python;R;SAS;Scala;SQL,107090.0
Brazil,23.0,12.0,23.0,Data scientist or machine learning specialist,35-44 years old,"Master’s degree (M.A., M.S., M.Eng., MBA, etc.)",Bash/Shell (all shells);C;C#;C++;Delphi;HTML/CSS;Java;JavaScript;Lisp;Lua;MATLAB;Perl;PHP;Python;R;SQL;VBA;Visual Basic (.Net),48690.0
United States of America,17.0,7.0,7.0,"Engineer, data",25-34 years old,"Bachelor’s degree (B.A., B.S., B.Eng., etc.)",HTML/CSS;Java;JavaScript;Ruby;Scala;SQL,211000.0
Other,9.0,2.0,2.0,Data scientist or machine learning specialist,25-34 years old,"Bachelor’s degree (B.A., B.S., B.Eng., etc.)",Bash/Shell (all shells);Python;SQL,1832.0
United States of America,8.0,6.0,,"Engineer, data",25-34 years old,"Bachelor’s degree (B.A., B.S., B.Eng., etc.)",C++,240000.0
Other,5.0,0.5,0.0,Data or business analyst,18-24 years old,Some college/university study without earning a degree,C#;HTML/CSS;JavaScript;Python;SQL;TypeScript,13079.0
Spain,20.0,16.0,16.0,Data scientist or machine learning specialist,35-44 years old,"Master’s degree (M.A., M.S., M.Eng., MBA, etc.)",Bash/Shell (all shells);Go;Python,107090.0
Other,22.0,18.0,18.0,Data scientist or machine learning specialist,35-44 years old,"Professional degree (JD, MD, Ph.D, Ed.D, etc.)",C#;Python;SQL,135919.0
Canada,16.0,13.0,,Data scientist or machine learning specialist,35-44 years old,"Master’s degree (M.A., M.S., M.Eng., MBA, etc.)",Python;R,110784.0
Germany,7.0,2.0,6.0,"Engineer, data",18-24 years old,"Bachelor’s degree (B.A., B.S., B.Eng., etc.)",Bash/Shell (all shells);Java;Python;Rust;SQL,74963.0
Austria,11.0,5.0,6.0,Data scientist or machine learning specialist,25-34 years old,"Master’s degree (M.A., M.S., M.Eng., MBA, etc.)",HTML/CSS;Python;R;SQL,64254.0
United States of America,12.0,12.0,12.0,"Engineer, data",25-34 years old,"Master’s degree (M.A., M.S., M.Eng., MBA, etc.)",Groovy;Java;JavaScript;Python;SQL,220000.0
United States of America,3.0,1.0,,Data or business analyst,18-24 years old,"Bachelor’s degree (B.A., B.S., B.Eng., etc.)",Bash/Shell (all shells);Python;R;SQL,74000.0
United States of America,15.0,10.0,,Data scientist or machine learning specialist,35-44 years old,"Professional degree (JD, MD, Ph.D, Ed.D, etc.)",Python;SQL;TypeScript,165000.0
Austria,9.0,6.0,,Scientist,18-24 years old,"Master’s degree (M.A., M.S., M.Eng., MBA, etc.)",Python;SQL,38552.0
United States of America,15.0,6.0,9.0,Data scientist or machine learning specialist,25-34 years old,"Bachelor’s degree (B.A., B.S., B.Eng., etc.)",Bash/Shell (all shells);C#;HTML/CSS;JavaScript;Lua;Python;Rust;SQL,180000.0
United States of America,25.0,23.0,,"Engineer, data",45-54 years old,"Master’s degree (M.A., M.S., M.Eng., MBA, etc.)",Bash/Shell (all shells);C++;Java;Julia;Python;Scala,155000.0
United States of America,6.0,5.0,,"Engineer, data",25-34 years old,"Master’s degree (M.A., M.S., M.Eng., MBA, etc.)",Bash/Shell (all shells);Go;Java;Python;Raku;Rust;Scala;SQL,210000.0
Other,6.0,3.0,4.0,Data scientist or machine learning specialist,18-24 years old,"Bachelor’s degree (B.A., B.S., B.Eng., etc.)",Go;Python;Rust,20130.0
United States of America,13.0,10.0,,Data scientist or machine learning specialist,25-34 years old,"Bachelor’s degree (B.A., B.S., B.Eng., etc.)",Elixir;Erlang;Python;Rust,146000.0
Other,4.0,2.0,2.0,"Engineer, data",25-34 years old,"Bachelor’s degree (B.A., B.S., B.Eng., etc.)",Python;Scala,24996.0
Brazil,13.0,6.0,15.0,Data or business analyst,35-44 years old,"Bachelor’s degree (B.A., B.S., B.Eng., etc.)",HTML/CSS;JavaScript;Python;R;SQL,12132.0
United States of America,10.0,10.0,10.0,"Engineer, data",35-44 years old,"Bachelor’s degree (B.A., B.S., B.Eng., etc.)",Python;SQL,355000.0
Netherlands,17.0,17.0,,"Engineer, data",35-44 years old,"Master’s degree (M.A., M.S., M.Eng., MBA, etc.)",Bash/Shell (all shells);JavaScript;PHP;Python;R;SQL,267724.0
United States of America,30.0,9.0,,Scientist,35-44 years old,"Master’s degree (M.A., M.S., M.Eng., MBA, etc.)",Bash/Shell (all shells);Python,100000.0
United States of America,25.0,12.0,,Scientist,35-44 years old,"Professional degree (JD, MD, Ph.D, Ed.D, etc.)",Bash/Shell (all shells);C++;Dart;MATLAB;Python;Swift,240000.0
United States of America,25.0,25.0,25.0,"Engineer, data",45-54 years old,Some college/university study without earning a degree,C#;HTML/CSS;JavaScript;PHP;Python;SQL,175000.0
Finland,10.0,8.0,3.0,"Engineer, data",35-44 years old,"Bachelor’s degree (B.A., B.S., B.Eng., etc.)",HTML/CSS;JavaScript;Python;R;SQL,48190.0
Canada,19.0,18.0,18.0,Data scientist or machine learning specialist,35-44 years old,"Professional degree (JD, MD, Ph.D, Ed.D, etc.)",Bash/Shell (all shells);Python,163573.0
United States of America,10.0,10.0,,Data or business analyst,35-44 years old,"Master’s degree (M.A., M.S., M.Eng., MBA, etc.)",Bash/Shell (all shells);PowerShell;SQL;VBA,102000.0
Poland,9.0,8.0,8.0,"Engineer, data",25-34 years old,"Bachelor’s degree (B.A., B.S., B.Eng., etc.)",Bash/Shell (all shells);C++;Groovy;Java;Kotlin;Python;SQL,66036.0
United States of America,15.0,15.0,,"Engineer, data",45-54 years old,"Bachelor’s degree (B.A., B.S., B.Eng., etc.)",C#;C++;JavaScript;Lua;Python;SQL,215000.0
United States of America,35.0,15.0,,Data or business analyst,45-54 years old,"Bachelor’s degree (B.A., B.S., B.Eng., etc.)",SQL;VBA,102000.0
Israel,4.0,3.0,4.0,"Engineer, data",25-34 years old,"Master’s degree (M.A., M.S., M.Eng., MBA, etc.)",Bash/Shell (all shells);Python;Scala;SQL,130967.0
Canada,5.0,4.0,5.0,Data or business analyst,25-34 years old,"Bachelor’s degree (B.A., B.S., B.Eng., etc.)",Bash/Shell (all shells);C#;HTML/CSS;Java;JavaScript;Nim;Python;Rust;TypeScript,59481.0
United States of America,17.0,8.0,3.0,Data scientist or machine learning specialist,25-34 years old,"Professional degree (JD, MD, Ph.D, Ed.D, etc.)",HTML/CSS;JavaScript;Python;R;SQL,150000.0
United States of America,6.0,6.0,,Data scientist or machine learning specialist,25-34 years old,"Bachelor’s degree (B.A., B.S., B.Eng., etc.)",JavaScript;Python;SQL,130000.0
United States of America,25.0,16.0,25.0,Scientist,45-54 years old,"Professional degree (JD, MD, Ph.D, Ed.D, etc.)",Bash/Shell (all shells);Groovy;Python;SQL,180000.0
Belgium,16.0,6.0,,Data scientist or machine learning specialist,25-34 years old,"Professional degree (JD, MD, Ph.D, Ed.D, etc.)",Python,63183.0
United States of America,22.0,13.0,,Scientist,35-44 years old,"Professional degree (JD, MD, Ph.D, Ed.D, etc.)",Bash/Shell (all shells);C;C#;Perl;Python;R;Rust;Scala;SQL;Swift,143000.0
United States of America,15.0,12.0,12.0,Data or business analyst,35-44 years old,"Bachelor’s degree (B.A., B.S., B.Eng., etc.)",Bash/Shell (all shells);HTML/CSS;JavaScript;Python;R;SQL,125000.0
United Kingdom of Great Britain and Northern Ireland,37.0,35.0,35.0,Data or business analyst,55-64 years old,"Master’s degree (M.A., M.S., M.Eng., MBA, etc.)",SQL,124138.0
United States of America,20.0,8.0,8.0,Data or business analyst,25-34 years old,"Master’s degree (M.A., M.S., M.Eng., MBA, etc.)",C#;SQL,250000.0
Germany,18.0,6.0,6.0,Scientist,25-34 years old,"Professional degree (JD, MD, Ph.D, Ed.D, etc.)",Bash/Shell (all shells);Fortran;HTML/CSS;JavaScript;Python,62264.0
United States of America,30.0,17.0,20.0,Data scientist or machine learning specialist,35-44 years old,"Master’s degree (M.A., M.S., M.Eng., MBA, etc.)",Python,200000.0
United States of America,40.0,26.0,30.0,"Engineer, data",55-64 years old,"Professional degree (JD, MD, Ph.D, Ed.D, etc.)",Bash/Shell (all shells);Java;Python;SQL,160000.0
United States of America,15.0,7.0,7.0,"Engineer, data",25-34 years old,"Bachelor’s degree (B.A., B.S., B.Eng., etc.)",Bash/Shell (all shells);Groovy;HTML/CSS;Java;JavaScript;Kotlin;Python;Scala;SQL,180000.0
United States of America,10.0,8.0,10.0,Data scientist or machine learning specialist,25-34 years old,"Bachelor’s degree (B.A., B.S., B.Eng., etc.)",Bash/Shell (all shells);JavaScript;Python,135000.0
United States of America,9.0,3.0,,Data scientist or machine learning specialist,25-34 years old,"Master’s degree (M.A., M.S., M.Eng., MBA, etc.)",Python,130000.0
United States of America,12.0,6.0,28.0,"Engineer, data",45-54 years old,"Bachelor’s degree (B.A., B.S., B.Eng., etc.)",HTML/CSS;JavaScript;Perl;PHP;Python;SQL,135000.0
Brazil,8.0,3.0,3.0,"Engineer, data",18-24 years old,"Bachelor’s degree (B.A., B.S., B.Eng., etc.)",Bash/Shell (all shells);Java;Python;Scala;SQL,19882.0
Other,18.0,23.0,,"Engineer, data",18-24 years old,"Master’s degree (M.A., M.S., M.Eng., MBA, etc.)",Bash/Shell (all shells);Go;HTML/CSS;Python,12376.0
Other,13.0,6.0,1.0,"Engineer, data",25-34 years old,"Bachelor’s degree (B.A., B.S., B.Eng., etc.)",Go;Python;SQL,9897.0
Other,10.0,10.0,10.0,Data or business analyst,35-44 years old,"Bachelor’s degree (B.A., B.S., B.Eng., etc.)",Python;SQL;VBA,3185.0
Denmark,18.0,10.0,10.0,"Engineer, data",25-34 years old,"Master’s degree (M.A., M.S., M.Eng., MBA, etc.)",Bash/Shell (all shells);C#;Python;Scala;SQL,160000.0
United States of America,4.0,3.0,4.0,"Engineer, data",25-34 years old,Some college/university study without earning a degree,JavaScript;Python;Rust;SQL;TypeScript,100000.0
United States of America,26.0,9.0,15.0,Data scientist or machine learning specialist,35-44 years old,"Professional degree (JD, MD, Ph.D, Ed.D, etc.)",Python;SQL,255000.0
Netherlands,8.0,6.0,10.0,Scientist,25-34 years old,"Master’s degree (M.A., M.S., M.Eng., MBA, etc.)",MATLAB;Python;SQL,53545.0
United States of America,40.0,34.0,,"Engineer, data",55-64 years old,"Bachelor’s degree (B.A., B.S., B.Eng., etc.)",Bash/Shell (all shells);Go;Java;Python,200000.0
Poland,3.0,2.0,5.0,Data or business analyst,25-34 years old,"Master’s degree (M.A., M.S., M.Eng., MBA, etc.)",Python;R;SQL,71779.0
United States of America,10.0,5.0,30.0,Data or business analyst,45-54 years old,"Master’s degree (M.A., M.S., M.Eng., MBA, etc.)",Bash/Shell (all shells);Python;SQL,115000.0
Other,2.0,1.0,4.0,Data or business analyst,25-34 years old,"Bachelor’s degree (B.A., B.S., B.Eng., etc.)",JavaScript;Python;SQL;VBA,6493.0
United States of America,10.0,4.0,4.0,Data scientist or machine learning specialist,25-34 years old,"Master’s degree (M.A., M.S., M.Eng., MBA, etc.)",Bash/Shell (all shells);C;JavaScript;PowerShell;Python;R;SQL;TypeScript,145000.0
United States of America,10.0,5.0,3.0,Data or business analyst,25-34 years old,"Master’s degree (M.A., M.S., M.Eng., MBA, etc.)",Python;SQL,65000.0
United States of America,5.0,5.0,,"Engineer, data",25-34 years old,"Master’s degree (M.A., M.S., M.Eng., MBA, etc.)",Bash/Shell (all shells);HTML/CSS;JavaScript;Python;R;Ruby;SQL,125000.0
United States of America,8.0,5.0,7.0,Data scientist or machine learning specialist,25-34 years old,"Master’s degree (M.A., M.S., M.Eng., MBA, etc.)",Python;R;SQL,155000.0
Spain,38.0,26.0,25.0,"Engineer, data",45-54 years old,"Bachelor’s degree (B.A., B.S., B.Eng., etc.)",Bash/Shell (all shells);Delphi;PowerShell;Python;SQL,58899.0
Canada,10.0,10.0,,Data or business analyst,45-54 years old,"Professional degree (JD, MD, Ph.D, Ed.D, etc.)",Bash/Shell (all shells);HTML/CSS;JavaScript;PHP;Python;R;SQL;VBA,52046.0
United States of America,11.0,5.0,7.0,"Engineer, data",25-34 years old,"Bachelor’s degree (B.A., B.S., B.Eng., etc.)",Bash/Shell (all shells);C#;JavaScript;Julia;PowerShell;Python;SQL,136400.0
Germany,11.0,5.0,6.0,"Engineer, data",25-34 years old,"Master’s degree (M.A., M.S., M.Eng., MBA, etc.)",Bash/Shell (all shells);Python;R;SQL,64254.0
France,13.0,3.0,,Scientist,35-44 years old,"Professional degree (JD, MD, Ph.D, Ed.D, etc.)",C++;Python,72821.0
Other,10.0,3.0,3.0,"Engineer, data",25-34 years old,"Bachelor’s degree (B.A., B.S., B.Eng., etc.)",Python,44992.0
France,12.0,7.0,7.0,Data scientist or machine learning specialist,25-34 years old,"Master’s degree (M.A., M.S., M.Eng., MBA, etc.)",Bash/Shell (all shells);HTML/CSS;Java;JavaScript;Julia;Python;R;Scala;SQL,48190.0
United States of America,13.0,3.0,2.0,Data or business analyst,25-34 years old,"Bachelor’s degree (B.A., B.S., B.Eng., etc.)",Python;R;SAS;SQL;VBA,125000.0
United Kingdom of Great Britain and Northern Ireland,10.0,3.0,3.0,Data scientist or machine learning specialist,25-34 years old,"Professional degree (JD, MD, Ph.D, Ed.D, etc.)",HTML/CSS;Python;R;SQL,43448.0
United States of America,14.0,8.0,8.0,Data scientist or machine learning specialist,25-34 years old,"Professional degree (JD, MD, Ph.D, Ed.D, etc.)",Bash/Shell (all shells);HTML/CSS;Python;SQL,118000.0
United States of America,9.0,5.0,,"Engineer, data",25-34 years old,"Bachelor’s degree (B.A., B.S., B.Eng., etc.)",Python;Scala,145000.0
Other,16.0,11.0,,"Engineer, data",25-34 years old,"Bachelor’s degree (B.A., B.S., B.Eng., etc.)",Bash/Shell (all shells);HTML/CSS;Python;Scala;SQL,6961.0
France,16.0,10.0,15.0,"Engineer, data",25-34 years old,Some college/university study without earning a degree,Bash/Shell (all shells);HTML/CSS;Java;JavaScript;PHP;PowerShell;Python;SQL;TypeScript,64254.0
Sweden,10.0,7.0,7.0,"Engineer, data",25-34 years old,"Master’s degree (M.A., M.S., M.Eng., MBA, etc.)",Bash/Shell (all shells);Go;Java;JavaScript;Python;Rust;Scala;SQL,72976.0
Italy,7.0,1.0,1.0,Data scientist or machine learning specialist,25-34 years old,"Master’s degree (M.A., M.S., M.Eng., MBA, etc.)",Bash/Shell (all shells);Python;SQL,44978.0
Switzerland,6.0,4.0,6.0,"Engineer, data",25-34 years old,"Master’s degree (M.A., M.S., M.Eng., MBA, etc.)",Python;SQL,126749.0
United States of America,10.0,4.0,,Data scientist or machine learning specialist,35-44 years old,"Professional degree (JD, MD, Ph.D, Ed.D, etc.)",Python;SQL,420000.0
India,4.0,3.0,4.0,Data scientist or machine learning specialist,25-34 years old,"Bachelor’s degree (B.A., B.S., B.Eng., etc.)",Bash/Shell (all shells);HTML/CSS;JavaScript;Python,63008.0
Brazil,19.0,14.0,10.0,Data or business analyst,25-34 years old,"Professional degree (JD, MD, Ph.D, Ed.D, etc.)",Bash/Shell (all shells);HTML/CSS;JavaScript;Python;R;SQL,30431.0
Netherlands,20.0,5.0,,"Engineer, data",35-44 years old,"Professional degree (JD, MD, Ph.D, Ed.D, etc.)",Julia;MATLAB;Python,101735.0
France,10.0,1.0,1.0,"Engineer, data",25-34 years old,"Master’s degree (M.A., M.S., M.Eng., MBA, etc.)",Clojure;Java;Python;Scala,50332.0
United States of America,29.0,15.0,15.0,"Engineer, data",45-54 years old,"Professional degree (JD, MD, Ph.D, Ed.D, etc.)",Bash/Shell (all shells);Python;SQL,180000.0
United States of America,50.0,50.0,48.0,Data scientist or machine learning specialist,65 years or older,"Master’s degree (M.A., M.S., M.Eng., MBA, etc.)",Bash/Shell (all shells);Go;JavaScript;Python,165000.0
Netherlands,36.0,22.0,,Scientist,45-54 years old,"Professional degree (JD, MD, Ph.D, Ed.D, etc.)",Assembly;Bash/Shell (all shells);C;C#;C++;Dart;Go;HTML/CSS;Java;JavaScript;Kotlin;Lua;Nim;Perl;PHP;PowerShell;Python;R;Rust;SQL,123153.0
United States of America,12.0,1.0,,"Engineer, data",35-44 years old,Some college/university study without earning a degree,C#;HTML/CSS;MATLAB;SQL,65000.0
New Zealand,19.0,11.0,13.0,"Engineer, data",25-34 years old,"Bachelor’s degree (B.A., B.S., B.Eng., etc.)",SQL,91053.0
Sweden,28.0,12.0,12.0,"Engineer, data",35-44 years old,"Master’s degree (M.A., M.S., M.Eng., MBA, etc.)",Bash/Shell (all shells);C++;Go;Lua;Python;Rust;SQL,69106.0
Switzerland,15.0,9.0,10.0,Data scientist or machine learning specialist,25-34 years old,"Master’s degree (M.A., M.S., M.Eng., MBA, etc.)",Bash/Shell (all shells);C++;Go;HTML/CSS;JavaScript;PHP;Python;SQL;TypeScript,187368.0
United States of America,8.0,5.0,5.0,"Engineer, data",35-44 years old,"Master’s degree (M.A., M.S., M.Eng., MBA, etc.)",Bash/Shell (all shells);Python;SQL,162000.0
United States of America,10.0,2.0,15.0,Data scientist or machine learning specialist,55-64 years old,"Professional degree (JD, MD, Ph.D, Ed.D, etc.)",HTML/CSS;JavaScript;PHP;Python;R;SQL,150000.0
Canada,17.0,13.0,13.0,"Engineer, data",25-34 years old,"Bachelor’s degree (B.A., B.S., B.Eng., etc.)",Bash/Shell (all shells);Go;HTML/CSS;Java;JavaScript;Kotlin;Python;Scala;SQL;TypeScript,208184.0
United States of America,11.0,11.0,,Data or business analyst,35-44 years old,"Master’s degree (M.A., M.S., M.Eng., MBA, etc.)",Bash/Shell (all shells);HTML/CSS;Python;R;SAS;SQL,84500.0
Spain,9.0,2.0,2.0,"Engineer, data",18-24 years old,"Bachelor’s degree (B.A., B.S., B.Eng., etc.)",Bash/Shell (all shells);PowerShell;Python;Scala;SQL,38124.0
Spain,11.0,6.0,,Data scientist or machine learning specialist,25-34 years old,"Bachelor’s degree (B.A., B.S., B.Eng., etc.)",Python,64254.0
United States of America,19.0,10.0,10.0,Data or business analyst,35-44 years old,"Master’s degree (M.A., M.S., M.Eng., MBA, etc.)",SQL,130000.0
United Kingdom of Great Britain and Northern Ireland,25.0,25.0,25.0,"Engineer, data",45-54 years old,"Bachelor’s degree (B.A., B.S., B.Eng., etc.)",JavaScript;Python;Ruby;Rust;SQL,105517.0
New Zealand,19.0,14.0,,Data or business analyst,35-44 years old,"Master’s degree (M.A., M.S., M.Eng., MBA, etc.)",JavaScript;Python,66772.0
Canada,33.0,23.0,25.0,Data scientist or machine learning specialist,45-54 years old,"Master’s degree (M.A., M.S., M.Eng., MBA, etc.)",Apex;C;C#;C++;F#;MATLAB;SAS;SQL;VBA;Visual Basic (.Net),185879.0
United States of America,20.0,15.0,25.0,"Engineer, data",45-54 years old,"Bachelor’s degree (B.A., B.S., B.Eng., etc.)",C#;SQL,170000.0
United States of America,20.0,11.0,5.0,Scientist,25-34 years old,"Professional degree (JD, MD, Ph.D, Ed.D, etc.)",Python,144000.0
Belgium,9.0,5.0,10.0,Data or business analyst,25-34 years old,"Master’s degree (M.A., M.S., M.Eng., MBA, etc.)",C#;JavaScript;SQL;VBA,55687.0
Netherlands,10.0,4.0,4.0,Data scientist or machine learning specialist,25-34 years old,"Master’s degree (M.A., M.S., M.Eng., MBA, etc.)",Bash/Shell (all shells);Python;SQL,58899.0
United States of America,13.0,6.0,,Scientist,25-34 years old,"Professional degree (JD, MD, Ph.D, Ed.D, etc.)",Bash/Shell (all shells);C;C++;Fortran;Python,125000.0
Other,4.0,0.5,,Data or business analyst,25-34 years old,"Bachelor’s degree (B.A., B.S., B.Eng., etc.)",R;SQL,12000.0
United States of America,10.0,5.0,,Data scientist or machine learning specialist,25-34 years old,"Master’s degree (M.A., M.S., M.Eng., MBA, etc.)",Bash/Shell (all shells);HTML/CSS;JavaScript;Python;SQL,125000.0
Brazil,5.0,0.5,5.0,Data or business analyst,18-24 years old,"Bachelor’s degree (B.A., B.S., B.Eng., etc.)",HTML/CSS;Python;SQL,5648.0
Other,20.0,12.0,12.0,"Engineer, data",35-44 years old,Some college/university study without earning a degree,Bash/Shell (all shells);Clojure;JavaScript;PHP;Python;Scala;SQL,72510.0
Other,22.0,10.0,10.0,"Engineer, data",25-34 years old,"Professional degree (JD, MD, Ph.D, Ed.D, etc.)",C;C++;Groovy;HTML/CSS;Java;JavaScript;MATLAB;PHP;Python;R;SQL,57346.0
United States of America,10.0,2.0,2.0,Data scientist or machine learning specialist,18-24 years old,"Bachelor’s degree (B.A., B.S., B.Eng., etc.)",C++;Julia;Python,270000.0
United States of America,8.0,3.0,,Scientist,25-34 years old,"Professional degree (JD, MD, Ph.D, Ed.D, etc.)",Bash/Shell (all shells);Fortran;HTML/CSS;Python,110000.0
Israel,15.0,11.0,11.0,Data scientist or machine learning specialist,25-34 years old,"Bachelor’s degree (B.A., B.S., B.Eng., etc.)",JavaScript;Python,109050.0
Other,8.0,6.0,7.0,Data scientist or machine learning specialist,25-34 years old,"Bachelor’s degree (B.A., B.S., B.Eng., etc.)",Bash/Shell (all shells);JavaScript;Python,30000.0
United States of America,40.0,20.0,20.0,Scientist,45-54 years old,"Professional degree (JD, MD, Ph.D, Ed.D, etc.)",C++;MATLAB;Python,250000.0
United States of America,29.0,13.0,,"Engineer, data",25-34 years old,"Bachelor’s degree (B.A., B.S., B.Eng., etc.)",Bash/Shell (all shells);C;C++;Go;HTML/CSS;Python;Rust;SQL,120000.0
United States of America,29.0,26.0,,Data or business analyst,45-54 years old,Some college/university study without earning a degree,C#;SQL,176800.0
United States of America,35.0,27.0,29.0,"Engineer, data",45-54 years old,"Bachelor’s degree (B.A., B.S., B.Eng., etc.)",Assembly;Bash/Shell (all shells);C;C++;Python;Rust;Scala;SQL,250000.0
Canada,16.0,12.0,,"Engineer, data",35-44 years old,"Bachelor’s degree (B.A., B.S., B.Eng., etc.)",Bash/Shell (all shells);Go;JavaScript;Python;Scala;SQL,89222.0
United States of America,23.0,14.0,14.0,Data scientist or machine learning specialist,35-44 years old,"Professional degree (JD, MD, Ph.D, Ed.D, etc.)",Python;SAS;SQL,145000.0
United States of America,25.0,23.0,23.0,Data scientist or machine learning specialist,45-54 years old,"Master’s degree (M.A., M.S., M.Eng., MBA, etc.)",Python;R;SAS;SQL,208000.0
United States of America,9.0,5.0,,Data scientist or machine learning specialist,25-34 years old,"Bachelor’s degree (B.A., B.S., B.Eng., etc.)",Java;JavaScript;Julia;Python;Scala,110000.0
United States of America,12.0,10.0,10.0,"Engineer, data",35-44 years old,"Master’s degree (M.A., M.S., M.Eng., MBA, etc.)",Bash/Shell (all shells);Go;Java;PowerShell;Python;R;Scala,164600.0
United States of America,14.0,6.0,6.0,"Engineer, data",25-34 years old,"Bachelor’s degree (B.A., B.S., B.Eng., etc.)",Apex;Bash/Shell (all shells);C#;HTML/CSS;Python;SQL,206000.0
United States of America,17.0,15.0,28.0,Data or business analyst,55-64 years old,"Professional degree (JD, MD, Ph.D, Ed.D, etc.)",Bash/Shell (all shells);HTML/CSS;Python;SQL;Swift,207000.0
France,5.0,4.0,,Data or business analyst,25-34 years old,"Master’s degree (M.A., M.S., M.Eng., MBA, etc.)",R,44978.0
Other,8.0,8.0,15.0,Data scientist or machine learning specialist,35-44 years old,"Bachelor’s degree (B.A., B.S., B.Eng., etc.)",Python;SQL,78626.0
Canada,38.0,25.0,25.0,Data scientist or machine learning specialist,45-54 years old,"Master’s degree (M.A., M.S., M.Eng., MBA, etc.)",Bash/Shell (all shells);Go;HTML/CSS;JavaScript;PHP;PowerShell;Python;R;SQL,64686.0
United States of America,2.0,1.0,1.0,Data or business analyst,25-34 years old,"Bachelor’s degree (B.A., B.S., B.Eng., etc.)",Bash/Shell (all shells);HTML/CSS;Python;SQL,125000.0
United States of America,27.0,19.0,19.0,"Engineer, data",35-44 years old,"Master’s degree (M.A., M.S., M.Eng., MBA, etc.)",Bash/Shell (all shells);C;Julia;MATLAB;PowerShell;Python;Rust,197000.0
United States of America,4.0,0.5,1.0,"Engineer, data",25-34 years old,"Bachelor’s degree (B.A., B.S., B.Eng., etc.)",C#;Python;SQL,75000.0
United States of America,45.0,30.0,40.0,Data scientist or machine learning specialist,55-64 years old,"Master’s degree (M.A., M.S., M.Eng., MBA, etc.)",C#;JavaScript;MATLAB;Python;SQL;TypeScript,250000.0
Germany,20.0,10.0,25.0,Data or business analyst,45-54 years old,"Professional degree (JD, MD, Ph.D, Ed.D, etc.)",Ada;Fortran;HTML/CSS;JavaScript;PHP;SQL;VBA,91026.0
Other,7.0,0.5,1.0,Data scientist or machine learning specialist,25-34 years old,"Bachelor’s degree (B.A., B.S., B.Eng., etc.)",C#;Python;SQL,25779.0
United States of America,2.0,1.0,,Data or business analyst,35-44 years old,"Bachelor’s degree (B.A., B.S., B.Eng., etc.)",Bash/Shell (all shells);SAS;SQL,81000.0
United States of America,5.0,5.0,,"Engineer, data",25-34 years old,"Master’s degree (M.A., M.S., M.Eng., MBA, etc.)",Go;Java;JavaScript;Python;Rust;Scala;TypeScript,220000.0
Germany,18.0,10.0,10.0,"Engineer, data",35-44 years old,"Master’s degree (M.A., M.S., M.Eng., MBA, etc.)",Bash/Shell (all shells);C++;HTML/CSS;Python,69608.0
United States of America,24.0,13.0,13.0,Scientist,35-44 years old,"Bachelor’s degree (B.A., B.S., B.Eng., etc.)",Bash/Shell (all shells);HTML/CSS;JavaScript;Python,112000.0
United States of America,19.0,12.0,,Data scientist or machine learning specialist,35-44 years old,"Professional degree (JD, MD, Ph.D, Ed.D, etc.)",Python;R;SQL,300000.0
Canada,9.0,8.0,8.0,"Engineer, data",25-34 years old,"Master’s degree (M.A., M.S., M.Eng., MBA, etc.)",Python,148703.0
United States of America,3.0,2.0,2.0,"Engineer, data",25-34 years old,Some college/university study without earning a degree,C#;Delphi;F#;HTML/CSS;JavaScript;PowerShell;SQL,54000.0
Canada,8.0,6.0,9.0,Data scientist or machine learning specialist,25-34 years old,"Master’s degree (M.A., M.S., M.Eng., MBA, etc.)",Python;SQL,85504.0
Australia,10.0,3.0,3.0,"Engineer, data",25-34 years old,"Master’s degree (M.A., M.S., M.Eng., MBA, etc.)",PowerShell;Python;SQL,95851.0
United States of America,6.0,4.0,7.0,Data scientist or machine learning specialist,25-34 years old,"Master’s degree (M.A., M.S., M.Eng., MBA, etc.)",Python;R;SQL,135000.0
Australia,15.0,12.0,15.0,Data or business analyst,25-34 years old,Some college/university study without earning a degree,Bash/Shell (all shells);HTML/CSS;JavaScript;Python;Rust;SQL,112377.0
Other,32.0,28.0,28.0,"Engineer, data",45-54 years old,"Associate degree (A.A., A.S., etc.)",Apex;SQL,22680.0
Australia,8.0,3.0,3.0,"Engineer, data",25-34 years old,"Master’s degree (M.A., M.S., M.Eng., MBA, etc.)",Bash/Shell (all shells);Go;HTML/CSS;Java;JavaScript;PHP;Python;SQL,52883.0
Australia,10.0,7.0,10.0,Data scientist or machine learning specialist,35-44 years old,"Master’s degree (M.A., M.S., M.Eng., MBA, etc.)",Python;SQL;TypeScript,112377.0
United States of America,20.0,14.0,5.0,"Engineer, data",35-44 years old,"Professional degree (JD, MD, Ph.D, Ed.D, etc.)",Bash/Shell (all shells);HTML/CSS;JavaScript;PHP;Python;SQL;TypeScript,220000.0
United States of America,6.0,5.0,5.0,"Engineer, data",25-34 years old,Primary/elementary school,Bash/Shell (all shells);Go;Java;JavaScript;Python;Rust;SQL;TypeScript,200000.0
United States of America,7.0,6.0,10.0,Data scientist or machine learning specialist,25-34 years old,"Master’s degree (M.A., M.S., M.Eng., MBA, etc.)",Bash/Shell (all shells);Go;Python,240000.0
United States of America,11.0,10.0,10.0,"Engineer, data",25-34 years old,"Bachelor’s degree (B.A., B.S., B.Eng., etc.)",Bash/Shell (all shells);HTML/CSS;JavaScript;Python;SQL;TypeScript,180000.0
United States of America,30.0,22.0,,Data scientist or machine learning specialist,45-54 years old,"Professional degree (JD, MD, Ph.D, Ed.D, etc.)",Bash/Shell (all shells);HTML/CSS;JavaScript;Python;R;SQL;Swift,220000.0
Other,8.0,8.0,17.0,"Engineer, data",45-54 years old,"Master’s degree (M.A., M.S., M.Eng., MBA, etc.)",Bash/Shell (all shells);Python;SQL;VBA,63557.0
India,28.0,15.0,15.0,"Engineer, data",35-44 years old,"Master’s degree (M.A., M.S., M.Eng., MBA, etc.)",Bash/Shell (all shells);PowerShell;Python;SQL,47862.0
United States of America,8.0,2.0,,Data scientist or machine learning specialist,25-34 years old,"Master’s degree (M.A., M.S., M.Eng., MBA, etc.)",HTML/CSS;JavaScript;Perl;Python;R,130000.0
United States of America,12.0,3.0,1.0,Data scientist or machine learning specialist,35-44 years old,"Professional degree (JD, MD, Ph.D, Ed.D, etc.)",Python;SQL,300000.0
Brazil,26.0,19.0,19.0,"Engineer, data",35-44 years old,"Master’s degree (M.A., M.S., M.Eng., MBA, etc.)",C#;Delphi;HTML/CSS;JavaScript;Perl;PowerShell;Python;R;SQL;VBA,94540.0
Canada,8.0,4.0,2.0,"Engineer, data",25-34 years old,"Bachelor’s degree (B.A., B.S., B.Eng., etc.)",Python;SQL,54277.0
United States of America,25.0,12.0,12.0,Data scientist or machine learning specialist,35-44 years old,"Professional degree (JD, MD, Ph.D, Ed.D, etc.)",HTML/CSS;JavaScript;Python;SQL,185000.0
Other,34.0,29.0,29.0,Scientist,45-54 years old,"Master’s degree (M.A., M.S., M.Eng., MBA, etc.)",Assembly;Bash/Shell (all shells);C#;C++;Delphi;HTML/CSS;JavaScript;PHP;Python,61878.0
United States of America,10.0,7.0,7.0,Data scientist or machine learning specialist,25-34 years old,"Master’s degree (M.A., M.S., M.Eng., MBA, etc.)",Dart;Elixir;Go;HTML/CSS;JavaScript;Julia;Python;R;SQL;TypeScript,190000.0
United States of America,35.0,34.0,35.0,Data scientist or machine learning specialist,55-64 years old,Some college/university study without earning a degree,R,100000.0
Australia,26.0,16.0,25.0,Data scientist or machine learning specialist,35-44 years old,"Professional degree (JD, MD, Ph.D, Ed.D, etc.)",C#;F#;SQL;TypeScript,396623.0
United States of America,24.0,17.0,23.0,"Engineer, data",35-44 years old,"Master’s degree (M.A., M.S., M.Eng., MBA, etc.)",Bash/Shell (all shells);Groovy;HTML/CSS;Python;SQL,180000.0
Other,8.0,4.0,4.0,"Engineer, data",18-24 years old,"Bachelor’s degree (B.A., B.S., B.Eng., etc.)",Assembly;C;C++;HTML/CSS;Java;JavaScript;MATLAB;PHP;Python;SQL;VBA;Visual Basic (.Net),17770.0
Other,5.0,0.5,1.0,Data scientist or machine learning specialist,18-24 years old,"Bachelor’s degree (B.A., B.S., B.Eng., etc.)",Python,14039.0
Other,15.0,7.0,,Data scientist or machine learning specialist,25-34 years old,"Master’s degree (M.A., M.S., M.Eng., MBA, etc.)",Bash/Shell (all shells);C;C++;Go;HTML/CSS;JavaScript;Julia;PowerShell;Python;Rust;TypeScript,98482.0
Other,32.0,20.0,10.0,Data scientist or machine learning specialist,35-44 years old,"Master’s degree (M.A., M.S., M.Eng., MBA, etc.)",Python;R,28625.0
United States of America,10.0,10.0,13.0,Scientist,35-44 years old,"Master’s degree (M.A., M.S., M.Eng., MBA, etc.)",Python;R;SQL,110000.0
Other,16.0,10.0,12.0,Data scientist or machine learning specialist,35-44 years old,"Master’s degree (M.A., M.S., M.Eng., MBA, etc.)",Python;SAS;SQL,21413.0
Canada,10.0,4.0,7.0,Data scientist or machine learning specialist,25-34 years old,"Professional degree (JD, MD, Ph.D, Ed.D, etc.)",Python;Rust;SQL,118962.0
Other,5.0,1.0,,Data or business analyst,18-24 years old,"Bachelor’s degree (B.A., B.S., B.Eng., etc.)",Python;R,4040.0
New Zealand,42.0,30.0,40.0,Data or business analyst,55-64 years old,"Bachelor’s degree (B.A., B.S., B.Eng., etc.)",SQL;VBA,54632.0
Other,9.0,3.0,3.0,Data scientist or machine learning specialist,25-34 years old,"Bachelor’s degree (B.A., B.S., B.Eng., etc.)",Python,930.0
Other,14.0,7.0,7.0,Data scientist or machine learning specialist,25-34 years old,"Master’s degree (M.A., M.S., M.Eng., MBA, etc.)",Bash/Shell (all shells);C++;Dart;Java;Python;Scala;SQL,86271.0
United Kingdom of Great Britain and Northern Ireland,7.0,7.0,,"Engineer, data",35-44 years old,"Master’s degree (M.A., M.S., M.Eng., MBA, etc.)",Python;SQL,108621.0
Israel,14.0,10.0,10.0,Data or business analyst,35-44 years old,"Master’s degree (M.A., M.S., M.Eng., MBA, etc.)",HTML/CSS;PHP;Python;SQL,98893.0
Other,9.0,8.0,,"Engineer, data",25-34 years old,"Master’s degree (M.A., M.S., M.Eng., MBA, etc.)",Java;JavaScript;Python;Scala;SQL,112551.0
Germany,28.0,15.0,,Data scientist or machine learning specialist,35-44 years old,"Master’s degree (M.A., M.S., M.Eng., MBA, etc.)",JavaScript;Python;TypeScript,182052.0
Other,12.0,12.0,,"Engineer, data",45-54 years old,"Bachelor’s degree (B.A., B.S., B.Eng., etc.)",Clojure;Java;JavaScript,64254.0
Other,14.0,5.0,5.0,Data or business analyst,25-34 years old,"Bachelor’s degree (B.A., B.S., B.Eng., etc.)",Assembly;C;C#;C++;HTML/CSS;Java;JavaScript;MATLAB;Objective-C;Python;R;SQL;VBA;Visual Basic (.Net),63321.0
Brazil,4.0,4.0,5.0,Data scientist or machine learning specialist,25-34 years old,"Master’s degree (M.A., M.S., M.Eng., MBA, etc.)",HTML/CSS;Java;JavaScript;PowerShell;Python;SQL;TypeScript;VBA,22000.0
Spain,4.0,4.0,31.0,Data scientist or machine learning specialist,55-64 years old,"Bachelor’s degree (B.A., B.S., B.Eng., etc.)",Python,53545.0
India,8.0,4.0,4.0,"Engineer, data",18-24 years old,"Bachelor’s degree (B.A., B.S., B.Eng., etc.)",Python;Scala,26657.0
Germany,14.0,9.0,8.0,"Engineer, data",25-34 years old,"Master’s degree (M.A., M.S., M.Eng., MBA, etc.)",Bash/Shell (all shells);Java;JavaScript;Julia;Kotlin;PHP;PowerShell;Python;SQL,62112.0
United States of America,10.0,7.0,,"Engineer, data",25-34 years old,"Bachelor’s degree (B.A., B.S., B.Eng., etc.)",Bash/Shell (all shells);HTML/CSS;Java;JavaScript;PHP;Python;SQL,110000.0
Other,10.0,6.0,7.0,"Engineer, data",25-34 years old,"Master’s degree (M.A., M.S., M.Eng., MBA, etc.)",Python,40944.0
Sweden,11.0,6.0,,Data scientist or machine learning specialist,25-34 years old,"Master’s degree (M.A., M.S., M.Eng., MBA, etc.)",HTML/CSS;JavaScript;Python;SQL;TypeScript,61919.0
Italy,10.0,0.5,,"Engineer, data",25-34 years old,"Professional degree (JD, MD, Ph.D, Ed.D, etc.)",C;C#;C++;HTML/CSS;Java;JavaScript;Julia;MATLAB;OCaml;PHP;Python;SQL,42836.0
Other,6.0,6.0,,Data or business analyst,25-34 years old,"Bachelor’s degree (B.A., B.S., B.Eng., etc.)",HTML/CSS;JavaScript;Python;R;SQL,34350.0
Italy,25.0,23.0,25.0,Data or business analyst,45-54 years old,"Secondary school (e.g. American high school, German Realschule or Gymnasium, etc.)",C#;HTML/CSS;Python;SQL;VBA,80317.0
Canada,10.0,8.0,,"Engineer, data",25-34 years old,"Bachelor’s degree (B.A., B.S., B.Eng., etc.)",Kotlin;Python;Scala,74351.0
India,8.0,8.0,,"Engineer, data",25-34 years old,"Bachelor’s degree (B.A., B.S., B.Eng., etc.)",Bash/Shell (all shells);Groovy;Python;Scala;SQL,26657.0
United Kingdom of Great Britain and Northern Ireland,6.0,2.0,,"Engineer, data",18-24 years old,"Master’s degree (M.A., M.S., M.Eng., MBA, etc.)",Lua;Python;Rust,45931.0
Other,14.0,10.0,14.0,"Engineer, data",35-44 years old,"Master’s degree (M.A., M.S., M.Eng., MBA, etc.)",Bash/Shell (all shells);Python;SQL,81000.0
United States of America,10.0,10.0,12.0,"Engineer, data",25-34 years old,"Master’s degree (M.A., M.S., M.Eng., MBA, etc.)",Bash/Shell (all shells);Python;SQL,150000.0
Germany,9.0,5.0,5.0,"Engineer, data",35-44 years old,"Master’s degree (M.A., M.S., M.Eng., MBA, etc.)",Java;Python;Rust;Scala,74963.0
Germany,25.0,20.0,25.0,Scientist,35-44 years old,"Professional degree (JD, MD, Ph.D, Ed.D, etc.)",Bash/Shell (all shells);C;C++;Fortran;MATLAB;Python,107090.0
Netherlands,16.0,8.0,,Data scientist or machine learning specialist,25-34 years old,"Master’s degree (M.A., M.S., M.Eng., MBA, etc.)",Lua;MATLAB;Python;SAS;SQL;VBA,77104.0
Austria,7.0,5.0,,Data scientist or machine learning specialist,25-34 years old,"Master’s degree (M.A., M.S., M.Eng., MBA, etc.)",Java;Python;SQL,74963.0
Denmark,11.0,8.0,,Data or business analyst,25-34 years old,"Master’s degree (M.A., M.S., M.Eng., MBA, etc.)",C#;C++;Go;Groovy;HTML/CSS;Java;PowerShell;Python;SAS;SQL;VBA,136596.0
Australia,7.0,4.0,5.0,Data scientist or machine learning specialist,25-34 years old,"Master’s degree (M.A., M.S., M.Eng., MBA, etc.)",Fortran;Python,85935.0
Other,20.0,12.0,,"Engineer, data",25-34 years old,"Master’s degree (M.A., M.S., M.Eng., MBA, etc.)",Python,76607.0
Other,4.0,3.0,2.0,Data scientist or machine learning specialist,25-34 years old,"Master’s degree (M.A., M.S., M.Eng., MBA, etc.)",Bash/Shell (all shells);Julia;Python;R;SQL,43947.0
Other,23.0,17.0,17.0,Data scientist or machine learning specialist,35-44 years old,"Master’s degree (M.A., M.S., M.Eng., MBA, etc.)",C++;Python,72000.0
Sweden,8.0,5.0,,"Engineer, data",35-44 years old,"Bachelor’s degree (B.A., B.S., B.Eng., etc.)",JavaScript;Python,49756.0
Poland,24.0,9.0,17.0,"Engineer, data",35-44 years old,"Bachelor’s degree (B.A., B.S., B.Eng., etc.)",C#;C++;GDScript;Java;Python;Scala;SQL,197104.0
Germany,10.0,8.0,8.0,"Engineer, data",25-34 years old,"Bachelor’s degree (B.A., B.S., B.Eng., etc.)",Clojure;Scala,139216.0
Denmark,1.0,0.5,1.0,Data or business analyst,25-34 years old,"Master’s degree (M.A., M.S., M.Eng., MBA, etc.)",Bash/Shell (all shells);PowerShell;Python;R;SQL,67291.0
France,14.0,9.0,9.0,"Engineer, data",25-34 years old,"Master’s degree (M.A., M.S., M.Eng., MBA, etc.)",Python;Scala,72821.0
United States of America,20.0,15.0,20.0,"Engineer, data",35-44 years old,"Master’s degree (M.A., M.S., M.Eng., MBA, etc.)",Python;Rust;SQL,250000.0
Netherlands,18.0,11.0,12.0,"Engineer, data",35-44 years old,"Master’s degree (M.A., M.S., M.Eng., MBA, etc.)",Java;Python;Scala;SQL,105323.0
Spain,7.0,3.0,,Data or business analyst,25-34 years old,"Master’s degree (M.A., M.S., M.Eng., MBA, etc.)",Python;R;SAS;SQL;VBA,32662.0
Germany,14.0,6.0,5.0,Data scientist or machine learning specialist,25-34 years old,"Master’s degree (M.A., M.S., M.Eng., MBA, etc.)",Python;SQL,87813.0
Germany,12.0,7.0,7.0,"Engineer, data",25-34 years old,"Professional degree (JD, MD, Ph.D, Ed.D, etc.)",Python;SQL;Swift,88884.0
Germany,12.0,12.0,,"Engineer, data",25-34 years old,"Master’s degree (M.A., M.S., M.Eng., MBA, etc.)",Bash/Shell (all shells);Go;Java;Python;Scala;SQL,92097.0
India,13.0,8.0,8.0,"Engineer, data",35-44 years old,"Master’s degree (M.A., M.S., M.Eng., MBA, etc.)",Bash/Shell (all shells);Python;SQL,15752.0
Denmark,5.0,4.0,4.0,Data scientist or machine learning specialist,25-34 years old,"Master’s degree (M.A., M.S., M.Eng., MBA, etc.)",Python;R;SQL,71892.0
Australia,9.0,7.0,10.0,"Engineer, data",25-34 years old,"Bachelor’s degree (B.A., B.S., B.Eng., etc.)",Bash/Shell (all shells);Java;Rust;SQL;TypeScript,132208.0
Poland,15.0,10.0,10.0,Data scientist or machine learning specialist,25-34 years old,"Master’s degree (M.A., M.S., M.Eng., MBA, etc.)",Python;R;SQL,47852.0
United Kingdom of Great Britain and Northern Ireland,7.0,5.0,,Data or business analyst,18-24 years old,Some college/university study without earning a degree,Bash/Shell (all shells);HTML/CSS;JavaScript;Perl;PowerShell;Scala;SQL,36000.0
Sweden,22.0,17.0,22.0,Data scientist or machine learning specialist,35-44 years old,"Master’s degree (M.A., M.S., M.Eng., MBA, etc.)",Bash/Shell (all shells);Julia;Python;SQL,110570.0
Italy,24.0,8.0,,Data scientist or machine learning specialist,35-44 years old,"Master’s degree (M.A., M.S., M.Eng., MBA, etc.)",C#;HTML/CSS;JavaScript;PHP;Python;SQL;VBA;Visual Basic (.Net),47119.0
Germany,18.0,8.0,9.0,Data scientist or machine learning specialist,25-34 years old,"Master’s degree (M.A., M.S., M.Eng., MBA, etc.)",Bash/Shell (all shells);C;Haskell;Python;R;Rust,235597.0
Spain,10.0,1.0,,Data scientist or machine learning specialist,18-24 years old,"Master’s degree (M.A., M.S., M.Eng., MBA, etc.)",Bash/Shell (all shells);C;C++;Python,23560.0
United Kingdom of Great Britain and Northern Ireland,45.0,26.0,26.0,Scientist,55-64 years old,"Master’s degree (M.A., M.S., M.Eng., MBA, etc.)",C#;HTML/CSS;JavaScript;SQL,12414.0
Other,7.0,8.0,7.0,"Engineer, data",25-34 years old,"Bachelor’s degree (B.A., B.S., B.Eng., etc.)",Python;R,75000.0
Other,5.0,4.0,,Data scientist or machine learning specialist,25-34 years old,"Master’s degree (M.A., M.S., M.Eng., MBA, etc.)",Python,96345.0
Austria,7.0,7.0,,Data scientist or machine learning specialist,35-44 years old,"Professional degree (JD, MD, Ph.D, Ed.D, etc.)",Python;SQL,64254.0
United States of America,32.0,3.0,3.0,"Engineer, data",45-54 years old,"Bachelor’s degree (B.A., B.S., B.Eng., etc.)",Bash/Shell (all shells);PowerShell;Python;SQL,73000.0
France,6.0,5.0,5.0,"Engineer, data",25-34 years old,"Master’s degree (M.A., M.S., M.Eng., MBA, etc.)",JavaScript;Python;SQL;TypeScript,48190.0
France,20.0,15.0,,"Engineer, data",35-44 years old,"Master’s degree (M.A., M.S., M.Eng., MBA, etc.)",Java;PowerShell;Python;SQL,67466.0
Netherlands,15.0,12.0,13.0,Data scientist or machine learning specialist,35-44 years old,"Bachelor’s degree (B.A., B.S., B.Eng., etc.)",C#;JavaScript;PowerShell;Python;SQL;TypeScript,85672.0
Other,10.0,3.0,3.0,Data scientist or machine learning specialist,25-34 years old,"Bachelor’s degree (B.A., B.S., B.Eng., etc.)",Python;SAS;SQL,45958.0
Other,5.0,5.0,12.0,Data scientist or machine learning specialist,35-44 years old,"Master’s degree (M.A., M.S., M.Eng., MBA, etc.)",Bash/Shell (all shells);HTML/CSS;MATLAB;Python;R;SQL,29334.0
Germany,11.0,4.0,,"Engineer, data",25-34 years old,"Master’s degree (M.A., M.S., M.Eng., MBA, etc.)",Bash/Shell (all shells);MATLAB;Python,94239.0
Netherlands,13.0,9.0,,Data scientist or machine learning specialist,35-44 years old,"Master’s degree (M.A., M.S., M.Eng., MBA, etc.)",Python,85672.0
Germany,,7.0,7.0,"Engineer, data",25-34 years old,"Secondary school (e.g. American high school, German Realschule or Gymnasium, etc.)",Bash/Shell (all shells);HTML/CSS;JavaScript;PowerShell;Python;SQL;TypeScript,69608.0
Poland,11.0,9.0,15.0,Data scientist or machine learning specialist,35-44 years old,"Master’s degree (M.A., M.S., M.Eng., MBA, etc.)",Bash/Shell (all shells);Python;SQL,43067.0
Spain,25.0,23.0,23.0,"Engineer, data",45-54 years old,"Bachelor’s degree (B.A., B.S., B.Eng., etc.)",Groovy;Python;SQL,58899.0
Poland,13.0,2.0,10.0,Data or business analyst,25-34 years old,"Bachelor’s degree (B.A., B.S., B.Eng., etc.)",Bash/Shell (all shells);Groovy;PowerShell;Python;SQL,47852.0
United Kingdom of Great Britain and Northern Ireland,3.0,3.0,,Data scientist or machine learning specialist,25-34 years old,"Master’s degree (M.A., M.S., M.Eng., MBA, etc.)",R;SQL,62069.0
Other,10.0,3.0,3.0,"Engineer, data",25-34 years old,"Bachelor’s degree (B.A., B.S., B.Eng., etc.)",Bash/Shell (all shells);C;C++;Go;HTML/CSS;JavaScript;Julia;MATLAB;Perl;PHP;Python;R;Scala;SQL;TypeScript,23566.0
Other,5.0,1.0,1.0,Data scientist or machine learning specialist,18-24 years old,"Bachelor’s degree (B.A., B.S., B.Eng., etc.)",Python,5912.0
Spain,15.0,10.0,,Data or business analyst,25-34 years old,"Bachelor’s degree (B.A., B.S., B.Eng., etc.)",Java;JavaScript;SQL,66396.0
Other,30.0,25.0,,Data or business analyst,55-64 years old,"Master’s degree (M.A., M.S., M.Eng., MBA, etc.)",Apex;Bash/Shell (all shells);HTML/CSS;Python;R;SQL,53545.0
United Kingdom of Great Britain and Northern Ireland,40.0,30.0,,Scientist,55-64 years old,"Bachelor’s degree (B.A., B.S., B.Eng., etc.)",C#,80690.0
Denmark,9.0,5.0,5.0,Data scientist or machine learning specialist,25-34 years old,"Master’s degree (M.A., M.S., M.Eng., MBA, etc.)",C++;Python;Rust,101800.0
Poland,11.0,8.0,8.0,Data or business analyst,25-34 years old,"Master’s degree (M.A., M.S., M.Eng., MBA, etc.)",Bash/Shell (all shells);Python;R;SAS;SQL,80392.0
United States of America,15.0,15.0,15.0,"Engineer, data",35-44 years old,"Master’s degree (M.A., M.S., M.Eng., MBA, etc.)",Python;SQL,200000.0
Denmark,12.0,6.0,,Data scientist or machine learning specialist,25-34 years old,"Professional degree (JD, MD, Ph.D, Ed.D, etc.)",Python,230056.0
Other,6.0,3.0,,"Engineer, data",25-34 years old,"Master’s degree (M.A., M.S., M.Eng., MBA, etc.)",Bash/Shell (all shells);C#;HTML/CSS;JavaScript;Python;R,58899.0
Germany,20.0,7.0,6.0,Data scientist or machine learning specialist,25-34 years old,"Master’s degree (M.A., M.S., M.Eng., MBA, etc.)",Bash/Shell (all shells);Groovy;Java;Kotlin;Python,69608.0
Germany,5.0,1.0,1.0,"Engineer, data",25-34 years old,"Master’s degree (M.A., M.S., M.Eng., MBA, etc.)",Bash/Shell (all shells);HTML/CSS;Python;SQL,58899.0
Other,7.0,7.0,7.0,"Engineer, data",25-34 years old,"Bachelor’s degree (B.A., B.S., B.Eng., etc.)",Java;Python;Scala;SQL,57038.0
United States of America,12.0,12.0,12.0,Data scientist or machine learning specialist,25-34 years old,"Bachelor’s degree (B.A., B.S., B.Eng., etc.)",Python;Rust,200000.0
Sweden,30.0,9.0,23.0,Data scientist or machine learning specialist,45-54 years old,"Master’s degree (M.A., M.S., M.Eng., MBA, etc.)",Bash/Shell (all shells);Python;Rust,27642.0
Austria,14.0,7.0,10.0,Data scientist or machine learning specialist,25-34 years old,"Master’s degree (M.A., M.S., M.Eng., MBA, etc.)",C++;HTML/CSS;Java;JavaScript;Python;SQL,64254.0
India,10.0,7.0,8.0,Data or business analyst,25-34 years old,"Master’s degree (M.A., M.S., M.Eng., MBA, etc.)",SQL;VBA,27869.0
France,7.0,5.0,5.0,Data scientist or machine learning specialist,25-34 years old,"Master’s degree (M.A., M.S., M.Eng., MBA, etc.)",HTML/CSS;Python;SQL,85672.0
United States of America,13.0,10.0,10.0,Scientist,25-34 years old,"Professional degree (JD, MD, Ph.D, Ed.D, etc.)",Bash/Shell (all shells);C++;Go;HTML/CSS;JavaScript;MATLAB;Python;TypeScript,130000.0
Belgium,20.0,8.0,20.0,"Engineer, data",35-44 years old,"Professional degree (JD, MD, Ph.D, Ed.D, etc.)",Python;SQL,160634.0
United States of America,14.0,5.0,14.0,Data or business analyst,25-34 years old,"Bachelor’s degree (B.A., B.S., B.Eng., etc.)",C#;HTML/CSS;JavaScript;PowerShell;SQL;TypeScript,110000.0
Denmark,20.0,8.0,7.0,Data scientist or machine learning specialist,25-34 years old,"Master’s degree (M.A., M.S., M.Eng., MBA, etc.)",HTML/CSS;Python;Swift;TypeScript,78679.0
Other,6.0,2.0,2.0,Data scientist or machine learning specialist,25-34 years old,"Bachelor’s degree (B.A., B.S., B.Eng., etc.)",Bash/Shell (all shells);Python;SQL,53360.0
United States of America,10.0,7.0,11.0,"Engineer, data",25-34 years old,"Bachelor’s degree (B.A., B.S., B.Eng., etc.)",C;C++;Go;MATLAB;Python;Rust,130000.0
United Kingdom of Great Britain and Northern Ireland,33.0,17.0,24.0,"Engineer, data",35-44 years old,"Associate degree (A.A., A.S., etc.)",HTML/CSS;JavaScript;Python;SQL,44690.0
Other,7.0,7.0,,"Engineer, data",25-34 years old,"Master’s degree (M.A., M.S., M.Eng., MBA, etc.)",Bash/Shell (all shells);Java;JavaScript;Python;SQL;TypeScript,61617.0
Canada,8.0,6.0,13.0,Data or business analyst,35-44 years old,Some college/university study without earning a degree,Go;Python;SQL;VBA,52046.0
United Kingdom of Great Britain and Northern Ireland,10.0,6.0,7.0,Scientist,25-34 years old,"Master’s degree (M.A., M.S., M.Eng., MBA, etc.)",PowerShell;R;Rust;VBA,86897.0
Sweden,28.0,23.0,,"Engineer, data",45-54 years old,"Master’s degree (M.A., M.S., M.Eng., MBA, etc.)",C#;Go;HTML/CSS;JavaScript;MATLAB;PHP;PowerShell;Python;SQL,58971.0
United States of America,10.0,10.0,,Data or business analyst,35-44 years old,"Bachelor’s degree (B.A., B.S., B.Eng., etc.)",,125000.0
Other,14.0,8.0,8.0,Data scientist or machine learning specialist,35-44 years old,"Master’s degree (M.A., M.S., M.Eng., MBA, etc.)",PHP;Python;SQL,25776.0
Other,8.0,7.0,7.0,Data scientist or machine learning specialist,25-34 years old,"Master’s degree (M.A., M.S., M.Eng., MBA, etc.)",C++;Python,54437.0
United States of America,20.0,8.0,35.0,"Engineer, data",45-54 years old,"Master’s degree (M.A., M.S., M.Eng., MBA, etc.)",Bash/Shell (all shells);Go;JavaScript;Python;SQL;TypeScript,160000.0
United Kingdom of Great Britain and Northern Ireland,8.0,3.0,,Data or business analyst,25-34 years old,"Bachelor’s degree (B.A., B.S., B.Eng., etc.)",C;HTML/CSS;JavaScript;VBA,36000.0
Italy,4.0,4.0,,Data scientist or machine learning specialist,25-34 years old,"Master’s degree (M.A., M.S., M.Eng., MBA, etc.)",Bash/Shell (all shells);Lua;Python;Scala;SQL,47119.0
Germany,9.0,5.0,5.0,Data scientist or machine learning specialist,25-34 years old,"Master’s degree (M.A., M.S., M.Eng., MBA, etc.)",Bash/Shell (all shells);Python;R,85672.0
Germany,10.0,1.0,,Scientist,25-34 years old,"Master’s degree (M.A., M.S., M.Eng., MBA, etc.)",Assembly;Bash/Shell (all shells);C;C++;MATLAB;Python,57828.0
Belgium,35.0,25.0,,"Engineer, data",45-54 years old,"Master’s degree (M.A., M.S., M.Eng., MBA, etc.)",Python;SQL,85672.0
United States of America,24.0,16.0,16.0,Data scientist or machine learning specialist,35-44 years old,"Master’s degree (M.A., M.S., M.Eng., MBA, etc.)",Bash/Shell (all shells);Python;R,132000.0
Other,32.0,24.0,24.0,"Engineer, data",45-54 years old,"Master’s degree (M.A., M.S., M.Eng., MBA, etc.)",Clojure,2278.0
United Kingdom of Great Britain and Northern Ireland,9.0,7.0,7.0,"Engineer, data",25-34 years old,"Bachelor’s degree (B.A., B.S., B.Eng., etc.)",Python;Rust;TypeScript,74483.0
United States of America,10.0,7.0,10.0,Data or business analyst,25-34 years old,"Bachelor’s degree (B.A., B.S., B.Eng., etc.)",Python;SQL,125000.0
Other,5.0,5.0,10.0,"Engineer, data",35-44 years old,"Master’s degree (M.A., M.S., M.Eng., MBA, etc.)",Python,91768.0
Poland,14.0,12.0,12.0,"Engineer, data",35-44 years old,"Bachelor’s degree (B.A., B.S., B.Eng., etc.)",PowerShell;Python;SQL,68907.0
Belgium,30.0,20.0,20.0,"Engineer, data",35-44 years old,"Master’s degree (M.A., M.S., M.Eng., MBA, etc.)",Java;Python;SQL;TypeScript,64254.0
United States of America,20.0,5.0,19.0,Data or business analyst,35-44 years old,"Master’s degree (M.A., M.S., M.Eng., MBA, etc.)",Bash/Shell (all shells);Go;HTML/CSS;JavaScript;SQL,97500.0
Denmark,45.0,27.0,,Scientist,55-64 years old,"Professional degree (JD, MD, Ph.D, Ed.D, etc.)",C++;R,94898.0
Brazil,13.0,7.0,,Data or business analyst,25-34 years old,"Bachelor’s degree (B.A., B.S., B.Eng., etc.)",SAS;SQL,32460.0
Netherlands,24.0,21.0,21.0,Data scientist or machine learning specialist,35-44 years old,"Master’s degree (M.A., M.S., M.Eng., MBA, etc.)",Bash/Shell (all shells);Go;JavaScript;Python;SQL,197045.0
Spain,7.0,4.0,4.0,"Engineer, data",18-24 years old,"Master’s degree (M.A., M.S., M.Eng., MBA, etc.)",Bash/Shell (all shells);C;C++;HTML/CSS;Java;JavaScript;Python;R;Scala;SQL,28914.0
Italy,10.0,3.0,,Data or business analyst,25-34 years old,"Master’s degree (M.A., M.S., M.Eng., MBA, etc.)",C;Java;Python;SQL,31056.0
Australia,25.0,25.0,26.0,"Engineer, data",35-44 years old,Some college/university study without earning a degree,Bash/Shell (all shells);Python;Scala;SQL,92545.0
United States of America,10.0,10.0,,Data scientist or machine learning specialist,35-44 years old,"Bachelor’s degree (B.A., B.S., B.Eng., etc.)",Bash/Shell (all shells);Python;SQL,140000.0
Other,20.0,15.0,,"Engineer, data",35-44 years old,"Bachelor’s degree (B.A., B.S., B.Eng., etc.)",Bash/Shell (all shells);Python;SQL,51592.0
France,9.0,7.0,,Data scientist or machine learning specialist,25-34 years old,"Master’s degree (M.A., M.S., M.Eng., MBA, etc.)",Clojure;Java,59970.0
Germany,17.0,12.0,12.0,Data scientist or machine learning specialist,35-44 years old,"Master’s degree (M.A., M.S., M.Eng., MBA, etc.)",Bash/Shell (all shells);C#;C++;Python;Rust,112444.0
Other,25.0,20.0,,Scientist,35-44 years old,"Professional degree (JD, MD, Ph.D, Ed.D, etc.)",Bash/Shell (all shells);C;C++;HTML/CSS;Java;JavaScript;Python;SQL,107090.0
Israel,24.0,16.0,16.0,"Engineer, data",35-44 years old,"Master’s degree (M.A., M.S., M.Eng., MBA, etc.)",Python,133640.0
Other,5.0,3.0,3.0,"Engineer, data",25-34 years old,"Bachelor’s degree (B.A., B.S., B.Eng., etc.)",Python;SQL,24426.0
Germany,9.0,8.0,8.0,"Engineer, data",35-44 years old,"Master’s degree (M.A., M.S., M.Eng., MBA, etc.)",Bash/Shell (all shells);Python;Scala;SQL,106019.0
India,11.0,6.0,6.0,Data scientist or machine learning specialist,25-34 years old,"Bachelor’s degree (B.A., B.S., B.Eng., etc.)",HTML/CSS;Java;JavaScript;Python;SQL,33927.0
United States of America,26.0,22.0,22.0,"Engineer, data",45-54 years old,"Master’s degree (M.A., M.S., M.Eng., MBA, etc.)",HTML/CSS;Python;SQL,145000.0
United States of America,12.0,6.0,8.0,Data or business analyst,25-34 years old,"Bachelor’s degree (B.A., B.S., B.Eng., etc.)",Python;SQL;VBA,115500.0
France,14.0,7.0,7.0,Data scientist or machine learning specialist,25-34 years old,"Master’s degree (M.A., M.S., M.Eng., MBA, etc.)",C;Python;SQL,69608.0
France,11.0,5.0,,"Engineer, data",25-34 years old,"Master’s degree (M.A., M.S., M.Eng., MBA, etc.)",C#;Dart;HTML/CSS;JavaScript;Python,69608.0
India,21.0,18.0,,Data scientist or machine learning specialist,35-44 years old,"Master’s degree (M.A., M.S., M.Eng., MBA, etc.)",Prolog;Python,121169.0
United Kingdom of Great Britain and Northern Ireland,35.0,11.0,27.0,Data or business analyst,45-54 years old,"Master’s degree (M.A., M.S., M.Eng., MBA, etc.)",Bash/Shell (all shells);Elixir;Haskell;HTML/CSS;JavaScript;Prolog;Python;R;SQL,63310.0
Denmark,30.0,15.0,14.0,Data scientist or machine learning specialist,35-44 years old,"Professional degree (JD, MD, Ph.D, Ed.D, etc.)",Bash/Shell (all shells);C#;C++;Python;Rust,143785.0
Switzerland,4.0,4.0,,Data scientist or machine learning specialist,18-24 years old,Something else,Bash/Shell (all shells);Dart;Go;HTML/CSS;Java;JavaScript;Python;Rust;Solidity;SQL,77151.0
United States of America,15.0,12.0,12.0,"Engineer, data",25-34 years old,"Bachelor’s degree (B.A., B.S., B.Eng., etc.)",Bash/Shell (all shells);Groovy;HTML/CSS;Java;JavaScript;Python;R;SQL,200000.0
Spain,17.0,8.0,,Data scientist or machine learning specialist,25-34 years old,"Professional degree (JD, MD, Ph.D, Ed.D, etc.)",Python;R;Rust,48190.0
Germany,20.0,16.0,16.0,"Engineer, data",35-44 years old,"Secondary school (e.g. American high school, German Realschule or Gymnasium, etc.)",HTML/CSS;Java;Kotlin;Python;Rust;SQL;TypeScript,74963.0
United States of America,13.0,8.0,10.0,Data scientist or machine learning specialist,35-44 years old,"Master’s degree (M.A., M.S., M.Eng., MBA, etc.)",HTML/CSS;JavaScript;PowerShell;Python;SQL;TypeScript,190000.0
United States of America,30.0,30.0,30.0,Data or business analyst,45-54 years old,"Secondary school (e.g. American high school, German Realschule or Gymnasium, etc.)",C#;SQL,108000.0
Canada,30.0,25.0,,Data or business analyst,55-64 years old,"Bachelor’s degree (B.A., B.S., B.Eng., etc.)",HTML/CSS;PowerShell;SQL;TypeScript;VBA;Visual Basic (.Net),59481.0
France,7.0,5.0,5.0,Data scientist or machine learning specialist,25-34 years old,"Master’s degree (M.A., M.S., M.Eng., MBA, etc.)",Python;R;SQL,57828.0
Germany,25.0,16.0,17.0,Data or business analyst,35-44 years old,Some college/university study without earning a degree,HTML/CSS;Java;JavaScript,96381.0
United States of America,10.0,6.0,11.0,Data scientist or machine learning specialist,25-34 years old,"Bachelor’s degree (B.A., B.S., B.Eng., etc.)",Python;SQL,167000.0
United States of America,6.0,3.0,20.0,Data scientist or machine learning specialist,35-44 years old,"Master’s degree (M.A., M.S., M.Eng., MBA, etc.)",Python;R,105000.0
United States of America,16.0,10.0,10.0,"Engineer, data",25-34 years old,"Master’s degree (M.A., M.S., M.Eng., MBA, etc.)",Bash/Shell (all shells);Go;HTML/CSS;JavaScript;Python;SQL;TypeScript,185000.0
United States of America,30.0,17.0,17.0,"Engineer, data",45-54 years old,"Professional degree (JD, MD, Ph.D, Ed.D, etc.)",Bash/Shell (all shells);C;Fortran;Go;Julia;Lua;MATLAB;Python;Rust,100000.0
Spain,25.0,23.0,23.0,"Engineer, data",45-54 years old,"Professional degree (JD, MD, Ph.D, Ed.D, etc.)",Bash/Shell (all shells);Java;Scala;SQL,96381.0
United States of America,30.0,20.0,20.0,Scientist,35-44 years old,"Professional degree (JD, MD, Ph.D, Ed.D, etc.)",C++;Python,105000.0
Belgium,8.0,6.0,,Data scientist or machine learning specialist,25-34 years old,"Professional degree (JD, MD, Ph.D, Ed.D, etc.)",Bash/Shell (all shells);Java;JavaScript;PowerShell;Python;SQL;TypeScript,82459.0
Other,5.0,0.5,,Data scientist or machine learning specialist,18-24 years old,"Bachelor’s degree (B.A., B.S., B.Eng., etc.)",Bash/Shell (all shells);Python;SQL,6475.0
Germany,10.0,6.0,,Data scientist or machine learning specialist,35-44 years old,"Master’s degree (M.A., M.S., M.Eng., MBA, etc.)",Python;R;Scala,88456.0
France,8.0,4.0,4.0,Data scientist or machine learning specialist,25-34 years old,"Master’s degree (M.A., M.S., M.Eng., MBA, etc.)",Bash/Shell (all shells);HTML/CSS;Python,67466.0
United States of America,45.0,35.0,,Data scientist or machine learning specialist,55-64 years old,"Bachelor’s degree (B.A., B.S., B.Eng., etc.)",Assembly;C++;Java;Python;R;SAS,165000.0
United States of America,7.0,7.0,,Data scientist or machine learning specialist,35-44 years old,"Master’s degree (M.A., M.S., M.Eng., MBA, etc.)",R;SAS;SQL,125000.0
Other,13.0,10.0,10.0,Data scientist or machine learning specialist,25-34 years old,"Master’s degree (M.A., M.S., M.Eng., MBA, etc.)",Assembly;Go;HTML/CSS;JavaScript;Julia;Python;SQL,40000.0
United States of America,10.0,6.0,,"Engineer, data",25-34 years old,"Bachelor’s degree (B.A., B.S., B.Eng., etc.)",Bash/Shell (all shells);Go;JavaScript;Lua;Rust;SQL;TypeScript,200000.0
United States of America,48.0,37.0,,Data or business analyst,55-64 years old,"Bachelor’s degree (B.A., B.S., B.Eng., etc.)",HTML/CSS;SQL,180000.0
France,7.0,6.0,,Data scientist or machine learning specialist,25-34 years old,"Master’s degree (M.A., M.S., M.Eng., MBA, etc.)",Python,138146.0
United States of America,13.0,7.0,7.0,Data scientist or machine learning specialist,35-44 years old,"Professional degree (JD, MD, Ph.D, Ed.D, etc.)",Bash/Shell (all shells);Perl;Python;R;Ruby;SQL,145000.0
France,15.0,10.0,,Data scientist or machine learning specialist,25-34 years old,"Master’s degree (M.A., M.S., M.Eng., MBA, etc.)",Bash/Shell (all shells);C#;HTML/CSS;JavaScript;PHP;Python;SQL,80317.0
United States of America,20.0,8.0,20.0,Data or business analyst,35-44 years old,"Bachelor’s degree (B.A., B.S., B.Eng., etc.)",Python;SQL,123596.0
United States of America,23.0,17.0,7.0,"Engineer, data",35-44 years old,"Master’s degree (M.A., M.S., M.Eng., MBA, etc.)",C#;HTML/CSS;Python;SQL,100000.0
Other,22.0,11.0,15.0,"Engineer, data",35-44 years old,"Master’s degree (M.A., M.S., M.Eng., MBA, etc.)",Java,66709.0
United States of America,9.0,6.0,,Data or business analyst,25-34 years old,"Master’s degree (M.A., M.S., M.Eng., MBA, etc.)",JavaScript;Python;R;SQL,200000.0
France,27.0,17.0,17.0,"Engineer, data",35-44 years old,"Professional degree (JD, MD, Ph.D, Ed.D, etc.)",C#;HTML/CSS;JavaScript;SQL;TypeScript,107090.0
Other,15.0,10.0,15.0,"Engineer, data",35-44 years old,"Bachelor’s degree (B.A., B.S., B.Eng., etc.)",Bash/Shell (all shells);HTML/CSS;JavaScript;Perl;PowerShell;Python;SQL;TypeScript,71837.0
Canada,25.0,20.0,20.0,Data or business analyst,35-44 years old,Some college/university study without earning a degree,C#;JavaScript;SQL;TypeScript,70634.0
Other,2.0,2.0,8.0,Data or business analyst,35-44 years old,"Master’s degree (M.A., M.S., M.Eng., MBA, etc.)",Python;R;SQL,18766.0
Belgium,11.0,10.0,14.0,Data scientist or machine learning specialist,35-44 years old,"Master’s degree (M.A., M.S., M.Eng., MBA, etc.)",Bash/Shell (all shells);HTML/CSS;JavaScript;Python,74963.0
Germany,6.0,5.0,,Data scientist or machine learning specialist,45-54 years old,"Bachelor’s degree (B.A., B.S., B.Eng., etc.)",Bash/Shell (all shells);PowerShell;Python;SQL;VBA,117798.0
Germany,13.0,6.0,6.0,Data scientist or machine learning specialist,25-34 years old,"Master’s degree (M.A., M.S., M.Eng., MBA, etc.)",Bash/Shell (all shells);Python;SQL,80317.0
United States of America,4.0,1.0,1.0,Data scientist or machine learning specialist,25-34 years old,"Bachelor’s degree (B.A., B.S., B.Eng., etc.)",Bash/Shell (all shells);C#;Python;R;SQL,73000.0
United States of America,30.0,18.0,18.0,Scientist,35-44 years old,"Master’s degree (M.A., M.S., M.Eng., MBA, etc.)",Bash/Shell (all shells);C;MATLAB;Python;SQL,104000.0
United States of America,10.0,7.0,16.0,Data scientist or machine learning specialist,35-44 years old,"Master’s degree (M.A., M.S., M.Eng., MBA, etc.)",Bash/Shell (all shells);Python;R;SQL,230000.0
United States of America,10.0,8.0,,Data scientist or machine learning specialist,25-34 years old,"Master’s degree (M.A., M.S., M.Eng., MBA, etc.)",Bash/Shell (all shells);HTML/CSS;JavaScript;Python;R;SQL,175000.0
United States of America,7.0,2.0,,Data scientist or machine learning specialist,25-34 years old,"Master’s degree (M.A., M.S., M.Eng., MBA, etc.)",Bash/Shell (all shells);C#;C++;Python;SQL,140000.0
United States of America,10.0,7.0,,"Engineer, data",25-34 years old,"Bachelor’s degree (B.A., B.S., B.Eng., etc.)",Bash/Shell (all shells);C;C++;HTML/CSS;JavaScript;PowerShell;Python,101000.0
United States of America,10.0,5.0,5.0,Scientist,25-34 years old,"Master’s degree (M.A., M.S., M.Eng., MBA, etc.)",Java;Rust,250000.0
United States of America,10.0,8.0,18.0,Data scientist or machine learning specialist,35-44 years old,"Master’s degree (M.A., M.S., M.Eng., MBA, etc.)",Bash/Shell (all shells);PowerShell;Python;R;SQL,200000.0
Canada,34.0,30.0,30.0,"Engineer, data",45-54 years old,"Bachelor’s degree (B.A., B.S., B.Eng., etc.)",C#;PowerShell;Python;SQL,70634.0
Denmark,8.0,3.0,,Data scientist or machine learning specialist,45-54 years old,"Master’s degree (M.A., M.S., M.Eng., MBA, etc.)",Bash/Shell (all shells);Python,115028.0
Israel,14.0,10.0,10.0,Data scientist or machine learning specialist,25-34 years old,"Bachelor’s degree (B.A., B.S., B.Eng., etc.)",Python;SQL,137916.0
Brazil,9.0,6.0,9.0,Data or business analyst,18-24 years old,"Bachelor’s degree (B.A., B.S., B.Eng., etc.)",Bash/Shell (all shells);C#;Python;SQL;VBA,23331.0
United Kingdom of Great Britain and Northern Ireland,10.0,7.0,,Data scientist or machine learning specialist,25-34 years old,"Master’s degree (M.A., M.S., M.Eng., MBA, etc.)",Bash/Shell (all shells);C;Python;R;SAS,73862.0
United States of America,16.0,11.0,14.0,"Engineer, data",35-44 years old,"Master’s degree (M.A., M.S., M.Eng., MBA, etc.)",Bash/Shell (all shells);C;C++;Lisp;MATLAB;Python,200000.0
United States of America,5.0,2.0,2.0,Data scientist or machine learning specialist,25-34 years old,"Master’s degree (M.A., M.S., M.Eng., MBA, etc.)",C#;Python,120000.0
India,10.0,5.0,6.0,"Engineer, data",25-34 years old,"Bachelor’s degree (B.A., B.S., B.Eng., etc.)",Apex;HTML/CSS;JavaScript;SQL,19993.0
United States of America,15.0,15.0,30.0,Data or business analyst,35-44 years old,"Associate degree (A.A., A.S., etc.)",R;SQL;VBA;Visual Basic (.Net),96000.0
Other,8.0,1.0,,Data scientist or machine learning specialist,18-24 years old,"Bachelor’s degree (B.A., B.S., B.Eng., etc.)",JavaScript;PHP;Python;R;SQL,14845.0
Belgium,15.0,10.0,10.0,Data scientist or machine learning specialist,35-44 years old,"Professional degree (JD, MD, Ph.D, Ed.D, etc.)",Bash/Shell (all shells);HTML/CSS;MATLAB;Python;R;SQL,107090.0
United States of America,8.0,2.0,,Scientist,25-34 years old,"Professional degree (JD, MD, Ph.D, Ed.D, etc.)",Python,153000.0
United States of America,9.0,7.0,18.0,Data or business analyst,35-44 years old,"Bachelor’s degree (B.A., B.S., B.Eng., etc.)",JavaScript;Python;R;SQL,110000.0
United States of America,15.0,2.0,,"Engineer, data",25-34 years old,"Bachelor’s degree (B.A., B.S., B.Eng., etc.)",Bash/Shell (all shells);C#;Groovy;Java;JavaScript;PowerShell;Python;Scala;SQL;TypeScript,74500.0
Poland,20.0,13.0,13.0,Data scientist or machine learning specialist,35-44 years old,"Master’s degree (M.A., M.S., M.Eng., MBA, etc.)",C;C++;Dart;Go;Java;Python;SQL;TypeScript,4307.0
United States of America,13.0,13.0,22.0,Data scientist or machine learning specialist,35-44 years old,"Bachelor’s degree (B.A., B.S., B.Eng., etc.)",Bash/Shell (all shells);Go;JavaScript;Python;SQL,330000.0
United States of America,25.0,25.0,,Data or business analyst,45-54 years old,"Bachelor’s degree (B.A., B.S., B.Eng., etc.)",Bash/Shell (all shells);Cobol;HTML/CSS;MATLAB;Python;SAS,140000.0
United Kingdom of Great Britain and Northern Ireland,1.0,0.5,1.0,"Engineer, data",25-34 years old,Some college/university study without earning a degree,Bash/Shell (all shells);Python;SQL,39724.0
United States of America,7.0,2.0,,Scientist,18-24 years old,"Master’s degree (M.A., M.S., M.Eng., MBA, etc.)",Bash/Shell (all shells);Python;SQL,102000.0
United States of America,20.0,7.0,20.0,"Engineer, data",35-44 years old,"Bachelor’s degree (B.A., B.S., B.Eng., etc.)",Bash/Shell (all shells);C#;C++;HTML/CSS;PowerShell;Python;SQL;VBA;Visual Basic (.Net),112000.0
United Kingdom of Great Britain and Northern Ireland,3.0,1.0,,Data or business analyst,25-34 years old,"Master’s degree (M.A., M.S., M.Eng., MBA, etc.)",Python;R;SQL,40966.0
Australia,3.0,2.0,2.0,Data or business analyst,35-44 years old,"Bachelor’s degree (B.A., B.S., B.Eng., etc.)",HTML/CSS;JavaScript;MATLAB;PowerShell;Python;R;SQL;TypeScript;VBA,25041.0
Poland,15.0,8.0,8.0,"Engineer, data",25-34 years old,"Bachelor’s degree (B.A., B.S., B.Eng., etc.)",Bash/Shell (all shells);Java;Python;Scala;SQL,83742.0
United States of America,8.0,6.0,8.0,"Engineer, data",25-34 years old,"Bachelor’s degree (B.A., B.S., B.Eng., etc.)",JavaScript;PowerShell;Python;SQL;TypeScript;VBA,130000.0
Australia,13.0,13.0,,Data scientist or machine learning specialist,35-44 years old,"Bachelor’s degree (B.A., B.S., B.Eng., etc.)",R,72714.0
United States of America,8.0,4.0,4.0,Data scientist or machine learning specialist,25-34 years old,"Master’s degree (M.A., M.S., M.Eng., MBA, etc.)",HTML/CSS;JavaScript;Python;Rust;SAS;SQL,115000.0
New Zealand,30.0,25.0,,Data or business analyst,45-54 years old,"Bachelor’s degree (B.A., B.S., B.Eng., etc.)",C;C#;C++;Crystal;HTML/CSS;Java;JavaScript;PowerShell;R;SAS;SQL;VBA;Visual Basic (.Net),72843.0
Switzerland,9.0,8.0,8.0,Data scientist or machine learning specialist,35-44 years old,"Professional degree (JD, MD, Ph.D, Ed.D, etc.)",Bash/Shell (all shells);PowerShell;Python,132260.0
Australia,25.0,20.0,20.0,Data or business analyst,35-44 years old,"Bachelor’s degree (B.A., B.S., B.Eng., etc.)",HTML/CSS;JavaScript;TypeScript,74697.0
United States of America,12.0,6.0,3.0,Data scientist or machine learning specialist,25-34 years old,"Professional degree (JD, MD, Ph.D, Ed.D, etc.)",Python,105000.0
United States of America,10.0,4.0,4.0,Data or business analyst,25-34 years old,"Bachelor’s degree (B.A., B.S., B.Eng., etc.)",C;C++;MATLAB;Python;R;SQL,66000.0
Australia,8.0,4.0,4.0,Data scientist or machine learning specialist,25-34 years old,"Bachelor’s degree (B.A., B.S., B.Eng., etc.)",Bash/Shell (all shells);HTML/CSS;JavaScript;Python;R;SQL,113699.0
Australia,10.0,4.0,4.0,Data scientist or machine learning specialist,25-34 years old,"Bachelor’s degree (B.A., B.S., B.Eng., etc.)",Bash/Shell (all shells);C#;C++;PowerShell;Python;Scala;SQL,79325.0
Canada,32.0,24.0,,"Engineer, data",45-54 years old,"Bachelor’s degree (B.A., B.S., B.Eng., etc.)",Bash/Shell (all shells);Go;Python;SQL,148703.0
United States of America,28.0,28.0,30.0,Data or business analyst,55-64 years old,"Bachelor’s degree (B.A., B.S., B.Eng., etc.)",JavaScript;SQL;VBA,92000.0
New Zealand,10.0,4.0,,Data scientist or machine learning specialist,18-24 years old,"Bachelor’s degree (B.A., B.S., B.Eng., etc.)",Python,66772.0
United States of America,30.0,20.0,24.0,"Engineer, data",45-54 years old,"Professional degree (JD, MD, Ph.D, Ed.D, etc.)",C#;HTML/CSS;PHP;SQL,188477.0
United States of America,9.0,2.0,26.0,Data or business analyst,35-44 years old,"Bachelor’s degree (B.A., B.S., B.Eng., etc.)",Crystal;HTML/CSS;Java;JavaScript;SQL;VBA;Visual Basic (.Net),57928.0
Netherlands,8.0,5.0,5.0,"Engineer, data",25-34 years old,"Bachelor’s degree (B.A., B.S., B.Eng., etc.)",Java;Kotlin;Scala;SQL,54616.0
Other,8.0,6.0,5.0,Data scientist or machine learning specialist,25-34 years old,"Master’s degree (M.A., M.S., M.Eng., MBA, etc.)",JavaScript;Python;SQL;VBA,60000.0
United States of America,19.0,14.0,,Data or business analyst,35-44 years old,"Master’s degree (M.A., M.S., M.Eng., MBA, etc.)",C++;Java;SQL;Visual Basic (.Net),135000.0
India,14.0,10.0,11.0,"Engineer, data",25-34 years old,"Master’s degree (M.A., M.S., M.Eng., MBA, etc.)",Python,47256.0
India,8.0,4.0,4.0,Data scientist or machine learning specialist,25-34 years old,"Bachelor’s degree (B.A., B.S., B.Eng., etc.)",Python;R,10905.0
Brazil,9.0,5.0,7.0,Data or business analyst,25-34 years old,"Bachelor’s degree (B.A., B.S., B.Eng., etc.)",Python;R;SQL,24345.0
Other,13.0,8.0,,Data scientist or machine learning specialist,25-34 years old,"Bachelor’s degree (B.A., B.S., B.Eng., etc.)",Dart;Python,47245.0
Other,3.0,2.0,15.0,Data scientist or machine learning specialist,35-44 years old,"Master’s degree (M.A., M.S., M.Eng., MBA, etc.)",JavaScript;Python;SQL,16160.0
United States of America,10.0,5.0,5.0,Data scientist or machine learning specialist,25-34 years old,"Master’s degree (M.A., M.S., M.Eng., MBA, etc.)",C#;JavaScript;Python;Scala,160000.0
United States of America,10.0,6.0,5.0,"Engineer, data",25-34 years old,"Master’s degree (M.A., M.S., M.Eng., MBA, etc.)",Bash/Shell (all shells);HTML/CSS;Python;R;SQL,200000.0
Denmark,6.0,3.0,4.0,"Engineer, data",25-34 years old,"Bachelor’s degree (B.A., B.S., B.Eng., etc.)",Python;SQL,75918.0
Other,10.0,10.0,10.0,Data or business analyst,35-44 years old,Some college/university study without earning a degree,SQL,40460.0
United States of America,40.0,35.0,,"Engineer, data",55-64 years old,"Master’s degree (M.A., M.S., M.Eng., MBA, etc.)",Bash/Shell (all shells);F#;Python;SQL,125000.0
Israel,7.0,5.0,,Scientist,25-34 years old,"Professional degree (JD, MD, Ph.D, Ed.D, etc.)",R,80184.0
Australia,25.0,19.0,,Scientist,45-54 years old,"Professional degree (JD, MD, Ph.D, Ed.D, etc.)",Julia;Python,89261.0
Austria,7.0,3.0,8.0,"Engineer, data",25-34 years old,"Bachelor’s degree (B.A., B.S., B.Eng., etc.)",HTML/CSS;Python;SQL,55687.0
Other,18.0,11.0,19.0,Data scientist or machine learning specialist,25-34 years old,"Master’s degree (M.A., M.S., M.Eng., MBA, etc.)",C;C#;C++;Haskell;JavaScript;Python;Rust;SQL;Swift;TypeScript,69610.0
India,22.0,10.0,14.0,"Engineer, data",35-44 years old,"Master’s degree (M.A., M.S., M.Eng., MBA, etc.)",PowerShell;Python;SQL,48468.0
Spain,11.0,7.0,,Data scientist or machine learning specialist,25-34 years old,"Master’s degree (M.A., M.S., M.Eng., MBA, etc.)",Bash/Shell (all shells);Python,48190.0
Belgium,3.0,3.0,3.0,Data or business analyst,25-34 years old,"Master’s degree (M.A., M.S., M.Eng., MBA, etc.)",Python;SQL,55155.0
Other,7.0,5.0,5.0,Data scientist or machine learning specialist,25-34 years old,"Master’s degree (M.A., M.S., M.Eng., MBA, etc.)",C++;Python,64514.0
United Kingdom of Great Britain and Northern Ireland,10.0,5.0,3.0,Data or business analyst,25-34 years old,"Bachelor’s degree (B.A., B.S., B.Eng., etc.)",HTML/CSS;JavaScript;Python;R;SQL,51145.0
France,6.0,1.0,1.0,"Engineer, data",18-24 years old,"Master’s degree (M.A., M.S., M.Eng., MBA, etc.)",Bash/Shell (all shells);C#;Go;HTML/CSS;Java;JavaScript;Julia;Python;SQL,48190.0
United Kingdom of Great Britain and Northern Ireland,7.0,3.0,,Data scientist or machine learning specialist,18-24 years old,"Bachelor’s degree (B.A., B.S., B.Eng., etc.)",Python;R;SAS,47793.0
Switzerland,24.0,20.0,,"Engineer, data",45-54 years old,"Professional degree (JD, MD, Ph.D, Ed.D, etc.)",C#;Python;SQL,154303.0
Austria,15.0,5.0,5.0,Data scientist or machine learning specialist,25-34 years old,"Master’s degree (M.A., M.S., M.Eng., MBA, etc.)",HTML/CSS;JavaScript;Python,58899.0
Other,2.0,1.0,4.0,Data or business analyst,25-34 years old,"Master’s degree (M.A., M.S., M.Eng., MBA, etc.)",Python;R;SQL,53545.0
France,10.0,2.0,2.0,"Engineer, data",25-34 years old,"Master’s degree (M.A., M.S., M.Eng., MBA, etc.)",Python;Rust;TypeScript,38552.0
United Kingdom of Great Britain and Northern Ireland,2.0,1.0,1.0,Data or business analyst,25-34 years old,"Master’s degree (M.A., M.S., M.Eng., MBA, etc.)",Dart;Python;SQL;TypeScript,37241.0
Spain,7.0,6.0,,Data scientist or machine learning specialist,25-34 years old,"Master’s degree (M.A., M.S., M.Eng., MBA, etc.)",MATLAB;Python;R;SAS;SQL,58899.0
France,5.0,1.0,3.0,Data scientist or machine learning specialist,18-24 years old,"Master’s degree (M.A., M.S., M.Eng., MBA, etc.)",Perl;PHP;Python;SQL,53545.0
Germany,6.0,5.0,,"Engineer, data",25-34 years old,"Bachelor’s degree (B.A., B.S., B.Eng., etc.)",C++;Java;JavaScript;TypeScript,73892.0
Spain,9.0,7.0,7.0,"Engineer, data",25-34 years old,"Master’s degree (M.A., M.S., M.Eng., MBA, etc.)",Bash/Shell (all shells);Java;Lua;Python,51403.0
France,3.0,1.0,,Data scientist or machine learning specialist,18-24 years old,"Master’s degree (M.A., M.S., M.Eng., MBA, etc.)",Fortran;MATLAB;Python;SQL;VBA,42836.0
United Kingdom of Great Britain and Northern Ireland,25.0,20.0,20.0,"Engineer, data",35-44 years old,Something else,Bash/Shell (all shells);C;C++;Haskell;HTML/CSS;JavaScript;Lua;Python;Rust;SQL,116690.0
India,4.0,0.5,1.0,Data scientist or machine learning specialist,18-24 years old,"Bachelor’s degree (B.A., B.S., B.Eng., etc.)",Bash/Shell (all shells);C;C++;HTML/CSS;JavaScript;Python;R;SQL,20599.0
Spain,3.0,2.0,5.0,Data scientist or machine learning specialist,25-34 years old,"Master’s degree (M.A., M.S., M.Eng., MBA, etc.)",HTML/CSS;Python;SQL,44978.0
United Kingdom of Great Britain and Northern Ireland,5.0,5.0,10.0,"Engineer, data",35-44 years old,"Bachelor’s degree (B.A., B.S., B.Eng., etc.)",Python;SQL,46552.0
Italy,10.0,5.0,6.0,Data scientist or machine learning specialist,25-34 years old,"Master’s degree (M.A., M.S., M.Eng., MBA, etc.)",Bash/Shell (all shells);Python,35340.0
Other,13.0,6.0,6.0,Data scientist or machine learning specialist,25-34 years old,"Master’s degree (M.A., M.S., M.Eng., MBA, etc.)",Python,25273.0
United Kingdom of Great Britain and Northern Ireland,11.0,3.0,,"Engineer, data",25-34 years old,"Bachelor’s degree (B.A., B.S., B.Eng., etc.)",Perl;Python;R;Scala;SQL,150207.0
Finland,8.0,7.0,,"Engineer, data",25-34 years old,"Master’s degree (M.A., M.S., M.Eng., MBA, etc.)",Bash/Shell (all shells);HTML/CSS;JavaScript;Python;Rust;SQL;TypeScript,86743.0
United Kingdom of Great Britain and Northern Ireland,3.0,3.0,3.0,"Engineer, data",25-34 years old,"Bachelor’s degree (B.A., B.S., B.Eng., etc.)",Bash/Shell (all shells);Go;Python;Rust,62069.0
Germany,18.0,12.0,12.0,"Engineer, data",25-34 years old,"Bachelor’s degree (B.A., B.S., B.Eng., etc.)",Bash/Shell (all shells);C;C++;HTML/CSS;JavaScript;Python;R;Rust;SQL;TypeScript,113515.0
Germany,15.0,10.0,,"Engineer, data",25-34 years old,"Master’s degree (M.A., M.S., M.Eng., MBA, etc.)",MATLAB;Python;Visual Basic (.Net),171343.0
United Kingdom of Great Britain and Northern Ireland,4.0,3.0,,Data scientist or machine learning specialist,25-34 years old,"Master’s degree (M.A., M.S., M.Eng., MBA, etc.)",Julia;Python;R;SQL,53379.0
France,10.0,5.0,5.0,"Engineer, data",25-34 years old,"Master’s degree (M.A., M.S., M.Eng., MBA, etc.)",Python;Rust;SQL,64254.0
Other,5.0,1.0,8.0,Data or business analyst,25-34 years old,"Bachelor’s degree (B.A., B.S., B.Eng., etc.)",C++;Python;R;SQL,48914.0
Other,27.0,16.0,16.0,"Engineer, data",35-44 years old,"Bachelor’s degree (B.A., B.S., B.Eng., etc.)",Clojure;Scala;SQL,84112.0
United Kingdom of Great Britain and Northern Ireland,12.0,10.0,,"Engineer, data",35-44 years old,"Professional degree (JD, MD, Ph.D, Ed.D, etc.)",Bash/Shell (all shells);HTML/CSS;Python,80690.0
United Kingdom of Great Britain and Northern Ireland,15.0,10.0,,Scientist,35-44 years old,"Professional degree (JD, MD, Ph.D, Ed.D, etc.)",C++;MATLAB;Python,94221.0
France,10.0,5.0,4.0,"Engineer, data",25-34 years old,"Master’s degree (M.A., M.S., M.Eng., MBA, etc.)",Bash/Shell (all shells);C#;Java;JavaScript;Python;SQL,72821.0
United Kingdom of Great Britain and Northern Ireland,7.0,6.0,,"Engineer, data",25-34 years old,"Bachelor’s degree (B.A., B.S., B.Eng., etc.)",Bash/Shell (all shells);HTML/CSS;JavaScript;Python;SQL,94345.0
Other,12.0,7.0,7.0,Data scientist or machine learning specialist,25-34 years old,"Master’s degree (M.A., M.S., M.Eng., MBA, etc.)",Bash/Shell (all shells);HTML/CSS;Java;JavaScript;Python;R;SQL;TypeScript,72490.0
Australia,12.0,5.0,,Data scientist or machine learning specialist,25-34 years old,"Master’s degree (M.A., M.S., M.Eng., MBA, etc.)",Bash/Shell (all shells);Python;SQL,109071.0
Belgium,20.0,17.0,,Data scientist or machine learning specialist,35-44 years old,"Master’s degree (M.A., M.S., M.Eng., MBA, etc.)",Python;Swift,64254.0
Poland,6.0,2.0,3.0,"Engineer, data",25-34 years old,"Bachelor’s degree (B.A., B.S., B.Eng., etc.)",Bash/Shell (all shells);PHP;Python;SQL,35889.0
Poland,5.0,1.0,,Data or business analyst,18-24 years old,"Bachelor’s degree (B.A., B.S., B.Eng., etc.)",Python;SQL,11963.0
Canada,10.0,5.0,4.0,Scientist,25-34 years old,"Master’s degree (M.A., M.S., M.Eng., MBA, etc.)",Bash/Shell (all shells);C;Fortran;Python,66173.0
Switzerland,8.0,5.0,,Data scientist or machine learning specialist,25-34 years old,"Master’s degree (M.A., M.S., M.Eng., MBA, etc.)",C++;Elixir;HTML/CSS;JavaScript;Python;TypeScript,275541.0
France,9.0,5.0,,Data scientist or machine learning specialist,25-34 years old,"Master’s degree (M.A., M.S., M.Eng., MBA, etc.)",Python;SQL,71750.0
Other,7.0,0.5,1.0,Data scientist or machine learning specialist,25-34 years old,"Bachelor’s degree (B.A., B.S., B.Eng., etc.)",Haskell;Python;R;Scala,7228.0
India,7.0,1.0,1.0,"Engineer, data",18-24 years old,"Bachelor’s degree (B.A., B.S., B.Eng., etc.)",C++;HTML/CSS;JavaScript;PHP;PowerShell;Python;Scala;SQL,9694.0
Germany,8.0,6.0,7.0,Data scientist or machine learning specialist,25-34 years old,"Master’s degree (M.A., M.S., M.Eng., MBA, etc.)",Python,88884.0
Other,5.0,4.0,4.0,"Engineer, data",25-34 years old,"Master’s degree (M.A., M.S., M.Eng., MBA, etc.)",Python;SQL,2500.0
United Kingdom of Great Britain and Northern Ireland,5.0,3.0,,"Engineer, data",25-34 years old,"Bachelor’s degree (B.A., B.S., B.Eng., etc.)",C#;Python;SQL,74483.0
United Kingdom of Great Britain and Northern Ireland,13.0,6.0,9.0,Data scientist or machine learning specialist,25-34 years old,"Professional degree (JD, MD, Ph.D, Ed.D, etc.)",Dart;Python,86897.0
Germany,15.0,5.0,,Data or business analyst,35-44 years old,"Master’s degree (M.A., M.S., M.Eng., MBA, etc.)",Dart;HTML/CSS;JavaScript;PowerShell;SQL;TypeScript,74963.0
Brazil,32.0,27.0,32.0,Data scientist or machine learning specialist,45-54 years old,"Master’s degree (M.A., M.S., M.Eng., MBA, etc.)",C#;JavaScript;Python,42604.0
United States of America,10.0,3.0,3.0,Data scientist or machine learning specialist,25-34 years old,"Bachelor’s degree (B.A., B.S., B.Eng., etc.)",Bash/Shell (all shells);C#;Python;SQL;TypeScript,143000.0
Other,16.0,11.0,11.0,Data scientist or machine learning specialist,25-34 years old,"Master’s degree (M.A., M.S., M.Eng., MBA, etc.)",C#;HTML/CSS;JavaScript;PowerShell;Python;SQL;TypeScript,92420.0
Germany,5.0,4.0,4.0,Scientist,25-34 years old,"Master’s degree (M.A., M.S., M.Eng., MBA, etc.)",C;Python;Rust,56757.0
India,10.0,8.0,8.0,Data scientist or machine learning specialist,25-34 years old,"Master’s degree (M.A., M.S., M.Eng., MBA, etc.)",Python;R;SQL,29081.0
Germany,20.0,9.0,9.0,"Engineer, data",25-34 years old,"Master’s degree (M.A., M.S., M.Eng., MBA, etc.)",JavaScript;Python;Rust;SQL,88884.0
Italy,7.0,2.0,2.0,Data scientist or machine learning specialist,25-34 years old,"Master’s degree (M.A., M.S., M.Eng., MBA, etc.)",JavaScript;Python;Rust;TypeScript,32127.0
Other,9.0,1.0,1.0,"Engineer, data",18-24 years old,"Master’s degree (M.A., M.S., M.Eng., MBA, etc.)",C++;Python;SQL,90625.0
Other,2.0,0.5,,Data or business analyst,18-24 years old,Some college/university study without earning a degree,HTML/CSS;JavaScript;Python,4610.0
United States of America,30.0,25.0,,Data or business analyst,45-54 years old,"Master’s degree (M.A., M.S., M.Eng., MBA, etc.)",C++;MATLAB,300000.0
United States of America,9.0,5.0,6.0,Data or business analyst,25-34 years old,"Bachelor’s degree (B.A., B.S., B.Eng., etc.)",Python;R;SAS;SQL,46000.0
Other,11.0,7.0,7.0,"Engineer, data",25-34 years old,"Bachelor’s degree (B.A., B.S., B.Eng., etc.)",Bash/Shell (all shells);Java;Python;Scala;SQL,46049.0
United States of America,13.0,9.0,22.0,"Engineer, data",35-44 years old,"Master’s degree (M.A., M.S., M.Eng., MBA, etc.)",Bash/Shell (all shells);HTML/CSS;JavaScript;PHP;Python;Scala;SQL;VBA,120000.0
France,10.0,8.0,8.0,"Engineer, data",25-34 years old,"Master’s degree (M.A., M.S., M.Eng., MBA, etc.)",C#;Groovy;Java,96381.0
Other,25.0,20.0,21.0,"Engineer, data",35-44 years old,"Bachelor’s degree (B.A., B.S., B.Eng., etc.)",HTML/CSS;PHP;Python;SQL,37481.0
United Kingdom of Great Britain and Northern Ireland,6.0,1.0,,"Engineer, data",25-34 years old,"Master’s degree (M.A., M.S., M.Eng., MBA, etc.)",Python;SQL,74483.0
United States of America,10.0,3.0,5.0,Data scientist or machine learning specialist,25-34 years old,"Master’s degree (M.A., M.S., M.Eng., MBA, etc.)",HTML/CSS;JavaScript;Python;R;SQL;VBA,99500.0
Other,6.0,8.0,,Data scientist or machine learning specialist,25-34 years old,"Master’s degree (M.A., M.S., M.Eng., MBA, etc.)",Python;R;SQL,25000.0
Israel,8.0,8.0,,Data scientist or machine learning specialist,25-34 years old,"Bachelor’s degree (B.A., B.S., B.Eng., etc.)",C;PowerShell;Python,128294.0
Other,8.0,1.0,,Data or business analyst,25-34 years old,"Bachelor’s degree (B.A., B.S., B.Eng., etc.)",C#;Python;SQL,15662.0
United States of America,5.0,1.0,2.0,Data scientist or machine learning specialist,18-24 years old,"Master’s degree (M.A., M.S., M.Eng., MBA, etc.)",Bash/Shell (all shells);Python;Ruby;SQL;Swift,110000.0
United States of America,22.0,22.0,,"Engineer, data",45-54 years old,"Bachelor’s degree (B.A., B.S., B.Eng., etc.)",Bash/Shell (all shells);Python;R;SQL,232000.0
Brazil,12.0,10.0,15.0,"Engineer, data",35-44 years old,"Master’s degree (M.A., M.S., M.Eng., MBA, etc.)",Python,71007.0
United States of America,16.0,13.0,6.0,Data scientist or machine learning specialist,35-44 years old,"Professional degree (JD, MD, Ph.D, Ed.D, etc.)",HTML/CSS;JavaScript;Python;SQL,145000.0
Canada,20.0,16.0,,Data or business analyst,35-44 years old,"Bachelor’s degree (B.A., B.S., B.Eng., etc.)",C++;HTML/CSS;Java;JavaScript;PHP;PowerShell;SQL,89222.0
Switzerland,38.0,25.0,25.0,Data or business analyst,45-54 years old,"Master’s degree (M.A., M.S., M.Eng., MBA, etc.)",Bash/Shell (all shells);HTML/CSS;JavaScript;Python,165324.0
Poland,12.0,10.0,10.0,Data scientist or machine learning specialist,25-34 years old,"Master’s degree (M.A., M.S., M.Eng., MBA, etc.)",Bash/Shell (all shells);Dart;Python;SQL,71779.0
United Kingdom of Great Britain and Northern Ireland,14.0,4.0,14.0,Data or business analyst,25-34 years old,"Master’s degree (M.A., M.S., M.Eng., MBA, etc.)",APL;Bash/Shell (all shells);Lisp;OCaml;Python;R,38483.0
Netherlands,1.0,0.5,,Data or business analyst,25-34 years old,"Bachelor’s degree (B.A., B.S., B.Eng., etc.)",Python;R,47119.0
Canada,20.0,10.0,5.0,Data scientist or machine learning specialist,35-44 years old,"Professional degree (JD, MD, Ph.D, Ed.D, etc.)",Python,148703.0
Germany,7.0,2.0,,Data scientist or machine learning specialist,25-34 years old,"Master’s degree (M.A., M.S., M.Eng., MBA, etc.)",C++;Python,74963.0
United States of America,36.0,30.0,36.0,"Engineer, data",45-54 years old,"Master’s degree (M.A., M.S., M.Eng., MBA, etc.)",Bash/Shell (all shells);C;C++;Elixir;Erlang;Fortran;Go;Java;JavaScript;Lisp;Perl;Prolog;Python;R;SQL,160000.0
United States of America,6.0,2.0,2.0,Scientist,18-24 years old,"Bachelor’s degree (B.A., B.S., B.Eng., etc.)",Go;Java,140000.0
Other,28.0,21.0,22.0,"Engineer, data",35-44 years old,"Bachelor’s degree (B.A., B.S., B.Eng., etc.)",Bash/Shell (all shells);Groovy;HTML/CSS;JavaScript;Python;SQL,80317.0
United States of America,14.0,10.0,14.0,Data scientist or machine learning specialist,35-44 years old,"Master’s degree (M.A., M.S., M.Eng., MBA, etc.)",Bash/Shell (all shells);C;C++;HTML/CSS;JavaScript;Python;Rust;SQL,165000.0
United States of America,17.0,14.0,15.0,"Engineer, data",35-44 years old,"Bachelor’s degree (B.A., B.S., B.Eng., etc.)",Bash/Shell (all shells);Python,250000.0
Other,9.0,9.0,,"Engineer, data",25-34 years old,"Bachelor’s degree (B.A., B.S., B.Eng., etc.)",Bash/Shell (all shells);Python;Scala,77379.0
Other,11.0,7.0,7.0,Data scientist or machine learning specialist,25-34 years old,"Bachelor’s degree (B.A., B.S., B.Eng., etc.)",C;C++;Elixir;Zig,140688.0
Other,10.0,10.0,,Data scientist or machine learning specialist,45-54 years old,"Master’s degree (M.A., M.S., M.Eng., MBA, etc.)",HTML/CSS;PowerShell;R,64254.0
Other,9.0,8.0,8.0,Data scientist or machine learning specialist,25-34 years old,"Master’s degree (M.A., M.S., M.Eng., MBA, etc.)",Bash/Shell (all shells);Python;SQL,117798.0
Spain,14.0,10.0,10.0,Data scientist or machine learning specialist,25-34 years old,"Master’s degree (M.A., M.S., M.Eng., MBA, etc.)",Python,64254.0
Other,6.0,6.0,6.0,Scientist,35-44 years old,"Master’s degree (M.A., M.S., M.Eng., MBA, etc.)",HTML/CSS;JavaScript;Python;R;SQL;VBA,1088.0
United States of America,39.0,25.0,31.0,Data scientist or machine learning specialist,45-54 years old,"Professional degree (JD, MD, Ph.D, Ed.D, etc.)",Bash/Shell (all shells);C++;Dart;Python,187000.0
Denmark,35.0,20.0,,Data scientist or machine learning specialist,45-54 years old,"Master’s degree (M.A., M.S., M.Eng., MBA, etc.)",Assembly;Bash/Shell (all shells);C;C#;C++;Delphi;GDScript;Java;JavaScript;Objective-C;PHP;Python;R;SAS;SQL;Swift;VBA;Visual Basic (.Net),132282.0
United States of America,12.0,8.0,12.0,"Engineer, data",35-44 years old,"Bachelor’s degree (B.A., B.S., B.Eng., etc.)",Bash/Shell (all shells);Go;HTML/CSS;JavaScript;Lua;PowerShell;Python;R;SQL,180000.0
United States of America,4.0,4.0,4.0,"Engineer, data",25-34 years old,"Bachelor’s degree (B.A., B.S., B.Eng., etc.)",Python,90000.0
United States of America,40.0,34.0,,"Engineer, data",55-64 years old,"Bachelor’s degree (B.A., B.S., B.Eng., etc.)",Java;Python;Scala;SQL,200000.0
United States of America,6.0,2.0,15.0,Data or business analyst,35-44 years old,"Master’s degree (M.A., M.S., M.Eng., MBA, etc.)",Python;VBA,120000.0
United States of America,40.0,34.0,34.0,Scientist,55-64 years old,"Professional degree (JD, MD, Ph.D, Ed.D, etc.)",Bash/Shell (all shells);C;C++;Python;SQL,160000.0
Other,7.0,6.0,7.0,Data scientist or machine learning specialist,25-34 years old,"Bachelor’s degree (B.A., B.S., B.Eng., etc.)",HTML/CSS;Python;R;SQL,1009.0
United States of America,10.0,12.0,,Data scientist or machine learning specialist,45-54 years old,"Bachelor’s degree (B.A., B.S., B.Eng., etc.)",Elixir;Erlang;Ruby;Rust;Zig,250000.0
United States of America,6.0,6.0,12.0,"Engineer, data",25-34 years old,"Bachelor’s degree (B.A., B.S., B.Eng., etc.)",Bash/Shell (all shells);Go;JavaScript;OCaml;PowerShell;Python;Scala;SQL,140000.0
Other,20.0,15.0,20.0,"Engineer, data",35-44 years old,"Bachelor’s degree (B.A., B.S., B.Eng., etc.)",SQL,86630.0
United Kingdom of Great Britain and Northern Ireland,9.0,7.0,7.0,Data scientist or machine learning specialist,35-44 years old,"Master’s degree (M.A., M.S., M.Eng., MBA, etc.)",C++;HTML/CSS;JavaScript;Python;SQL;TypeScript,248276.0
France,6.0,2.0,9.0,"Engineer, data",35-44 years old,"Master’s degree (M.A., M.S., M.Eng., MBA, etc.)",Python,38552.0
United States of America,4.0,1.0,,Data or business analyst,25-34 years old,"Bachelor’s degree (B.A., B.S., B.Eng., etc.)",HTML/CSS;PowerShell;Python;SQL,60000.0
United States of America,2.0,0.5,6.0,Data or business analyst,25-34 years old,"Bachelor’s degree (B.A., B.S., B.Eng., etc.)",HTML/CSS;JavaScript;Python;TypeScript,64000.0
United States of America,34.0,33.0,34.0,Scientist,45-54 years old,"Professional degree (JD, MD, Ph.D, Ed.D, etc.)",Bash/Shell (all shells);Groovy;Perl;Python;R;Ruby;SQL,176000.0
Belgium,37.0,35.0,38.0,"Engineer, data",55-64 years old,"Master’s degree (M.A., M.S., M.Eng., MBA, etc.)",VBA,107090.0
Other,18.0,6.0,6.0,Data scientist or machine learning specialist,25-34 years old,"Master’s degree (M.A., M.S., M.Eng., MBA, etc.)",Bash/Shell (all shells);HTML/CSS;JavaScript;Kotlin;Python;Rust;Scala;TypeScript,203470.0
Germany,12.0,12.0,12.0,Data scientist or machine learning specialist,45-54 years old,"Professional degree (JD, MD, Ph.D, Ed.D, etc.)",Bash/Shell (all shells);R,112444.0
France,10.0,7.0,,"Engineer, data",25-34 years old,"Master’s degree (M.A., M.S., M.Eng., MBA, etc.)",Bash/Shell (all shells);Python;SQL,96381.0
Netherlands,7.0,5.0,5.0,Data scientist or machine learning specialist,25-34 years old,"Master’s degree (M.A., M.S., M.Eng., MBA, etc.)",Python;SQL,80317.0
United States of America,38.0,27.0,27.0,Data or business analyst,45-54 years old,"Master’s degree (M.A., M.S., M.Eng., MBA, etc.)",C#;HTML/CSS;JavaScript;Kotlin;PowerShell;Python;SQL,120000.0
Other,9.0,5.0,6.0,Scientist,25-34 years old,"Master’s degree (M.A., M.S., M.Eng., MBA, etc.)",Bash/Shell (all shells);Java;Python;SQL,195974.0
United States of America,25.0,21.0,,Data or business analyst,35-44 years old,"Bachelor’s degree (B.A., B.S., B.Eng., etc.)",Apex;C;C#;C++;HTML/CSS;Java;JavaScript;PowerShell;SQL;VBA;Visual Basic (.Net),150000.0
Spain,24.0,15.0,17.0,Data scientist or machine learning specialist,35-44 years old,"Professional degree (JD, MD, Ph.D, Ed.D, etc.)",Bash/Shell (all shells);Python,74963.0
Other,5.0,4.0,4.0,Data scientist or machine learning specialist,25-34 years old,"Master’s degree (M.A., M.S., M.Eng., MBA, etc.)",Python;SQL;VBA,15042.0
United States of America,25.0,13.0,,Data scientist or machine learning specialist,35-44 years old,"Professional degree (JD, MD, Ph.D, Ed.D, etc.)",Python;Rust;SQL,180000.0
United States of America,5.0,5.0,5.0,"Engineer, data",35-44 years old,"Master’s degree (M.A., M.S., M.Eng., MBA, etc.)",JavaScript;Python,96000.0
United States of America,7.0,6.0,6.0,Data scientist or machine learning specialist,25-34 years old,"Master’s degree (M.A., M.S., M.Eng., MBA, etc.)",Bash/Shell (all shells);C++;Go;HTML/CSS;Java;JavaScript;Python;SQL,252000.0
United States of America,25.0,20.0,23.0,"Engineer, data",45-54 years old,"Bachelor’s degree (B.A., B.S., B.Eng., etc.)",Apex;Bash/Shell (all shells);Groovy;Java;Perl;PowerShell;Python;SQL,170000.0
United States of America,38.0,29.0,30.0,Data scientist or machine learning specialist,45-54 years old,"Master’s degree (M.A., M.S., M.Eng., MBA, etc.)",Bash/Shell (all shells);Python,150000.0
United States of America,16.0,16.0,,Data scientist or machine learning specialist,45-54 years old,"Master’s degree (M.A., M.S., M.Eng., MBA, etc.)",Python;R;SQL;VBA,132000.0
Other,10.0,4.0,4.0,Data scientist or machine learning specialist,25-34 years old,"Master’s degree (M.A., M.S., M.Eng., MBA, etc.)",Python;SQL;VBA,46242.0
Other,5.0,3.0,3.0,"Engineer, data",25-34 years old,"Master’s degree (M.A., M.S., M.Eng., MBA, etc.)",Python,39425.0
Australia,12.0,10.0,,Data scientist or machine learning specialist,25-34 years old,"Master’s degree (M.A., M.S., M.Eng., MBA, etc.)",Python,115682.0
United States of America,41.0,35.0,42.0,Data or business analyst,55-64 years old,"Master’s degree (M.A., M.S., M.Eng., MBA, etc.)",Bash/Shell (all shells);JavaScript;Perl;SQL,140000.0
Australia,14.0,7.0,5.0,Data scientist or machine learning specialist,25-34 years old,"Professional degree (JD, MD, Ph.D, Ed.D, etc.)",Python;R;SQL,132208.0
Australia,15.0,15.0,20.0,Scientist,45-54 years old,"Professional degree (JD, MD, Ph.D, Ed.D, etc.)",Bash/Shell (all shells);Fortran;Haskell;MATLAB;PowerShell;Python;Rust;SQL,93868.0
United Kingdom of Great Britain and Northern Ireland,4.0,2.0,2.0,Data scientist or machine learning specialist,18-24 years old,"Bachelor’s degree (B.A., B.S., B.Eng., etc.)",Python;Rust;SQL,49655.0
United States of America,2.0,0.5,1.0,Data or business analyst,25-34 years old,"Bachelor’s degree (B.A., B.S., B.Eng., etc.)",Bash/Shell (all shells);HTML/CSS;JavaScript;Python;SQL,52000.0
Canada,13.0,5.0,5.0,Data scientist or machine learning specialist,25-34 years old,"Bachelor’s degree (B.A., B.S., B.Eng., etc.)",Bash/Shell (all shells);C++;Java;Kotlin;Python,63645.0
Australia,8.0,5.0,5.0,Data scientist or machine learning specialist,25-34 years old,"Master’s degree (M.A., M.S., M.Eng., MBA, etc.)",C#;Python;R,112377.0
Other,20.0,8.0,18.0,Data or business analyst,35-44 years old,"Master’s degree (M.A., M.S., M.Eng., MBA, etc.)",JavaScript;Python;SQL,103756.0
Australia,36.0,27.0,,Data scientist or machine learning specialist,45-54 years old,"Secondary school (e.g. American high school, German Realschule or Gymnasium, etc.)",Bash/Shell (all shells);C#;C++;Python;Visual Basic (.Net),71392.0
Other,6.0,2.0,8.0,Data or business analyst,25-34 years old,"Master’s degree (M.A., M.S., M.Eng., MBA, etc.)",PowerShell;Python;R;SQL,20262.0
Other,8.0,2.0,2.0,Data scientist or machine learning specialist,25-34 years old,"Master’s degree (M.A., M.S., M.Eng., MBA, etc.)",Java;JavaScript;Python,30781.0
Other,5.0,3.0,3.0,"Engineer, data",18-24 years old,"Bachelor’s degree (B.A., B.S., B.Eng., etc.)",Bash/Shell (all shells);HTML/CSS;JavaScript;SQL;TypeScript,6520.0
Australia,32.0,10.0,29.0,Data or business analyst,45-54 years old,"Bachelor’s degree (B.A., B.S., B.Eng., etc.)",Java;Python;R;SAS;SQL;VBA,52883.0
New Zealand,43.0,40.0,,"Engineer, data",55-64 years old,"Bachelor’s degree (B.A., B.S., B.Eng., etc.)",Python;SQL,84983.0
United States of America,6.0,1.0,3.0,Data or business analyst,25-34 years old,"Bachelor’s degree (B.A., B.S., B.Eng., etc.)",C#;HTML/CSS;Java;JavaScript;Python;SQL,65000.0
Other,7.0,2.0,,"Engineer, data",25-34 years old,"Master’s degree (M.A., M.S., M.Eng., MBA, etc.)",Go,63691.0
Canada,15.0,10.0,14.0,"Engineer, data",35-44 years old,"Master’s degree (M.A., M.S., M.Eng., MBA, etc.)",Bash/Shell (all shells);HTML/CSS;JavaScript;Python;Scala;SQL;TypeScript,148703.0
Other,6.0,4.0,3.0,Data scientist or machine learning specialist,25-34 years old,"Master’s degree (M.A., M.S., M.Eng., MBA, etc.)",C++;MATLAB;Python;SQL,5251.0
Other,9.0,5.0,5.0,"Engineer, data",25-34 years old,"Bachelor’s degree (B.A., B.S., B.Eng., etc.)",Assembly;Bash/Shell (all shells);C;C++;HTML/CSS;Java;JavaScript;MATLAB;PHP;PowerShell;Python;SQL;TypeScript,46171.0
Finland,15.0,9.0,10.0,Data scientist or machine learning specialist,25-34 years old,"Professional degree (JD, MD, Ph.D, Ed.D, etc.)",Bash/Shell (all shells);Python,96381.0
Sweden,40.0,35.0,35.0,Data scientist or machine learning specialist,45-54 years old,"Associate degree (A.A., A.S., etc.)",Apex;Java;JavaScript;Python;SQL,11057.0
Belgium,10.0,1.0,,Data or business analyst,25-34 years old,"Master’s degree (M.A., M.S., M.Eng., MBA, etc.)",Python;SQL,34804.0
Australia,10.0,5.0,6.0,"Engineer, data",25-34 years old,"Bachelor’s degree (B.A., B.S., B.Eng., etc.)",Bash/Shell (all shells);JavaScript;Kotlin;Python;Rust;SQL;TypeScript,125597.0
Other,9.0,6.0,6.0,Data scientist or machine learning specialist,25-34 years old,"Bachelor’s degree (B.A., B.S., B.Eng., etc.)",Python,42520.0
Other,8.0,4.0,4.0,Data scientist or machine learning specialist,25-34 years old,"Bachelor’s degree (B.A., B.S., B.Eng., etc.)",C++;Dart;HTML/CSS;Java;JavaScript;Python;Ruby;TypeScript,56285.0
Germany,25.0,15.0,,Scientist,35-44 years old,"Professional degree (JD, MD, Ph.D, Ed.D, etc.)",Bash/Shell (all shells);C;C++;HTML/CSS;Java;Perl;Python,123153.0
United Kingdom of Great Britain and Northern Ireland,2.0,2.0,13.0,"Engineer, data",25-34 years old,"Bachelor’s degree (B.A., B.S., B.Eng., etc.)",Bash/Shell (all shells);Python;SQL,49655.0
Other,6.0,3.0,10.0,"Engineer, data",25-34 years old,"Bachelor’s degree (B.A., B.S., B.Eng., etc.)",Python;Scala;SQL,42836.0
Spain,3.0,3.0,10.0,"Engineer, data",35-44 years old,"Master’s degree (M.A., M.S., M.Eng., MBA, etc.)",HTML/CSS;JavaScript;Python;SQL,52474.0
Other,20.0,14.0,15.0,Data or business analyst,25-34 years old,"Master’s degree (M.A., M.S., M.Eng., MBA, etc.)",C;C#;HTML/CSS;Python;R;SAS;Swift,117798.0
Other,11.0,7.0,7.0,"Engineer, data",25-34 years old,"Master’s degree (M.A., M.S., M.Eng., MBA, etc.)",Python;Scala;SQL,81888.0
Other,8.0,3.0,3.0,Data scientist or machine learning specialist,25-34 years old,"Master’s degree (M.A., M.S., M.Eng., MBA, etc.)",Bash/Shell (all shells);JavaScript;Python;SQL,16592.0
Australia,10.0,10.0,,"Engineer, data",45-54 years old,"Professional degree (JD, MD, Ph.D, Ed.D, etc.)",Bash/Shell (all shells);Haskell;Python;Scala;SQL,99156.0
France,20.0,13.0,13.0,Data scientist or machine learning specialist,35-44 years old,"Professional degree (JD, MD, Ph.D, Ed.D, etc.)",Bash/Shell (all shells);Java;Python;Scala;SQL,91026.0
United Kingdom of Great Britain and Northern Ireland,5.0,4.0,4.0,"Engineer, data",25-34 years old,Some college/university study without earning a degree,Java;Scala,111724.0
Denmark,4.0,2.0,,"Engineer, data",25-34 years old,"Master’s degree (M.A., M.S., M.Eng., MBA, etc.)",Bash/Shell (all shells);C#;C++;Python;SQL;Visual Basic (.Net),64703.0
Other,10.0,3.0,3.0,Data scientist or machine learning specialist,25-34 years old,"Master’s degree (M.A., M.S., M.Eng., MBA, etc.)",C++;Python;Rust,24751.0
Netherlands,3.0,2.0,,Scientist,18-24 years old,"Master’s degree (M.A., M.S., M.Eng., MBA, etc.)",MATLAB;Python;R,85672.0
Other,15.0,7.0,8.0,Data or business analyst,25-34 years old,"Bachelor’s degree (B.A., B.S., B.Eng., etc.)",Groovy;HTML/CSS;Java;JavaScript;Python;SQL,14069.0
India,9.0,5.0,6.0,"Engineer, data",25-34 years old,"Bachelor’s degree (B.A., B.S., B.Eng., etc.)",Bash/Shell (all shells);Java;Python;SQL,43621.0
Spain,15.0,8.0,8.0,"Engineer, data",25-34 years old,"Master’s degree (M.A., M.S., M.Eng., MBA, etc.)",Bash/Shell (all shells);Java;Scala;SQL,44978.0
Germany,15.0,2.0,2.0,"Engineer, data",25-34 years old,"Professional degree (JD, MD, Ph.D, Ed.D, etc.)",Bash/Shell (all shells);JavaScript;Lua;Python;SQL,107090.0
United Kingdom of Great Britain and Northern Ireland,6.0,4.0,4.0,"Engineer, data",25-34 years old,"Master’s degree (M.A., M.S., M.Eng., MBA, etc.)",Groovy;HTML/CSS;Python;SQL;VBA,93104.0
Austria,16.0,14.0,15.0,Data scientist or machine learning specialist,35-44 years old,"Professional degree (JD, MD, Ph.D, Ed.D, etc.)",Bash/Shell (all shells);C;C++;Fortran;MATLAB;Python;R;SQL,89955.0
France,9.0,3.0,3.0,"Engineer, data",25-34 years old,"Master’s degree (M.A., M.S., M.Eng., MBA, etc.)",Elixir;Erlang;Python;Scala,38017.0
United Kingdom of Great Britain and Northern Ireland,7.0,0.5,1.0,Data or business analyst,18-24 years old,"Master’s degree (M.A., M.S., M.Eng., MBA, etc.)",HTML/CSS;Java;Python,41586.0
Belgium,6.0,1.0,,"Engineer, data",18-24 years old,"Bachelor’s degree (B.A., B.S., B.Eng., etc.)",Java;Python;SQL,32127.0
France,8.0,4.0,5.0,"Engineer, data",25-34 years old,"Master’s degree (M.A., M.S., M.Eng., MBA, etc.)",Python;VBA,36410.0
Germany,3.0,0.5,,"Engineer, data",25-34 years old,"Bachelor’s degree (B.A., B.S., B.Eng., etc.)",Bash/Shell (all shells);C#;HTML/CSS;Python;SQL,44763.0
Other,28.0,20.0,,Data scientist or machine learning specialist,35-44 years old,"Master’s degree (M.A., M.S., M.Eng., MBA, etc.)",Delphi;MATLAB;Python;R;SQL;VBA,37966.0
Netherlands,30.0,5.0,,"Engineer, data",45-54 years old,"Master’s degree (M.A., M.S., M.Eng., MBA, etc.)",Bash/Shell (all shells);Java;JavaScript;Python,57828.0
Other,1.0,0.5,7.0,Data or business analyst,18-24 years old,"Bachelor’s degree (B.A., B.S., B.Eng., etc.)",Bash/Shell (all shells);C#;HTML/CSS;JavaScript;Python;SQL;TypeScript,20347.0
Other,18.0,13.0,,"Engineer, data",35-44 years old,"Master’s degree (M.A., M.S., M.Eng., MBA, etc.)",Scala,68240.0
India,24.0,10.0,,"Engineer, data",35-44 years old,"Master’s degree (M.A., M.S., M.Eng., MBA, etc.)",Python;SQL,48468.0
United States of America,20.0,16.0,24.0,Scientist,45-54 years old,"Professional degree (JD, MD, Ph.D, Ed.D, etc.)",R,120000.0
United States of America,7.0,6.0,3.0,Data scientist or machine learning specialist,18-24 years old,"Bachelor’s degree (B.A., B.S., B.Eng., etc.)",Bash/Shell (all shells);C;C++;Dart;HTML/CSS;JavaScript;Lua;Python;R;Rust;SQL;TypeScript,100000.0
United Kingdom of Great Britain and Northern Ireland,8.0,2.0,,Data scientist or machine learning specialist,25-34 years old,"Professional degree (JD, MD, Ph.D, Ed.D, etc.)",C#;Python,40966.0
Brazil,5.0,1.0,1.0,Data scientist or machine learning specialist,25-34 years old,"Professional degree (JD, MD, Ph.D, Ed.D, etc.)",Python,14607.0
United Kingdom of Great Britain and Northern Ireland,30.0,23.0,26.0,"Engineer, data",45-54 years old,Some college/university study without earning a degree,HTML/CSS;Java;JavaScript;Python;SQL,148966.0
Netherlands,8.0,2.0,2.0,Scientist,25-34 years old,"Master’s degree (M.A., M.S., M.Eng., MBA, etc.)",Python;TypeScript,48190.0
United Kingdom of Great Britain and Northern Ireland,16.0,8.0,,Data scientist or machine learning specialist,25-34 years old,"Professional degree (JD, MD, Ph.D, Ed.D, etc.)",Bash/Shell (all shells);Groovy;Java;JavaScript;Python;TypeScript,136552.0
Brazil,6.0,2.0,2.0,Data or business analyst,35-44 years old,Some college/university study without earning a degree,SQL;VBA,12684.0
Other,13.0,7.0,7.0,"Engineer, data",25-34 years old,"Secondary school (e.g. American high school, German Realschule or Gymnasium, etc.)",Bash/Shell (all shells);C++;Java;JavaScript;Python,69787.0
United States of America,23.0,15.0,15.0,"Engineer, data",35-44 years old,"Bachelor’s degree (B.A., B.S., B.Eng., etc.)",Bash/Shell (all shells);Python;SQL,160000.0
Germany,5.0,4.0,5.0,"Engineer, data",25-34 years old,"Master’s degree (M.A., M.S., M.Eng., MBA, etc.)",Bash/Shell (all shells);HTML/CSS;Python;SQL,72821.0
United States of America,23.0,23.0,20.0,"Engineer, data",45-54 years old,"Bachelor’s degree (B.A., B.S., B.Eng., etc.)",Bash/Shell (all shells);Go;Python;SQL,98000.0
Other,9.0,8.0,,Data scientist or machine learning specialist,25-34 years old,"Master’s degree (M.A., M.S., M.Eng., MBA, etc.)",HTML/CSS;JavaScript;Julia;Python;R;SQL,79246.0
Sweden,7.0,2.0,2.0,"Engineer, data",25-34 years old,"Master’s degree (M.A., M.S., M.Eng., MBA, etc.)",Python,44228.0
United Kingdom of Great Britain and Northern Ireland,12.0,2.0,25.0,"Engineer, data",45-54 years old,"Professional degree (JD, MD, Ph.D, Ed.D, etc.)",Bash/Shell (all shells);Python,69517.0
Germany,10.0,8.0,,Data scientist or machine learning specialist,35-44 years old,"Master’s degree (M.A., M.S., M.Eng., MBA, etc.)",Python;SQL,66396.0
France,13.0,4.0,4.0,Data scientist or machine learning specialist,25-34 years old,"Professional degree (JD, MD, Ph.D, Ed.D, etc.)",Python,55151.0
United Kingdom of Great Britain and Northern Ireland,5.0,1.0,1.0,Data scientist or machine learning specialist,18-24 years old,"Master’s degree (M.A., M.S., M.Eng., MBA, etc.)",Python;R;SAS;SQL,55862.0
France,8.0,2.0,1.0,Data scientist or machine learning specialist,18-24 years old,"Master’s degree (M.A., M.S., M.Eng., MBA, etc.)",C;HTML/CSS;Java;JavaScript;PHP;Prolog;Python;R;SQL,44978.0
United Kingdom of Great Britain and Northern Ireland,4.0,0.5,,"Engineer, data",18-24 years old,"Master’s degree (M.A., M.S., M.Eng., MBA, etc.)",C;C++;Python,21103.0
United States of America,8.0,6.0,17.0,Data scientist or machine learning specialist,35-44 years old,"Master’s degree (M.A., M.S., M.Eng., MBA, etc.)",Bash/Shell (all shells);Python;R;SQL,120000.0
United States of America,10.0,5.0,5.0,Data scientist or machine learning specialist,25-34 years old,"Bachelor’s degree (B.A., B.S., B.Eng., etc.)",Bash/Shell (all shells);C;C++;HTML/CSS;Java;JavaScript;Python;SQL,404000.0
United States of America,16.0,10.0,15.0,"Engineer, data",45-54 years old,"Bachelor’s degree (B.A., B.S., B.Eng., etc.)",C#;HTML/CSS;JavaScript;PowerShell;R;SAS;SQL,125000.0
Canada,4.0,3.0,,"Engineer, data",25-34 years old,"Master’s degree (M.A., M.S., M.Eng., MBA, etc.)",Kotlin;Python;SQL,78813.0
United States of America,25.0,19.0,18.0,"Engineer, data",35-44 years old,"Bachelor’s degree (B.A., B.S., B.Eng., etc.)",C#;Python;Rust;Scala,280000.0
Poland,6.0,3.0,3.0,"Engineer, data",25-34 years old,"Bachelor’s degree (B.A., B.S., B.Eng., etc.)",Bash/Shell (all shells);Dart;HTML/CSS;PowerShell;Python;SAS;SQL,21749.0
Brazil,10.0,5.0,,Data scientist or machine learning specialist,35-44 years old,"Bachelor’s degree (B.A., B.S., B.Eng., etc.)",Python;SQL,2637.0
United States of America,10.0,6.0,,Scientist,35-44 years old,"Professional degree (JD, MD, Ph.D, Ed.D, etc.)",JavaScript;Python,67000.0
United States of America,9.0,8.0,8.0,Data scientist or machine learning specialist,25-34 years old,"Bachelor’s degree (B.A., B.S., B.Eng., etc.)",Bash/Shell (all shells);Clojure;HTML/CSS;Python;R;SQL,103800.0
United States of America,5.0,2.0,4.0,Data scientist or machine learning specialist,25-34 years old,"Master’s degree (M.A., M.S., M.Eng., MBA, etc.)",HTML/CSS;PowerShell;Python;R,87720.0
United States of America,7.0,3.0,,"Engineer, data",25-34 years old,"Bachelor’s degree (B.A., B.S., B.Eng., etc.)",Python,70000.0
Other,15.0,10.0,15.0,Data or business analyst,35-44 years old,"Bachelor’s degree (B.A., B.S., B.Eng., etc.)",HTML/CSS;PHP;SQL,18320.0
United Kingdom of Great Britain and Northern Ireland,9.0,8.0,8.0,Scientist,25-34 years old,"Professional degree (JD, MD, Ph.D, Ed.D, etc.)",Bash/Shell (all shells);Python,80690.0
United States of America,10.0,5.0,6.0,"Engineer, data",35-44 years old,"Master’s degree (M.A., M.S., M.Eng., MBA, etc.)",C#;SQL,135000.0
Belgium,7.0,0.5,,"Engineer, data",18-24 years old,"Master’s degree (M.A., M.S., M.Eng., MBA, etc.)",Bash/Shell (all shells);Go;PowerShell;Python;Ruby;SQL;TypeScript,46049.0
Belgium,25.0,17.0,17.0,"Engineer, data",35-44 years old,"Master’s degree (M.A., M.S., M.Eng., MBA, etc.)",HTML/CSS;JavaScript;Python;R;SQL,154209.0
United Kingdom of Great Britain and Northern Ireland,4.0,4.0,6.0,Scientist,25-34 years old,"Master’s degree (M.A., M.S., M.Eng., MBA, etc.)",Bash/Shell (all shells);C++;HTML/CSS;JavaScript;Python;R;SQL,93104.0
United Kingdom of Great Britain and Northern Ireland,5.0,2.0,,Data scientist or machine learning specialist,18-24 years old,"Master’s degree (M.A., M.S., M.Eng., MBA, etc.)",Bash/Shell (all shells);HTML/CSS;JavaScript;Python;R;SQL,39724.0
United States of America,23.0,12.0,22.0,Data scientist or machine learning specialist,35-44 years old,"Professional degree (JD, MD, Ph.D, Ed.D, etc.)",Julia;Python;R;SQL,160000.0
Other,17.0,8.0,,"Engineer, data",25-34 years old,"Bachelor’s degree (B.A., B.S., B.Eng., etc.)",C;C#;Go;HTML/CSS;JavaScript;PHP;SQL,37481.0
Brazil,2.0,1.0,1.0,Data scientist or machine learning specialist,25-34 years old,"Bachelor’s degree (B.A., B.S., B.Eng., etc.)",Python;SQL,21911.0
New Zealand,16.0,6.0,,Data or business analyst,25-34 years old,Some college/university study without earning a degree,Java;VBA,182106.0
United States of America,26.0,26.0,26.0,Data scientist or machine learning specialist,35-44 years old,"Bachelor’s degree (B.A., B.S., B.Eng., etc.)",HTML/CSS;JavaScript;Objective-C;Python;SQL;TypeScript,250000.0
United States of America,17.0,14.0,15.0,Data scientist or machine learning specialist,35-44 years old,"Bachelor’s degree (B.A., B.S., B.Eng., etc.)",Python;SQL,120000.0
United States of America,15.0,11.0,11.0,"Engineer, data",25-34 years old,"Bachelor’s degree (B.A., B.S., B.Eng., etc.)",Bash/Shell (all shells);Dart;Python;R;Solidity;SQL;TypeScript,195000.0
United States of America,15.0,2.0,10.0,Data scientist or machine learning specialist,35-44 years old,"Professional degree (JD, MD, Ph.D, Ed.D, etc.)",Bash/Shell (all shells);Go;JavaScript;Julia;MATLAB;Python,205000.0
Australia,14.0,12.0,,Data or business analyst,35-44 years old,"Master’s degree (M.A., M.S., M.Eng., MBA, etc.)",JavaScript;Python;SQL;VBA,79325.0
United States of America,38.0,35.0,,"Engineer, data",55-64 years old,"Bachelor’s degree (B.A., B.S., B.Eng., etc.)",Ada;Bash/Shell (all shells);PowerShell;Python;Scala;SQL,144000.0
United States of America,6.0,1.0,5.0,Data scientist or machine learning specialist,25-34 years old,"Bachelor’s degree (B.A., B.S., B.Eng., etc.)",C;C#;C++;Go;Python;SQL;VBA,42000.0
Canada,29.0,10.0,,Scientist,35-44 years old,"Professional degree (JD, MD, Ph.D, Ed.D, etc.)",Bash/Shell (all shells);C++;Python,92939.0
Australia,20.0,15.0,20.0,Data scientist or machine learning specialist,35-44 years old,"Professional degree (JD, MD, Ph.D, Ed.D, etc.)",Python;R;SQL,198312.0
United States of America,25.0,24.0,24.0,"Engineer, data",35-44 years old,"Bachelor’s degree (B.A., B.S., B.Eng., etc.)",C#;JavaScript;Python;SQL,192000.0
Other,7.0,2.0,2.0,Data or business analyst,18-24 years old,"Bachelor’s degree (B.A., B.S., B.Eng., etc.)",Bash/Shell (all shells);Java;JavaScript;PowerShell;Python;Scala;SQL,14069.0
Australia,13.0,7.0,,Data scientist or machine learning specialist,25-34 years old,"Master’s degree (M.A., M.S., M.Eng., MBA, etc.)",Python;SQL;TypeScript,107088.0
Germany,25.0,10.0,10.0,Scientist,35-44 years old,"Professional degree (JD, MD, Ph.D, Ed.D, etc.)",Bash/Shell (all shells);C++;Fortran,67466.0
Switzerland,4.0,3.0,3.0,"Engineer, data",25-34 years old,"Master’s degree (M.A., M.S., M.Eng., MBA, etc.)",Java;Rust;SQL,110216.0
India,0.5,2.0,10.0,Data scientist or machine learning specialist,25-34 years old,"Bachelor’s degree (B.A., B.S., B.Eng., etc.)",Python;VBA,30292.0
Other,10.0,5.0,,Data scientist or machine learning specialist,35-44 years old,"Master’s degree (M.A., M.S., M.Eng., MBA, etc.)",Bash/Shell (all shells);HTML/CSS;Python;SQL,12410.0
Netherlands,6.0,5.0,,Data scientist or machine learning specialist,25-34 years old,"Master’s degree (M.A., M.S., M.Eng., MBA, etc.)",Python;SQL;Swift,64254.0
Australia,25.0,22.0,,Data or business analyst,45-54 years old,Some college/university study without earning a degree,HTML/CSS;Java;JavaScript;PHP,118987.0
Netherlands,3.0,2.0,2.0,"Engineer, data",25-34 years old,"Master’s degree (M.A., M.S., M.Eng., MBA, etc.)",Bash/Shell (all shells);Python;SQL,53545.0
United Kingdom of Great Britain and Northern Ireland,3.0,1.0,,"Engineer, data",18-24 years old,"Associate degree (A.A., A.S., etc.)",HTML/CSS;Python;Scala;SQL,23462.0
Germany,25.0,20.0,,Scientist,35-44 years old,"Professional degree (JD, MD, Ph.D, Ed.D, etc.)",C++;Python;Rust;TypeScript,69608.0
Other,16.0,14.0,14.0,"Engineer, data",35-44 years old,"Professional degree (JD, MD, Ph.D, Ed.D, etc.)",Bash/Shell (all shells);Clojure;Groovy;Java;Python;SQL,81888.0
Australia,2.0,0.5,,Data or business analyst,25-34 years old,"Bachelor’s degree (B.A., B.S., B.Eng., etc.)",Python;SQL,83291.0
Other,9.0,5.0,,Data scientist or machine learning specialist,25-34 years old,"Master’s degree (M.A., M.S., M.Eng., MBA, etc.)",Go;Python,44978.0
India,6.0,2.0,1.0,Data scientist or machine learning specialist,25-34 years old,"Master’s degree (M.A., M.S., M.Eng., MBA, etc.)",C;C++;Java;Julia;MATLAB;Python;R;SQL,2181.0
Canada,12.0,5.0,,Data scientist or machine learning specialist,25-34 years old,"Master’s degree (M.A., M.S., M.Eng., MBA, etc.)",Go;Python,178443.0
United States of America,32.0,30.0,30.0,Data or business analyst,45-54 years old,"Bachelor’s degree (B.A., B.S., B.Eng., etc.)",Delphi;SQL,100000.0
United States of America,10.0,3.0,,"Engineer, data",25-34 years old,"Bachelor’s degree (B.A., B.S., B.Eng., etc.)",Bash/Shell (all shells);Python;SQL,115000.0
United States of America,8.0,6.0,6.0,Data scientist or machine learning specialist,25-34 years old,"Master’s degree (M.A., M.S., M.Eng., MBA, etc.)",Bash/Shell (all shells);JavaScript;Python;SQL,140000.0
Israel,29.0,27.0,,Data scientist or machine learning specialist,55-64 years old,"Master’s degree (M.A., M.S., M.Eng., MBA, etc.)",C;C#;C++;Java;MATLAB;Python,144331.0
India,4.0,2.0,,Data scientist or machine learning specialist,25-34 years old,"Bachelor’s degree (B.A., B.S., B.Eng., etc.)",Python;SQL,8482.0
Germany,32.0,22.0,,"Engineer, data",45-54 years old,"Master’s degree (M.A., M.S., M.Eng., MBA, etc.)",Bash/Shell (all shells);Python;SQL,107090.0
United States of America,12.0,9.0,9.0,Data scientist or machine learning specialist,25-34 years old,"Bachelor’s degree (B.A., B.S., B.Eng., etc.)",Python;R;SQL,260000.0
Other,12.0,5.0,4.0,"Engineer, data",25-34 years old,"Bachelor’s degree (B.A., B.S., B.Eng., etc.)",Python,82889.0
France,10.0,5.0,5.0,Data or business analyst,25-34 years old,"Master’s degree (M.A., M.S., M.Eng., MBA, etc.)",Bash/Shell (all shells);C++;HTML/CSS;JavaScript;SQL,47119.0
United States of America,23.0,17.0,,"Engineer, data",35-44 years old,"Bachelor’s degree (B.A., B.S., B.Eng., etc.)",Bash/Shell (all shells);Python;SQL,200000.0
Brazil,13.0,11.0,12.0,Data or business analyst,35-44 years old,Some college/university study without earning a degree,Python;Rust,47067.0
Spain,8.0,4.0,9.0,Data scientist or machine learning specialist,25-34 years old,"Master’s degree (M.A., M.S., M.Eng., MBA, etc.)",C;Python,85672.0
United States of America,12.0,5.0,8.0,Data scientist or machine learning specialist,25-34 years old,"Master’s degree (M.A., M.S., M.Eng., MBA, etc.)",Python;R;SQL,200000.0
United States of America,6.0,3.0,,"Engineer, data",45-54 years old,"Bachelor’s degree (B.A., B.S., B.Eng., etc.)",Bash/Shell (all shells);C++;HTML/CSS;Python;SQL,12000.0
France,32.0,26.0,26.0,Scientist,45-54 years old,"Master’s degree (M.A., M.S., M.Eng., MBA, etc.)",Assembly;Bash/Shell (all shells);C;Perl,85672.0
United States of America,40.0,23.0,23.0,"Engineer, data",45-54 years old,"Master’s degree (M.A., M.S., M.Eng., MBA, etc.)",PowerShell;Python;SQL,175000.0
United States of America,20.0,13.0,,Data or business analyst,25-34 years old,"Associate degree (A.A., A.S., etc.)",C#;HTML/CSS;JavaScript;SQL,140000.0
India,9.0,5.0,5.0,"Engineer, data",25-34 years old,"Master’s degree (M.A., M.S., M.Eng., MBA, etc.)",HTML/CSS;JavaScript;Python;R;SQL;TypeScript,18902.0
Other,23.0,19.0,20.0,"Engineer, data",35-44 years old,"Master’s degree (M.A., M.S., M.Eng., MBA, etc.)",Bash/Shell (all shells);Python;SQL,7000.0
India,5.0,1.0,1.0,Data scientist or machine learning specialist,25-34 years old,"Bachelor’s degree (B.A., B.S., B.Eng., etc.)",Python,9694.0
United States of America,6.0,4.0,,"Engineer, data",25-34 years old,"Bachelor’s degree (B.A., B.S., B.Eng., etc.)",Python;SQL,120000.0
Other,1.0,6.0,,Data or business analyst,25-34 years old,"Associate degree (A.A., A.S., etc.)",R;SQL,14433.0
Brazil,4.0,2.0,,"Engineer, data",25-34 years old,"Bachelor’s degree (B.A., B.S., B.Eng., etc.)",Bash/Shell (all shells);HTML/CSS;JavaScript;MATLAB;Python;SQL;VBA,11744.0
Other,15.0,10.0,9.0,Data scientist or machine learning specialist,35-44 years old,"Professional degree (JD, MD, Ph.D, Ed.D, etc.)",Bash/Shell (all shells);Python;SQL;VBA,60000.0
United Kingdom of Great Britain and Northern Ireland,2.0,2.0,,Data or business analyst,25-34 years old,"Master’s degree (M.A., M.S., M.Eng., MBA, etc.)",Python;SQL;VBA,36000.0
United States of America,4.0,4.0,,Data scientist or machine learning specialist,25-34 years old,"Master’s degree (M.A., M.S., M.Eng., MBA, etc.)",Python;R;SQL,110000.0
Other,8.0,6.0,,"Engineer, data",18-24 years old,"Bachelor’s degree (B.A., B.S., B.Eng., etc.)",Bash/Shell (all shells);Python,50000.0
United States of America,4.0,3.0,8.0,Data or business analyst,25-34 years old,"Master’s degree (M.A., M.S., M.Eng., MBA, etc.)",Bash/Shell (all shells);HTML/CSS;Java;JavaScript;PowerShell;Python;SQL,215000.0
United States of America,7.0,3.0,,"Engineer, data",25-34 years old,"Bachelor’s degree (B.A., B.S., B.Eng., etc.)",Groovy;Java;Kotlin;Python,92000.0
United States of America,4.0,2.0,,"Engineer, data",25-34 years old,"Bachelor’s degree (B.A., B.S., B.Eng., etc.)",HTML/CSS;Python;R;SQL,110000.0
United States of America,20.0,8.0,15.0,Data or business analyst,35-44 years old,"Master’s degree (M.A., M.S., M.Eng., MBA, etc.)",Bash/Shell (all shells);Python;SAS;SQL,66000.0
Denmark,7.0,4.0,5.0,Data or business analyst,25-34 years old,"Master’s degree (M.A., M.S., M.Eng., MBA, etc.)",Bash/Shell (all shells);JavaScript;PowerShell;Python;SQL;VBA,71892.0
Germany,12.0,9.0,10.0,"Engineer, data",25-34 years old,"Bachelor’s degree (B.A., B.S., B.Eng., etc.)",Bash/Shell (all shells);HTML/CSS;Java;JavaScript;SQL,100664.0
United States of America,14.0,8.0,,Data scientist or machine learning specialist,25-34 years old,"Master’s degree (M.A., M.S., M.Eng., MBA, etc.)",Bash/Shell (all shells);Python,127000.0
United States of America,8.0,6.0,6.0,"Engineer, data",25-34 years old,"Bachelor’s degree (B.A., B.S., B.Eng., etc.)",Bash/Shell (all shells);Python;SQL,170000.0
United States of America,11.0,8.0,8.0,"Engineer, data",25-34 years old,"Bachelor’s degree (B.A., B.S., B.Eng., etc.)",Java;Python;SQL,168000.0
United States of America,14.0,8.0,,"Engineer, data",35-44 years old,Some college/university study without earning a degree,Go;JavaScript;Python;SQL;TypeScript,220000.0
Canada,5.0,2.0,2.0,Data or business analyst,18-24 years old,"Bachelor’s degree (B.A., B.S., B.Eng., etc.)",Assembly;Bash/Shell (all shells);C;C#;C++;Go;HTML/CSS;Java;JavaScript;Python;SQL,66916.0
Other,13.0,9.0,,Data or business analyst,35-44 years old,"Bachelor’s degree (B.A., B.S., B.Eng., etc.)",Bash/Shell (all shells);HTML/CSS;JavaScript,13327.0
United States of America,20.0,20.0,,Data scientist or machine learning specialist,55-64 years old,"Professional degree (JD, MD, Ph.D, Ed.D, etc.)",F#;Python;Scala,200000.0
Other,9.0,7.0,9.0,"Engineer, data",25-34 years old,"Bachelor’s degree (B.A., B.S., B.Eng., etc.)",Go;HTML/CSS;Java;JavaScript;Python;Scala;SQL,57249.0
United Kingdom of Great Britain and Northern Ireland,3.0,3.0,,Data or business analyst,35-44 years old,"Professional degree (JD, MD, Ph.D, Ed.D, etc.)",C#;Python;SQL;VBA,62069.0
Germany,15.0,5.0,3.0,Data scientist or machine learning specialist,25-34 years old,"Master’s degree (M.A., M.S., M.Eng., MBA, etc.)",Bash/Shell (all shells);HTML/CSS;Java;JavaScript;Lua;Python;Rust;SQL,58899.0
Other,12.0,10.0,12.0,"Engineer, data",25-34 years old,Some college/university study without earning a degree,Assembly;Bash/Shell (all shells);C;C#;C++;Go;HTML/CSS;Java;JavaScript;Lua;PHP;Python;Rust;SQL;Swift;TypeScript,53545.0
New Zealand,17.0,3.0,,Data or business analyst,35-44 years old,Some college/university study without earning a degree,HTML/CSS;PowerShell,44313.0
Netherlands,16.0,5.0,6.0,Data scientist or machine learning specialist,25-34 years old,"Master’s degree (M.A., M.S., M.Eng., MBA, etc.)",PowerShell;Python;SQL,64254.0
France,16.0,9.0,7.0,"Engineer, data",25-34 years old,"Master’s degree (M.A., M.S., M.Eng., MBA, etc.)",Bash/Shell (all shells);Java;JavaScript;Python;SQL;TypeScript,85672.0
Switzerland,25.0,22.0,22.0,"Engineer, data",55-64 years old,Some college/university study without earning a degree,C#;SQL;VBA,88173.0
Denmark,11.0,6.0,6.0,Data scientist or machine learning specialist,25-34 years old,"Master’s degree (M.A., M.S., M.Eng., MBA, etc.)",PowerShell;Python;R;SAS;SQL;VBA,129406.0
Sweden,10.0,4.0,,"Engineer, data",25-34 years old,"Master’s degree (M.A., M.S., M.Eng., MBA, etc.)",Bash/Shell (all shells);Go;HTML/CSS;Python;Scala;SQL,59892.0
France,10.0,5.0,,Data scientist or machine learning specialist,25-34 years old,"Master’s degree (M.A., M.S., M.Eng., MBA, etc.)",JavaScript;Python;R,51403.0
Israel,7.0,7.0,7.0,Data scientist or machine learning specialist,35-44 years old,"Master’s degree (M.A., M.S., M.Eng., MBA, etc.)",Python;SQL,153953.0
United Kingdom of Great Britain and Northern Ireland,13.0,7.0,9.0,Data or business analyst,25-34 years old,"Bachelor’s degree (B.A., B.S., B.Eng., etc.)",C#;PowerShell;SQL,52138.0
Finland,11.0,7.0,6.0,Scientist,25-34 years old,"Master’s degree (M.A., M.S., M.Eng., MBA, etc.)",C++;Python,160634.0
Other,7.0,5.0,7.0,Scientist,35-44 years old,"Professional degree (JD, MD, Ph.D, Ed.D, etc.)",Julia;Python;R,53545.0
India,8.0,4.0,21.0,Data scientist or machine learning specialist,45-54 years old,"Master’s degree (M.A., M.S., M.Eng., MBA, etc.)",C;C++;Fortran;Groovy;HTML/CSS;JavaScript;Julia;MATLAB;Python;R;SAS;Scala;SQL;Visual Basic (.Net),53314.0
Other,7.0,1.0,1.0,"Engineer, data",25-34 years old,"Bachelor’s degree (B.A., B.S., B.Eng., etc.)",Python;Rust,32257.0
Canada,18.0,7.0,6.0,Scientist,25-34 years old,"Professional degree (JD, MD, Ph.D, Ed.D, etc.)",C++;Lua;Python;Rust,120449.0
United States of America,13.0,9.0,,Data scientist or machine learning specialist,25-34 years old,"Master’s degree (M.A., M.S., M.Eng., MBA, etc.)",Python,135000.0
Sweden,10.0,7.0,,"Engineer, data",35-44 years old,"Master’s degree (M.A., M.S., M.Eng., MBA, etc.)",Go;MATLAB;Python;R,49756.0
Switzerland,20.0,15.0,20.0,Data scientist or machine learning specialist,45-54 years old,"Professional degree (JD, MD, Ph.D, Ed.D, etc.)",Bash/Shell (all shells);Python,165324.0
Other,11.0,8.0,8.0,Data scientist or machine learning specialist,35-44 years old,"Master’s degree (M.A., M.S., M.Eng., MBA, etc.)",Python;SQL,78175.0
France,6.0,4.0,5.0,Scientist,35-44 years old,"Professional degree (JD, MD, Ph.D, Ed.D, etc.)",R;SQL,92097.0
United States of America,35.0,25.0,,Scientist,45-54 years old,"Professional degree (JD, MD, Ph.D, Ed.D, etc.)",Ada;C;C++;Lisp;Lua;OCaml;Python,225000.0
Spain,17.0,15.0,14.0,Data or business analyst,35-44 years old,"Professional degree (JD, MD, Ph.D, Ed.D, etc.)",Python;R;SQL,51403.0
France,10.0,7.0,7.0,"Engineer, data",25-34 years old,"Master’s degree (M.A., M.S., M.Eng., MBA, etc.)",Bash/Shell (all shells);C;HTML/CSS;JavaScript;Python;SQL,187407.0
Poland,12.0,6.0,6.0,Data scientist or machine learning specialist,25-34 years old,"Bachelor’s degree (B.A., B.S., B.Eng., etc.)",Python;SQL,47852.0
United States of America,5.0,5.0,11.0,"Engineer, data",25-34 years old,"Bachelor’s degree (B.A., B.S., B.Eng., etc.)",Bash/Shell (all shells);Python;R;SQL,158000.0
Other,10.0,10.0,27.0,Data scientist or machine learning specialist,45-54 years old,"Professional degree (JD, MD, Ph.D, Ed.D, etc.)",C++;HTML/CSS;Python;R;SQL,107090.0
United Kingdom of Great Britain and Northern Ireland,9.0,3.0,7.0,"Engineer, data",25-34 years old,"Professional degree (JD, MD, Ph.D, Ed.D, etc.)",Bash/Shell (all shells);HTML/CSS;JavaScript;Python;SQL;TypeScript,86897.0
Other,10.0,3.0,,Data scientist or machine learning specialist,25-34 years old,"Master’s degree (M.A., M.S., M.Eng., MBA, etc.)",Python;SQL,91599.0
United States of America,6.0,5.0,6.0,Data scientist or machine learning specialist,25-34 years old,"Bachelor’s degree (B.A., B.S., B.Eng., etc.)",Bash/Shell (all shells);Python;Rust;SQL,160000.0
Other,8.0,2.0,2.0,Data scientist or machine learning specialist,18-24 years old,"Bachelor’s degree (B.A., B.S., B.Eng., etc.)",Bash/Shell (all shells);C#;C++;HTML/CSS;JavaScript;PowerShell;Python;R;Rust;SQL;TypeScript,10636.0
Australia,12.0,12.0,,Data scientist or machine learning specialist,45-54 years old,"Master’s degree (M.A., M.S., M.Eng., MBA, etc.)",JavaScript;PowerShell;Python;R,102461.0
United States of America,8.0,4.0,4.0,"Engineer, data",25-34 years old,"Bachelor’s degree (B.A., B.S., B.Eng., etc.)",Bash/Shell (all shells);HTML/CSS;JavaScript;Python;SQL,150000.0
Other,7.0,0.5,1.0,Data scientist or machine learning specialist,25-34 years old,"Master’s degree (M.A., M.S., M.Eng., MBA, etc.)",Bash/Shell (all shells);C++;Python,39393.0
Israel,15.0,11.0,13.0,Data scientist or machine learning specialist,35-44 years old,"Professional degree (JD, MD, Ph.D, Ed.D, etc.)",HTML/CSS;JavaScript;Python;SQL,130967.0
United States of America,20.0,16.0,10.0,Data scientist or machine learning specialist,35-44 years old,"Professional degree (JD, MD, Ph.D, Ed.D, etc.)",Bash/Shell (all shells);Java;Python;Scala,200000.0
New Zealand,30.0,25.0,30.0,Data scientist or machine learning specialist,45-54 years old,"Master’s degree (M.A., M.S., M.Eng., MBA, etc.)",Bash/Shell (all shells);HTML/CSS;JavaScript;Python;SQL,89232.0
India,8.0,4.0,3.0,Data or business analyst,18-24 years old,"Bachelor’s degree (B.A., B.S., B.Eng., etc.)",Bash/Shell (all shells);C;C++;HTML/CSS;JavaScript;MATLAB;PowerShell;Python;R;SQL;VBA,33927.0
Australia,16.0,12.0,12.0,"Engineer, data",35-44 years old,"Master’s degree (M.A., M.S., M.Eng., MBA, etc.)",Bash/Shell (all shells);Python;SQL,72714.0
United States of America,8.0,8.0,10.0,Data scientist or machine learning specialist,25-34 years old,"Bachelor’s degree (B.A., B.S., B.Eng., etc.)",Bash/Shell (all shells);HTML/CSS;JavaScript;Python;R;Rust;Scala;SQL,120000.0
Other,7.0,3.0,2.0,Scientist,18-24 years old,"Bachelor’s degree (B.A., B.S., B.Eng., etc.)",Bash/Shell (all shells);C;C++;HTML/CSS;Java;JavaScript;Julia;MATLAB;Perl;PHP;PowerShell;Python;R;SQL;VBA,1702.0
India,7.0,3.0,3.0,Data scientist or machine learning specialist,18-24 years old,"Bachelor’s degree (B.A., B.S., B.Eng., etc.)",Java;Python;SQL,31504.0
Spain,40.0,23.0,,"Engineer, data",45-54 years old,"Master’s degree (M.A., M.S., M.Eng., MBA, etc.)",Bash/Shell (all shells);Python;Ruby,25701.0
Other,28.0,15.0,20.0,"Engineer, data",35-44 years old,"Bachelor’s degree (B.A., B.S., B.Eng., etc.)",Bash/Shell (all shells);Go;HTML/CSS;JavaScript;PowerShell;Python;SQL,51023.0
France,6.0,4.0,3.0,Data scientist or machine learning specialist,25-34 years old,"Master’s degree (M.A., M.S., M.Eng., MBA, etc.)",Python;SQL,47119.0
India,12.0,6.0,6.0,Data scientist or machine learning specialist,25-34 years old,"Master’s degree (M.A., M.S., M.Eng., MBA, etc.)",Python;Rust;SQL,35139.0
Other,13.0,8.0,,Data scientist or machine learning specialist,25-34 years old,"Master’s degree (M.A., M.S., M.Eng., MBA, etc.)",Python;SQL,35340.0
Spain,8.0,4.0,4.0,"Engineer, data",25-34 years old,"Bachelor’s degree (B.A., B.S., B.Eng., etc.)",Bash/Shell (all shells);Python;Scala;SQL,29985.0
Sweden,10.0,5.0,5.0,Data scientist or machine learning specialist,25-34 years old,"Master’s degree (M.A., M.S., M.Eng., MBA, etc.)",Bash/Shell (all shells);Python;SQL,53626.0
India,5.0,2.0,2.0,"Engineer, data",18-24 years old,"Bachelor’s degree (B.A., B.S., B.Eng., etc.)",HTML/CSS;JavaScript;Python;SQL,9597.0
Israel,10.0,5.0,9.0,Data scientist or machine learning specialist,25-34 years old,"Master’s degree (M.A., M.S., M.Eng., MBA, etc.)",Python,160367.0
Other,10.0,3.0,,Data scientist or machine learning specialist,18-24 years old,"Bachelor’s degree (B.A., B.S., B.Eng., etc.)",Python,15346.0
Other,24.0,18.0,17.0,Data scientist or machine learning specialist,35-44 years old,"Master’s degree (M.A., M.S., M.Eng., MBA, etc.)",Python;R;SQL,48190.0
Netherlands,14.0,7.0,7.0,Data scientist or machine learning specialist,25-34 years old,"Master’s degree (M.A., M.S., M.Eng., MBA, etc.)",Python,56757.0
Spain,10.0,10.0,10.0,"Engineer, data",35-44 years old,Some college/university study without earning a degree,Bash/Shell (all shells);Go;HTML/CSS;Java;JavaScript;PowerShell;Python;SQL,37481.0
Poland,15.0,10.0,15.0,Data scientist or machine learning specialist,35-44 years old,"Bachelor’s degree (B.A., B.S., B.Eng., etc.)",Bash/Shell (all shells);C;C#;C++;Go;HTML/CSS;Java;JavaScript;Python;Rust;Scala;SQL;TypeScript,110000.0
United Kingdom of Great Britain and Northern Ireland,7.0,5.0,6.0,"Engineer, data",25-34 years old,"Bachelor’s degree (B.A., B.S., B.Eng., etc.)",Python,80752.0
France,8.0,3.0,,Data scientist or machine learning specialist,25-34 years old,"Master’s degree (M.A., M.S., M.Eng., MBA, etc.)",HTML/CSS;Python;SQL,42836.0
India,5.0,2.0,3.0,"Engineer, data",18-24 years old,"Bachelor’s degree (B.A., B.S., B.Eng., etc.)",Bash/Shell (all shells);C++;HTML/CSS;Java;JavaScript;Python;R;SQL,36351.0
India,5.0,0.5,1.0,Data scientist or machine learning specialist,18-24 years old,"Master’s degree (M.A., M.S., M.Eng., MBA, etc.)",HTML/CSS;PowerShell;Python;SQL,12117.0
India,12.0,7.0,7.0,"Engineer, data",25-34 years old,"Bachelor’s degree (B.A., B.S., B.Eng., etc.)",C;C++;Python;SQL,2787.0
Italy,5.0,3.0,,Data scientist or machine learning specialist,25-34 years old,"Master’s degree (M.A., M.S., M.Eng., MBA, etc.)",Bash/Shell (all shells);C#;Python;SQL,26772.0
Switzerland,10.0,7.0,7.0,"Engineer, data",25-34 years old,"Master’s degree (M.A., M.S., M.Eng., MBA, etc.)",Bash/Shell (all shells);Java;JavaScript;Python,132260.0
Other,24.0,16.0,,"Engineer, data",35-44 years old,"Bachelor’s degree (B.A., B.S., B.Eng., etc.)",Bash/Shell (all shells);Java;PowerShell;Python;SQL,48190.0
Austria,13.0,7.0,,Data or business analyst,35-44 years old,"Professional degree (JD, MD, Ph.D, Ed.D, etc.)",C++;R;SQL,91026.0
Other,10.0,5.0,,Data scientist or machine learning specialist,25-34 years old,"Master’s degree (M.A., M.S., M.Eng., MBA, etc.)",Python;R;SQL,53545.0
United States of America,25.0,20.0,25.0,Data or business analyst,35-44 years old,Some college/university study without earning a degree,SQL;VBA,66000.0
United States of America,20.0,7.0,,Data or business analyst,45-54 years old,Some college/university study without earning a degree,SQL,130000.0
Switzerland,7.0,7.0,,Data scientist or machine learning specialist,25-34 years old,"Master’s degree (M.A., M.S., M.Eng., MBA, etc.)",MATLAB;PowerShell;Python;R;SQL;VBA,79356.0
Sweden,16.0,4.0,4.0,Scientist,25-34 years old,"Master’s degree (M.A., M.S., M.Eng., MBA, etc.)",Bash/Shell (all shells);C++;HTML/CSS;Python;R,41464.0
Other,15.0,10.0,10.0,"Engineer, data",35-44 years old,Some college/university study without earning a degree,Go;Java;Scala,56000.0
Germany,7.0,4.0,7.0,Data scientist or machine learning specialist,18-24 years old,"Master’s degree (M.A., M.S., M.Eng., MBA, etc.)",Python,53545.0
India,20.0,16.0,16.0,Data or business analyst,35-44 years old,"Master’s degree (M.A., M.S., M.Eng., MBA, etc.)",HTML/CSS;Java;JavaScript;SQL,12117.0
United Kingdom of Great Britain and Northern Ireland,8.0,6.0,,"Engineer, data",25-34 years old,"Bachelor’s degree (B.A., B.S., B.Eng., etc.)",Bash/Shell (all shells);Python;R;Rust;SQL,63310.0
France,2.0,1.0,7.0,Data or business analyst,25-34 years old,"Master’s degree (M.A., M.S., M.Eng., MBA, etc.)",HTML/CSS;Python;SQL,58899.0
Germany,10.0,6.0,,Data or business analyst,25-34 years old,"Professional degree (JD, MD, Ph.D, Ed.D, etc.)",Bash/Shell (all shells);Python;SQL,55687.0
Other,18.0,7.0,12.0,Data scientist or machine learning specialist,35-44 years old,"Professional degree (JD, MD, Ph.D, Ed.D, etc.)",Bash/Shell (all shells);C;C++;Python,48000.0
Other,16.0,10.0,10.0,Data scientist or machine learning specialist,25-34 years old,"Bachelor’s degree (B.A., B.S., B.Eng., etc.)",HTML/CSS;R;SQL,41186.0
Spain,14.0,14.0,14.0,Scientist,35-44 years old,"Professional degree (JD, MD, Ph.D, Ed.D, etc.)",HTML/CSS;JavaScript;R,29985.0
Germany,16.0,10.0,10.0,"Engineer, data",25-34 years old,"Master’s degree (M.A., M.S., M.Eng., MBA, etc.)",C;C++;Go;Python;Rust,74963.0
United States of America,23.0,15.0,15.0,Scientist,35-44 years old,"Professional degree (JD, MD, Ph.D, Ed.D, etc.)",Bash/Shell (all shells);C++;Fortran,154000.0
United States of America,22.0,12.0,12.0,"Engineer, data",35-44 years old,"Bachelor’s degree (B.A., B.S., B.Eng., etc.)",Bash/Shell (all shells);Elixir;Erlang;HTML/CSS;JavaScript;Python;Ruby;Rust;Scala;SQL;TypeScript,250000.0
United States of America,10.0,10.0,12.0,"Engineer, data",35-44 years old,"Master’s degree (M.A., M.S., M.Eng., MBA, etc.)",HTML/CSS;JavaScript;Python;SQL;Visual Basic (.Net),230000.0
United States of America,3.0,2.0,,Data or business analyst,25-34 years old,"Bachelor’s degree (B.A., B.S., B.Eng., etc.)",Bash/Shell (all shells);HTML/CSS;JavaScript;Lua;Python;R;SQL;TypeScript;VBA;Visual Basic (.Net),77000.0
Other,9.0,6.0,,Data scientist or machine learning specialist,25-34 years old,"Bachelor’s degree (B.A., B.S., B.Eng., etc.)",Python,30427.0
Germany,13.0,10.0,,Data scientist or machine learning specialist,35-44 years old,"Professional degree (JD, MD, Ph.D, Ed.D, etc.)",Bash/Shell (all shells);Go;Java;Lua;Python;R;Rust;SQL,91026.0
Other,16.0,9.0,9.0,Data or business analyst,25-34 years old,"Bachelor’s degree (B.A., B.S., B.Eng., etc.)",SQL;VBA,7942.0
Belgium,4.0,4.0,5.0,"Engineer, data",25-34 years old,"Associate degree (A.A., A.S., etc.)",HTML/CSS;Java;Python;Scala;SQL,60934.0
United States of America,13.0,6.0,6.0,"Engineer, data",25-34 years old,"Bachelor’s degree (B.A., B.S., B.Eng., etc.)",GDScript;HTML/CSS;JavaScript;PowerShell;Python;SQL;TypeScript,128000.0
United States of America,9.0,0.5,2.0,Data or business analyst,18-24 years old,"Bachelor’s degree (B.A., B.S., B.Eng., etc.)",Python;SQL,52000.0
Germany,15.0,7.0,,Data scientist or machine learning specialist,25-34 years old,"Professional degree (JD, MD, Ph.D, Ed.D, etc.)",Clojure;Python;R;SQL,89955.0
United States of America,6.0,4.0,4.0,"Engineer, data",25-34 years old,"Bachelor’s degree (B.A., B.S., B.Eng., etc.)",Bash/Shell (all shells);C#;Go;Python;SQL,135000.0
United States of America,20.0,11.0,12.0,Data scientist or machine learning specialist,35-44 years old,"Professional degree (JD, MD, Ph.D, Ed.D, etc.)",HTML/CSS;JavaScript;Python;R;SAS;SQL,140000.0
United Kingdom of Great Britain and Northern Ireland,8.0,3.0,3.0,Data scientist or machine learning specialist,25-34 years old,"Master’s degree (M.A., M.S., M.Eng., MBA, etc.)",Python,53379.0
Finland,6.0,4.0,,Scientist,25-34 years old,"Master’s degree (M.A., M.S., M.Eng., MBA, etc.)",Bash/Shell (all shells);Lua;Python,5033.0
United States of America,19.0,9.0,,"Engineer, data",25-34 years old,"Bachelor’s degree (B.A., B.S., B.Eng., etc.)",Bash/Shell (all shells);Go,250000.0
United States of America,10.0,5.0,5.0,Data scientist or machine learning specialist,25-34 years old,"Bachelor’s degree (B.A., B.S., B.Eng., etc.)",Bash/Shell (all shells);Lua;PowerShell;Python;Rust;SQL,128000.0
United States of America,8.0,4.0,,"Engineer, data",25-34 years old,"Bachelor’s degree (B.A., B.S., B.Eng., etc.)",Python,80000.0
Netherlands,14.0,10.0,10.0,Data scientist or machine learning specialist,35-44 years old,"Master’s degree (M.A., M.S., M.Eng., MBA, etc.)",Python;SQL,177769.0
United States of America,11.0,7.0,7.0,Data scientist or machine learning specialist,Prefer not to say,"Master’s degree (M.A., M.S., M.Eng., MBA, etc.)",C;C++;MATLAB;Python;SQL,123260.0
United States of America,6.0,6.0,6.0,Data scientist or machine learning specialist,25-34 years old,"Master’s degree (M.A., M.S., M.Eng., MBA, etc.)",Bash/Shell (all shells);HTML/CSS;Python;SQL,200000.0
Other,8.0,2.0,2.0,Data scientist or machine learning specialist,25-34 years old,"Master’s degree (M.A., M.S., M.Eng., MBA, etc.)",HTML/CSS;Java;JavaScript;Python;SQL,27843.0
United States of America,7.0,2.0,2.0,Data scientist or machine learning specialist,18-24 years old,"Master’s degree (M.A., M.S., M.Eng., MBA, etc.)",Bash/Shell (all shells);C#;HTML/CSS;Java;PowerShell;Python;R;SQL,80000.0
United States of America,9.0,8.0,,Scientist,25-34 years old,"Bachelor’s degree (B.A., B.S., B.Eng., etc.)",Bash/Shell (all shells);JavaScript;Julia;Lua;PowerShell;Ruby,135000.0
United States of America,5.0,3.0,2.0,Data scientist or machine learning specialist,18-24 years old,"Master’s degree (M.A., M.S., M.Eng., MBA, etc.)",Bash/Shell (all shells);C++;Python,132000.0
United States of America,8.0,8.0,8.0,"Engineer, data",25-34 years old,"Bachelor’s degree (B.A., B.S., B.Eng., etc.)",Java;JavaScript;PowerShell;Python;SQL,95000.0
United States of America,9.0,7.0,9.0,"Engineer, data",25-34 years old,"Master’s degree (M.A., M.S., M.Eng., MBA, etc.)",Go;HTML/CSS;JavaScript;Python;SQL;Swift,175000.0
France,10.0,6.0,,Data scientist or machine learning specialist,25-34 years old,"Professional degree (JD, MD, Ph.D, Ed.D, etc.)",HTML/CSS;JavaScript;R,64254.0
Germany,18.0,12.0,13.0,"Engineer, data",25-34 years old,"Bachelor’s degree (B.A., B.S., B.Eng., etc.)",Java;Python;SQL,171343.0
United States of America,13.0,12.0,,Data scientist or machine learning specialist,35-44 years old,"Bachelor’s degree (B.A., B.S., B.Eng., etc.)",HTML/CSS;JavaScript;Lua;PowerShell;Python;R;SQL;VBA,140000.0
Germany,10.0,8.0,8.0,Data or business analyst,25-34 years old,"Master’s degree (M.A., M.S., M.Eng., MBA, etc.)",Bash/Shell (all shells);Python;SQL,69608.0
India,10.0,8.0,7.0,Data scientist or machine learning specialist,25-34 years old,"Bachelor’s degree (B.A., B.S., B.Eng., etc.)",Bash/Shell (all shells);C;C++;HTML/CSS;Java;JavaScript;Python;R;SQL,37562.0
Other,38.0,5.0,,Data or business analyst,45-54 years old,"Professional degree (JD, MD, Ph.D, Ed.D, etc.)",Python;R;SQL,47722.0
Other,7.0,3.0,,"Engineer, data",25-34 years old,"Bachelor’s degree (B.A., B.S., B.Eng., etc.)",Assembly;Bash/Shell (all shells);C++;JavaScript;Python;Rust,37706.0
Brazil,6.0,4.0,4.0,"Engineer, data",25-34 years old,"Bachelor’s degree (B.A., B.S., B.Eng., etc.)",Bash/Shell (all shells);HTML/CSS;Java;JavaScript;Python;SQL,42604.0
United States of America,9.0,9.0,9.0,Data or business analyst,25-34 years old,"Bachelor’s degree (B.A., B.S., B.Eng., etc.)",Bash/Shell (all shells);C++;HTML/CSS;JavaScript;Python;Rust;SQL;TypeScript,155000.0
Other,8.0,2.0,,Data scientist or machine learning specialist,25-34 years old,"Master’s degree (M.A., M.S., M.Eng., MBA, etc.)",C;C#;Java;Python;SQL;TypeScript,49273.0
United States of America,8.0,8.0,,"Engineer, data",25-34 years old,"Bachelor’s degree (B.A., B.S., B.Eng., etc.)",C#;HTML/CSS;Java;JavaScript;Lua;PowerShell;Python;SQL,170000.0
United States of America,14.0,2.0,15.0,Data or business analyst,25-34 years old,Some college/university study without earning a degree,Bash/Shell (all shells);HTML/CSS;JavaScript;Python;SQL;VBA,60000.0
United States of America,6.0,1.0,,"Engineer, data",25-34 years old,"Master’s degree (M.A., M.S., M.Eng., MBA, etc.)",Python;SQL;Visual Basic (.Net),73000.0
Brazil,35.0,15.0,35.0,Data or business analyst,45-54 years old,"Master’s degree (M.A., M.S., M.Eng., MBA, etc.)",Assembly;C;C#;C++;HTML/CSS;Java;JavaScript;PHP;Python;R;SAS;Scala;SQL;VBA;Visual Basic (.Net),30431.0
United States of America,11.0,11.0,10.0,Scientist,25-34 years old,"Professional degree (JD, MD, Ph.D, Ed.D, etc.)",Bash/Shell (all shells);C++;Fortran;JavaScript;Julia;Lua;PowerShell;Python;R,120000.0
United States of America,2.0,2.0,,Scientist,25-34 years old,"Master’s degree (M.A., M.S., M.Eng., MBA, etc.)",R;SAS;SQL,75000.0
Other,8.0,3.0,,Data scientist or machine learning specialist,25-34 years old,"Master’s degree (M.A., M.S., M.Eng., MBA, etc.)",Python,67466.0
United States of America,32.0,15.0,,"Engineer, data",35-44 years old,"Master’s degree (M.A., M.S., M.Eng., MBA, etc.)",Assembly;Bash/Shell (all shells);C;C++;Elixir;F#;Haskell;Lua;Scala,200000.0
United States of America,15.0,10.0,10.0,Data scientist or machine learning specialist,25-34 years old,"Professional degree (JD, MD, Ph.D, Ed.D, etc.)",Python;R,200000.0
France,7.0,1.0,,Data scientist or machine learning specialist,25-34 years old,"Master’s degree (M.A., M.S., M.Eng., MBA, etc.)",Bash/Shell (all shells);Lua;Python,42836.0
Austria,6.0,2.0,2.0,Data scientist or machine learning specialist,25-34 years old,"Master’s degree (M.A., M.S., M.Eng., MBA, etc.)",Bash/Shell (all shells);C;HTML/CSS;PowerShell;Python;R;SQL,64254.0
Australia,8.0,2.0,,"Engineer, data",25-34 years old,"Master’s degree (M.A., M.S., M.Eng., MBA, etc.)",Bash/Shell (all shells);Julia;Python;Rust;SQL,79325.0
United States of America,15.0,10.0,10.0,Data scientist or machine learning specialist,35-44 years old,"Professional degree (JD, MD, Ph.D, Ed.D, etc.)",Bash/Shell (all shells);PowerShell;Python;Scala;SQL,350000.0
United States of America,5.0,2.0,,Data or business analyst,18-24 years old,"Master’s degree (M.A., M.S., M.Eng., MBA, etc.)",Bash/Shell (all shells);HTML/CSS;Java;JavaScript;Lua;Python;SQL,105000.0
United States of America,19.0,8.0,,Data or business analyst,35-44 years old,"Professional degree (JD, MD, Ph.D, Ed.D, etc.)",Bash/Shell (all shells);HTML/CSS;JavaScript;Python;SQL,185000.0
Other,7.0,2.0,,Data or business analyst,25-34 years old,"Bachelor’s degree (B.A., B.S., B.Eng., etc.)",HTML/CSS;JavaScript;Python,50000.0
Australia,12.0,7.0,12.0,Data scientist or machine learning specialist,35-44 years old,"Bachelor’s degree (B.A., B.S., B.Eng., etc.)",Python,99156.0
United States of America,15.0,4.0,4.0,Scientist,25-34 years old,"Professional degree (JD, MD, Ph.D, Ed.D, etc.)",Assembly;Bash/Shell (all shells);C;C++;Julia;Lua;Perl;Python,84000.0
New Zealand,20.0,7.0,,Data scientist or machine learning specialist,55-64 years old,"Bachelor’s degree (B.A., B.S., B.Eng., etc.)",HTML/CSS;JavaScript,151755.0
Brazil,3.0,3.0,3.0,Data or business analyst,18-24 years old,"Bachelor’s degree (B.A., B.S., B.Eng., etc.)",Python;SQL,20288.0
United Kingdom of Great Britain and Northern Ireland,9.0,7.0,7.0,"Engineer, data",25-34 years old,"Bachelor’s degree (B.A., B.S., B.Eng., etc.)",C;Crystal;HTML/CSS;JavaScript;Objective-C;PowerShell;Ruby;Rust;SQL;Swift;TypeScript;VBA,33517.0
New Zealand,23.0,17.0,15.0,Scientist,25-34 years old,"Professional degree (JD, MD, Ph.D, Ed.D, etc.)",Bash/Shell (all shells);Python;Rust,52811.0
Other,15.0,12.0,12.0,Data scientist or machine learning specialist,35-44 years old,"Master’s degree (M.A., M.S., M.Eng., MBA, etc.)",Java;Python;Scala,200711.0
Brazil,20.0,5.0,5.0,Data scientist or machine learning specialist,35-44 years old,"Professional degree (JD, MD, Ph.D, Ed.D, etc.)",Bash/Shell (all shells);Python;SQL,44633.0
United Kingdom of Great Britain and Northern Ireland,10.0,6.0,6.0,Data scientist or machine learning specialist,25-34 years old,"Bachelor’s degree (B.A., B.S., B.Eng., etc.)",Bash/Shell (all shells);Python,155173.0
United States of America,7.0,3.0,,Scientist,25-34 years old,"Professional degree (JD, MD, Ph.D, Ed.D, etc.)",Bash/Shell (all shells);C#;Go;JavaScript;Python,120000.0
Australia,15.0,6.0,6.0,"Engineer, data",25-34 years old,"Master’s degree (M.A., M.S., M.Eng., MBA, etc.)",Bash/Shell (all shells);HTML/CSS;JavaScript;PowerShell;Python;Rust;TypeScript,59494.0
Australia,13.0,6.0,,"Engineer, data",25-34 years old,"Bachelor’s degree (B.A., B.S., B.Eng., etc.)",Bash/Shell (all shells);PowerShell;Python;R;SAS;SQL,76019.0
United States of America,7.0,5.0,,"Engineer, data",35-44 years old,"Bachelor’s degree (B.A., B.S., B.Eng., etc.)",Lua;Python;SQL,150000.0
Other,5.0,3.0,7.0,Data scientist or machine learning specialist,35-44 years old,"Bachelor’s degree (B.A., B.S., B.Eng., etc.)",Bash/Shell (all shells);C#;Elixir;HTML/CSS;Java;JavaScript;Python;TypeScript,3226.0
Other,4.0,2.0,8.0,Data scientist or machine learning specialist,25-34 years old,"Master’s degree (M.A., M.S., M.Eng., MBA, etc.)",Bash/Shell (all shells);Java;Python;SQL,84188.0
United States of America,15.0,15.0,,"Engineer, data",45-54 years old,"Bachelor’s degree (B.A., B.S., B.Eng., etc.)",Bash/Shell (all shells);HTML/CSS;MATLAB;PowerShell;Python;VBA,175000.0
United States of America,4.0,4.0,7.0,Data scientist or machine learning specialist,25-34 years old,"Bachelor’s degree (B.A., B.S., B.Eng., etc.)",C;C#;C++;HTML/CSS;JavaScript;Lua;Python;SQL,140000.0
Other,10.0,3.0,3.0,Data scientist or machine learning specialist,25-34 years old,"Master’s degree (M.A., M.S., M.Eng., MBA, etc.)",C#;Java;Python,4713.0
United States of America,7.0,2.0,,Data or business analyst,25-34 years old,"Bachelor’s degree (B.A., B.S., B.Eng., etc.)",HTML/CSS;JavaScript;SQL,180000.0
Australia,45.0,40.0,,Scientist,55-64 years old,"Professional degree (JD, MD, Ph.D, Ed.D, etc.)",Delphi;Python;SQL,59494.0
Other,6.0,6.0,,"Engineer, data",25-34 years old,"Bachelor’s degree (B.A., B.S., B.Eng., etc.)",PowerShell;Python;Raku;Scala,42207.0
India,6.0,4.0,4.0,Data scientist or machine learning specialist,25-34 years old,"Bachelor’s degree (B.A., B.S., B.Eng., etc.)",Bash/Shell (all shells);Python,30292.0
Spain,6.0,3.0,3.0,"Engineer, data",25-34 years old,"Master’s degree (M.A., M.S., M.Eng., MBA, etc.)",Bash/Shell (all shells);Go;Lua;Python;R;SQL,58899.0
Other,20.0,15.0,15.0,Data scientist or machine learning specialist,35-44 years old,"Master’s degree (M.A., M.S., M.Eng., MBA, etc.)",Python;R,49755.0
India,10.0,3.0,,Data scientist or machine learning specialist,18-24 years old,"Bachelor’s degree (B.A., B.S., B.Eng., etc.)",Python,13329.0
India,10.0,6.0,6.0,"Engineer, data",25-34 years old,"Bachelor’s degree (B.A., B.S., B.Eng., etc.)",Go;Java;Python;SQL,23022.0
Other,12.0,6.0,6.0,"Engineer, data",35-44 years old,"Master’s degree (M.A., M.S., M.Eng., MBA, etc.)",Java;JavaScript;Python,32127.0
Sweden,10.0,3.0,10.0,Data scientist or machine learning specialist,35-44 years old,"Professional degree (JD, MD, Ph.D, Ed.D, etc.)",C;C++;R,82927.0
Other,11.0,3.0,3.0,"Engineer, data",18-24 years old,"Bachelor’s degree (B.A., B.S., B.Eng., etc.)",C#;Elixir;HTML/CSS;JavaScript;Python;SQL;TypeScript,15042.0
Germany,12.0,6.0,6.0,"Engineer, data",25-34 years old,"Professional degree (JD, MD, Ph.D, Ed.D, etc.)",Bash/Shell (all shells);C;Fortran;Python;SQL,81388.0
Other,16.0,16.0,,Data or business analyst,35-44 years old,"Bachelor’s degree (B.A., B.S., B.Eng., etc.)",HTML/CSS;JavaScript;PHP;Python;SQL;VBA,21418.0
United Kingdom of Great Britain and Northern Ireland,10.0,10.0,13.0,Data or business analyst,35-44 years old,"Bachelor’s degree (B.A., B.S., B.Eng., etc.)",Dart;Go;HTML/CSS;JavaScript;Python;SQL;TypeScript,148966.0
Other,14.0,3.0,3.0,Data scientist or machine learning specialist,25-34 years old,"Master’s degree (M.A., M.S., M.Eng., MBA, etc.)",Go;Python;SQL,31123.0
France,8.0,5.0,,Data scientist or machine learning specialist,25-34 years old,"Master’s degree (M.A., M.S., M.Eng., MBA, etc.)",Kotlin;MATLAB;Python;SQL,47119.0
Sweden,10.0,5.0,,Data scientist or machine learning specialist,25-34 years old,"Master’s degree (M.A., M.S., M.Eng., MBA, etc.)",Bash/Shell (all shells);Java;JavaScript;Python;Scala,59892.0
Other,20.0,18.0,,Data scientist or machine learning specialist,35-44 years old,"Bachelor’s degree (B.A., B.S., B.Eng., etc.)",HTML/CSS;Java;JavaScript;Kotlin;Python,85672.0
Netherlands,8.0,8.0,10.0,Data or business analyst,35-44 years old,"Bachelor’s degree (B.A., B.S., B.Eng., etc.)",Go;Python;SQL,87064.0
United Kingdom of Great Britain and Northern Ireland,33.0,30.0,,"Engineer, data",45-54 years old,"Bachelor’s degree (B.A., B.S., B.Eng., etc.)",Python;SQL,117931.0
France,12.0,7.0,,"Engineer, data",25-34 years old,"Professional degree (JD, MD, Ph.D, Ed.D, etc.)",Bash/Shell (all shells);C;C++;Fortran;Python,42836.0
France,5.0,3.0,,"Engineer, data",35-44 years old,"Master’s degree (M.A., M.S., M.Eng., MBA, etc.)",JavaScript;Python;SQL,69608.0
Spain,6.0,3.0,15.0,Data scientist or machine learning specialist,35-44 years old,"Master’s degree (M.A., M.S., M.Eng., MBA, etc.)",Bash/Shell (all shells);JavaScript;MATLAB;Prolog;Python;R,32127.0
France,14.0,9.0,9.0,Data scientist or machine learning specialist,25-34 years old,"Master’s degree (M.A., M.S., M.Eng., MBA, etc.)",Bash/Shell (all shells);C++;Python;SQL,48190.0
Other,2.0,1.0,1.0,Data or business analyst,25-34 years old,"Master’s degree (M.A., M.S., M.Eng., MBA, etc.)",Groovy;HTML/CSS;Java;JavaScript;Python,21418.0
Germany,10.0,4.0,10.0,Data or business analyst,25-34 years old,"Bachelor’s degree (B.A., B.S., B.Eng., etc.)",HTML/CSS;JavaScript;Python;SQL,44978.0
Other,30.0,20.0,20.0,Data scientist or machine learning specialist,35-44 years old,"Master’s degree (M.A., M.S., M.Eng., MBA, etc.)",C;R,85672.0
India,4.0,4.0,10.0,"Engineer, data",25-34 years old,"Bachelor’s degree (B.A., B.S., B.Eng., etc.)",Python,38774.0
Denmark,10.0,3.0,,Data scientist or machine learning specialist,25-34 years old,"Master’s degree (M.A., M.S., M.Eng., MBA, etc.)",Bash/Shell (all shells);C;C++;Python,100074.0
Austria,15.0,15.0,,Data or business analyst,45-54 years old,"Master’s degree (M.A., M.S., M.Eng., MBA, etc.)",Groovy;Julia;MATLAB;PowerShell;Python;R;SQL;VBA,112444.0
Spain,15.0,10.0,15.0,Data scientist or machine learning specialist,35-44 years old,"Professional degree (JD, MD, Ph.D, Ed.D, etc.)",Python,38552.0
Netherlands,14.0,8.0,,"Engineer, data",25-34 years old,"Master’s degree (M.A., M.S., M.Eng., MBA, etc.)",Bash/Shell (all shells);Python,91562.0
Other,8.0,7.0,,Data or business analyst,25-34 years old,"Master’s degree (M.A., M.S., M.Eng., MBA, etc.)",Python;SQL,26772.0
Other,25.0,25.0,30.0,Scientist,45-54 years old,"Professional degree (JD, MD, Ph.D, Ed.D, etc.)",Delphi,53545.0
Germany,11.0,5.0,6.0,"Engineer, data",35-44 years old,"Professional degree (JD, MD, Ph.D, Ed.D, etc.)",C++;Python,117798.0
Belgium,12.0,4.0,,Data scientist or machine learning specialist,35-44 years old,"Professional degree (JD, MD, Ph.D, Ed.D, etc.)",Python;SQL,128507.0
Netherlands,46.0,37.0,,Data or business analyst,55-64 years old,Some college/university study without earning a degree,Cobol;Delphi;HTML/CSS;Java;JavaScript;PHP;PowerShell;Python;R;SQL;VBA;Visual Basic (.Net),96381.0
Germany,6.0,4.0,15.0,Data scientist or machine learning specialist,35-44 years old,"Master’s degree (M.A., M.S., M.Eng., MBA, etc.)",JavaScript;Python,64254.0
United Kingdom of Great Britain and Northern Ireland,7.0,2.0,,"Engineer, data",25-34 years old,"Bachelor’s degree (B.A., B.S., B.Eng., etc.)",Python;SQL,45931.0
Poland,28.0,14.0,14.0,"Engineer, data",35-44 years old,"Master’s degree (M.A., M.S., M.Eng., MBA, etc.)",Bash/Shell (all shells);Python,103361.0
Other,9.0,5.0,5.0,"Engineer, data",25-34 years old,"Bachelor’s degree (B.A., B.S., B.Eng., etc.)",Bash/Shell (all shells);Go;Groovy;JavaScript;Lua;PowerShell;Python;SQL;TypeScript,64642.0
Spain,4.0,3.0,4.0,Data scientist or machine learning specialist,25-34 years old,Some college/university study without earning a degree,Python;SQL,31056.0
Other,6.0,3.0,11.0,Data scientist or machine learning specialist,25-34 years old,"Master’s degree (M.A., M.S., M.Eng., MBA, etc.)",Bash/Shell (all shells);C;C++;Elixir;HTML/CSS;JavaScript;Perl;PowerShell;Python;R;SQL,5869.0
United Kingdom of Great Britain and Northern Ireland,8.0,6.0,6.0,Data scientist or machine learning specialist,25-34 years old,"Bachelor’s degree (B.A., B.S., B.Eng., etc.)",Bash/Shell (all shells);C#;HTML/CSS;JavaScript;Python,161380.0
United Kingdom of Great Britain and Northern Ireland,19.0,13.0,13.0,Scientist,35-44 years old,"Professional degree (JD, MD, Ph.D, Ed.D, etc.)",Bash/Shell (all shells);HTML/CSS;Python,53379.0
India,16.0,14.0,,"Engineer, data",35-44 years old,"Bachelor’s degree (B.A., B.S., B.Eng., etc.)",Java;JavaScript;Kotlin;Ruby,72701.0
Netherlands,16.0,13.0,13.0,Data scientist or machine learning specialist,35-44 years old,"Master’s degree (M.A., M.S., M.Eng., MBA, etc.)",Python;R,139216.0
Italy,17.0,10.0,7.0,"Engineer, data",25-34 years old,"Master’s degree (M.A., M.S., M.Eng., MBA, etc.)",Python,44978.0
Poland,5.0,3.0,4.0,"Engineer, data",25-34 years old,"Bachelor’s degree (B.A., B.S., B.Eng., etc.)",Python;SQL,40196.0
Poland,15.0,4.0,,Data or business analyst,25-34 years old,Some college/university study without earning a degree,Bash/Shell (all shells);HTML/CSS;JavaScript;PHP,9570.0
France,18.0,16.0,16.0,Data scientist or machine learning specialist,35-44 years old,"Professional degree (JD, MD, Ph.D, Ed.D, etc.)",C++;Python,64254.0
Netherlands,12.0,9.0,,"Engineer, data",35-44 years old,"Master’s degree (M.A., M.S., M.Eng., MBA, etc.)",Bash/Shell (all shells);Python;SQL,79246.0
United Kingdom of Great Britain and Northern Ireland,21.0,9.0,9.0,Data or business analyst,25-34 years old,"Master’s degree (M.A., M.S., M.Eng., MBA, etc.)",Bash/Shell (all shells);C++;Python;SQL,62069.0
Germany,24.0,14.0,14.0,"Engineer, data",45-54 years old,Some college/university study without earning a degree,Bash/Shell (all shells);C#;Java;Python;Scala,91026.0
United Kingdom of Great Britain and Northern Ireland,16.0,11.0,11.0,Data scientist or machine learning specialist,25-34 years old,"Master’s degree (M.A., M.S., M.Eng., MBA, etc.)",C++;Python,100552.0
Sweden,29.0,16.0,16.0,Scientist,35-44 years old,"Professional degree (JD, MD, Ph.D, Ed.D, etc.)",C++;MATLAB;Python,54013.0
Germany,4.0,2.0,2.0,"Engineer, data",25-34 years old,"Master’s degree (M.A., M.S., M.Eng., MBA, etc.)",Bash/Shell (all shells);HTML/CSS;JavaScript;Python;R;SQL,64254.0
Germany,9.0,7.0,,Data scientist or machine learning specialist,25-34 years old,"Bachelor’s degree (B.A., B.S., B.Eng., etc.)",Java;JavaScript;TypeScript,128507.0
Italy,4.0,3.0,3.0,Data scientist or machine learning specialist,25-34 years old,"Master’s degree (M.A., M.S., M.Eng., MBA, etc.)",Bash/Shell (all shells);HTML/CSS;JavaScript;PowerShell;Python;SQL,42836.0
Germany,11.0,5.0,,"Engineer, data",25-34 years old,"Master’s degree (M.A., M.S., M.Eng., MBA, etc.)",Java;Python;Scala,123153.0
India,8.0,6.0,6.0,Data or business analyst,25-34 years old,"Master’s degree (M.A., M.S., M.Eng., MBA, etc.)",Python;SAS;SQL,30292.0
Other,12.0,8.0,8.0,Data scientist or machine learning specialist,25-34 years old,"Bachelor’s degree (B.A., B.S., B.Eng., etc.)",C++;HTML/CSS;JavaScript;MATLAB;Python;R;Ruby;Visual Basic (.Net),81552.0
Finland,8.0,5.0,,"Engineer, data",25-34 years old,"Master’s degree (M.A., M.S., M.Eng., MBA, etc.)",Lua;Python;Rust;SQL,50332.0
Netherlands,14.0,3.0,,"Engineer, data",25-34 years old,"Master’s degree (M.A., M.S., M.Eng., MBA, etc.)",C;C#;C++;Python;Rust,47548.0
United Kingdom of Great Britain and Northern Ireland,20.0,13.0,13.0,Data scientist or machine learning specialist,35-44 years old,"Bachelor’s degree (B.A., B.S., B.Eng., etc.)",Bash/Shell (all shells);HTML/CSS;Java;JavaScript;Python;Scala;SQL;TypeScript,155173.0
Sweden,26.0,11.0,25.0,Data scientist or machine learning specialist,35-44 years old,"Bachelor’s degree (B.A., B.S., B.Eng., etc.)",C++;Lua;Python,59892.0
Belgium,8.0,6.0,6.0,Data scientist or machine learning specialist,25-34 years old,"Master’s degree (M.A., M.S., M.Eng., MBA, etc.)",Python;R;SQL,64254.0
Austria,30.0,23.0,23.0,Data scientist or machine learning specialist,45-54 years old,"Professional degree (JD, MD, Ph.D, Ed.D, etc.)",Python;R;SQL,107090.0
Australia,20.0,15.0,,Scientist,45-54 years old,"Professional degree (JD, MD, Ph.D, Ed.D, etc.)",Bash/Shell (all shells);Fortran;PowerShell;Python,92545.0
Other,17.0,17.0,17.0,"Engineer, data",35-44 years old,"Master’s degree (M.A., M.S., M.Eng., MBA, etc.)",Bash/Shell (all shells);Go;Lua;Python;Rust;SQL,6188.0
Israel,27.0,23.0,23.0,Data scientist or machine learning specialist,35-44 years old,"Bachelor’s degree (B.A., B.S., B.Eng., etc.)",C#;Python;SQL,152884.0
Other,14.0,5.0,5.0,Scientist,25-34 years old,"Professional degree (JD, MD, Ph.D, Ed.D, etc.)",C++;Python;SQL;TypeScript,3855.0
United States of America,37.0,37.0,37.0,Scientist,65 years or older,"Professional degree (JD, MD, Ph.D, Ed.D, etc.)",C;Delphi,196000.0
Netherlands,11.0,8.0,11.0,Data scientist or machine learning specialist,25-34 years old,"Bachelor’s degree (B.A., B.S., B.Eng., etc.)",Bash/Shell (all shells);C++;HTML/CSS;JavaScript;Python;Rust;TypeScript,107090.0
Other,7.0,4.0,5.0,"Engineer, data",25-34 years old,"Master’s degree (M.A., M.S., M.Eng., MBA, etc.)",C#;HTML/CSS;Java;JavaScript;PowerShell;Python;SQL,7500.0
Poland,12.0,7.0,7.0,"Engineer, data",25-34 years old,"Bachelor’s degree (B.A., B.S., B.Eng., etc.)",Python;SQL,51681.0
Other,8.0,7.0,8.0,"Engineer, data",25-34 years old,"Bachelor’s degree (B.A., B.S., B.Eng., etc.)",Bash/Shell (all shells);C#;PowerShell;Python;SQL,75818.0
United States of America,5.0,4.0,9.0,Data scientist or machine learning specialist,25-34 years old,"Master’s degree (M.A., M.S., M.Eng., MBA, etc.)",Python;R;SQL,132000.0
India,11.0,11.0,,Data or business analyst,25-34 years old,"Bachelor’s degree (B.A., B.S., B.Eng., etc.)",HTML/CSS;JavaScript;PowerShell;Python;SQL;TypeScript;VBA;Visual Basic (.Net),26536.0
United Kingdom of Great Britain and Northern Ireland,3.0,2.0,,Data or business analyst,25-34 years old,"Master’s degree (M.A., M.S., M.Eng., MBA, etc.)",Python;R;SQL,72000.0
Other,17.0,12.0,12.0,Data scientist or machine learning specialist,25-34 years old,"Master’s degree (M.A., M.S., M.Eng., MBA, etc.)",JavaScript;Kotlin;Python,23024.0
United States of America,25.0,6.0,13.0,Data scientist or machine learning specialist,35-44 years old,"Professional degree (JD, MD, Ph.D, Ed.D, etc.)",C;MATLAB;Python,135000.0
Canada,8.0,8.0,8.0,Data scientist or machine learning specialist,25-34 years old,"Bachelor’s degree (B.A., B.S., B.Eng., etc.)",R;SAS;SQL,78813.0
United Kingdom of Great Britain and Northern Ireland,12.0,6.0,7.0,Scientist,25-34 years old,"Professional degree (JD, MD, Ph.D, Ed.D, etc.)",C#;Go;Nim;Python,68276.0
Italy,9.0,4.0,4.0,Data scientist or machine learning specialist,25-34 years old,"Master’s degree (M.A., M.S., M.Eng., MBA, etc.)",C++;SQL,37481.0
Denmark,9.0,7.0,,Data scientist or machine learning specialist,25-34 years old,"Professional degree (JD, MD, Ph.D, Ed.D, etc.)",Bash/Shell (all shells);C++;Julia;Python;R;SQL,94898.0
United States of America,10.0,8.0,,"Engineer, data",25-34 years old,"Associate degree (A.A., A.S., etc.)",Cobol;Python;SQL,137000.0
United States of America,10.0,1.0,2.0,Scientist,18-24 years old,"Bachelor’s degree (B.A., B.S., B.Eng., etc.)",Python,99000.0
Brazil,5.0,3.0,,Data or business analyst,25-34 years old,Some college/university study without earning a degree,Python;SQL,25562.0
United Kingdom of Great Britain and Northern Ireland,20.0,4.0,8.0,Data scientist or machine learning specialist,35-44 years old,"Professional degree (JD, MD, Ph.D, Ed.D, etc.)",Bash/Shell (all shells);C++;Python;R;SQL,62069.0
Germany,13.0,4.0,4.0,Data scientist or machine learning specialist,25-34 years old,"Master’s degree (M.A., M.S., M.Eng., MBA, etc.)",Lisp;Python;Rust,160634.0
Sweden,3.0,0.5,,Data scientist or machine learning specialist,25-34 years old,"Master’s degree (M.A., M.S., M.Eng., MBA, etc.)",Python;SQL,39805.0
Germany,36.0,31.0,32.0,Data or business analyst,45-54 years old,"Master’s degree (M.A., M.S., M.Eng., MBA, etc.)",Python;SQL,117798.0
United States of America,2.0,2.0,,"Engineer, data",18-24 years old,Some college/university study without earning a degree,Bash/Shell (all shells);Go;Java;Python;SQL,100000.0
United States of America,10.0,8.0,,Data scientist or machine learning specialist,35-44 years old,"Master’s degree (M.A., M.S., M.Eng., MBA, etc.)",Python;SQL,170000.0
Other,15.0,10.0,10.0,Data scientist or machine learning specialist,25-34 years old,"Master’s degree (M.A., M.S., M.Eng., MBA, etc.)",Python;SQL,80317.0
United States of America,30.0,30.0,,"Engineer, data",45-54 years old,"Secondary school (e.g. American high school, German Realschule or Gymnasium, etc.)",C#;Crystal;HTML/CSS;Java;R;SQL;Visual Basic (.Net),120000.0
United States of America,10.0,10.0,27.0,Data or business analyst,45-54 years old,"Bachelor’s degree (B.A., B.S., B.Eng., etc.)",SQL,110000.0
United States of America,8.0,5.0,15.0,Data or business analyst,35-44 years old,"Master’s degree (M.A., M.S., M.Eng., MBA, etc.)",R;SQL;VBA,120000.0
United States of America,9.0,3.0,,Data or business analyst,25-34 years old,"Master’s degree (M.A., M.S., M.Eng., MBA, etc.)",Python;R;SQL,140000.0
United States of America,20.0,12.0,13.0,Data scientist or machine learning specialist,25-34 years old,"Master’s degree (M.A., M.S., M.Eng., MBA, etc.)",Bash/Shell (all shells);Elixir;Go;HTML/CSS;JavaScript;Python;SQL;TypeScript,200000.0
Spain,31.0,27.0,,"Engineer, data",45-54 years old,"Associate degree (A.A., A.S., etc.)",Bash/Shell (all shells);Java;Lua;PHP;Python,48190.0
United States of America,7.0,7.0,7.0,Data scientist or machine learning specialist,25-34 years old,"Master’s degree (M.A., M.S., M.Eng., MBA, etc.)",Python;R;SQL,190550.0
United Kingdom of Great Britain and Northern Ireland,17.0,13.0,,Data scientist or machine learning specialist,35-44 years old,"Professional degree (JD, MD, Ph.D, Ed.D, etc.)",Bash/Shell (all shells);JavaScript;Python;TypeScript,136552.0
India,3.0,0.5,0.0,Data scientist or machine learning specialist,18-24 years old,"Bachelor’s degree (B.A., B.S., B.Eng., etc.)",C;MATLAB;Python,10905.0
United States of America,39.0,37.0,,Data scientist or machine learning specialist,65 years or older,"Professional degree (JD, MD, Ph.D, Ed.D, etc.)",Go;Python;Ruby;SQL,200000.0
Canada,15.0,15.0,15.0,Data scientist or machine learning specialist,35-44 years old,"Bachelor’s degree (B.A., B.S., B.Eng., etc.)",C++;Java;JavaScript;Python;R;Rust;Scala;SQL,148703.0
United Kingdom of Great Britain and Northern Ireland,3.0,0.5,1.0,"Engineer, data",25-34 years old,"Bachelor’s degree (B.A., B.S., B.Eng., etc.)",Bash/Shell (all shells);C;HTML/CSS;JavaScript;Python;Scala,37241.0
United States of America,8.0,5.0,,Data scientist or machine learning specialist,25-34 years old,"Master’s degree (M.A., M.S., M.Eng., MBA, etc.)",HTML/CSS;JavaScript;Python;SQL;TypeScript,160000.0
Germany,4.0,3.0,,Data or business analyst,25-34 years old,"Master’s degree (M.A., M.S., M.Eng., MBA, etc.)",R,62112.0
United States of America,40.0,20.0,25.0,Scientist,45-54 years old,"Professional degree (JD, MD, Ph.D, Ed.D, etc.)",C#;C++;Fortran;Python,145000.0
Sweden,14.0,9.0,10.0,"Engineer, data",25-34 years old,"Master’s degree (M.A., M.S., M.Eng., MBA, etc.)",Python;SQL,62656.0
United States of America,37.0,37.0,,"Engineer, data",55-64 years old,"Bachelor’s degree (B.A., B.S., B.Eng., etc.)",C#;HTML/CSS;JavaScript;Perl;Swift,180000.0
Other,6.0,4.0,5.0,Data scientist or machine learning specialist,25-34 years old,"Master’s degree (M.A., M.S., M.Eng., MBA, etc.)",Java;JavaScript;Python;SQL,47119.0
France,10.0,5.0,,Data scientist or machine learning specialist,25-34 years old,"Master’s degree (M.A., M.S., M.Eng., MBA, etc.)",Bash/Shell (all shells);HTML/CSS;JavaScript;Julia;PHP;PowerShell;Python;R;SAS;SQL;VBA,25701.0
United States of America,17.0,10.0,11.0,Data or business analyst,25-34 years old,"Associate degree (A.A., A.S., etc.)",Bash/Shell (all shells);HTML/CSS;JavaScript;Python;SQL;TypeScript,70000.0
Poland,6.0,5.0,,Data scientist or machine learning specialist,25-34 years old,"Master’s degree (M.A., M.S., M.Eng., MBA, etc.)",JavaScript;Python;SQL;VBA,143557.0
Germany,15.0,6.0,13.0,Data scientist or machine learning specialist,25-34 years old,"Master’s degree (M.A., M.S., M.Eng., MBA, etc.)",Bash/Shell (all shells);Lua;PowerShell;Python;Rust;SQL;Visual Basic (.Net),107090.0
Germany,7.0,4.0,,Data scientist or machine learning specialist,25-34 years old,"Master’s degree (M.A., M.S., M.Eng., MBA, etc.)",Java;PHP;Python,55687.0
United States of America,7.0,4.0,,Data scientist or machine learning specialist,18-24 years old,"Bachelor’s degree (B.A., B.S., B.Eng., etc.)",Bash/Shell (all shells);C;C++;Go;Haskell;HTML/CSS;Lua;Python,130000.0
United States of America,9.0,8.0,,Data scientist or machine learning specialist,25-34 years old,"Master’s degree (M.A., M.S., M.Eng., MBA, etc.)",Bash/Shell (all shells);Java;Python;SQL,160000.0
United States of America,20.0,11.0,,Data scientist or machine learning specialist,35-44 years old,"Professional degree (JD, MD, Ph.D, Ed.D, etc.)",Bash/Shell (all shells);C;Java;Python,250000.0
United States of America,20.0,11.0,10.0,Data scientist or machine learning specialist,35-44 years old,"Professional degree (JD, MD, Ph.D, Ed.D, etc.)",Bash/Shell (all shells);Python;SQL,130000.0
United States of America,12.0,9.0,8.0,"Engineer, data",25-34 years old,"Bachelor’s degree (B.A., B.S., B.Eng., etc.)",Bash/Shell (all shells);Go;Python;SQL,180000.0
Other,2.0,2.0,2.0,Data scientist or machine learning specialist,25-34 years old,"Master’s degree (M.A., M.S., M.Eng., MBA, etc.)",Python;R;SQL,13815.0
United States of America,3.0,3.0,12.0,Data scientist or machine learning specialist,35-44 years old,"Master’s degree (M.A., M.S., M.Eng., MBA, etc.)",Bash/Shell (all shells);PowerShell;Python,225000.0
United States of America,4.0,2.0,3.0,"Engineer, data",45-54 years old,"Master’s degree (M.A., M.S., M.Eng., MBA, etc.)",Ada;C;C++;HTML/CSS;Java;JavaScript;MATLAB;Python;SQL,125000.0
United States of America,25.0,16.0,25.0,Scientist,45-54 years old,"Professional degree (JD, MD, Ph.D, Ed.D, etc.)",C;Go;Python;Rust;SQL,190000.0
United States of America,25.0,13.0,15.0,Data scientist or machine learning specialist,35-44 years old,"Bachelor’s degree (B.A., B.S., B.Eng., etc.)",HTML/CSS;JavaScript;Python;SQL,145000.0
Canada,4.0,1.0,1.0,Data or business analyst,25-34 years old,"Master’s degree (M.A., M.S., M.Eng., MBA, etc.)",Bash/Shell (all shells);Dart;JavaScript;Python;Rust;SQL;TypeScript,59481.0
United States of America,30.0,20.0,,Scientist,45-54 years old,"Professional degree (JD, MD, Ph.D, Ed.D, etc.)",C;C++;Fortran;Perl;Python;SQL,200000.0
United States of America,12.0,4.0,,Data scientist or machine learning specialist,25-34 years old,"Professional degree (JD, MD, Ph.D, Ed.D, etc.)",C++;R,92000.0
United States of America,25.0,22.0,,"Engineer, data",45-54 years old,"Master’s degree (M.A., M.S., M.Eng., MBA, etc.)",Python;SQL,180000.0
France,13.0,8.0,,"Engineer, data",25-34 years old,"Master’s degree (M.A., M.S., M.Eng., MBA, etc.)",Bash/Shell (all shells);Java;JavaScript;Python;Scala,80317.0
United States of America,6.0,4.0,,Data scientist or machine learning specialist,25-34 years old,"Master’s degree (M.A., M.S., M.Eng., MBA, etc.)",Python;SQL,300000.0
Germany,15.0,3.0,,"Engineer, data",25-34 years old,"Master’s degree (M.A., M.S., M.Eng., MBA, etc.)",Java;Python,50332.0
Other,10.0,7.0,9.0,Data scientist or machine learning specialist,35-44 years old,"Bachelor’s degree (B.A., B.S., B.Eng., etc.)",JavaScript;SQL;Swift,54959.0
Other,5.0,3.0,10.0,Data or business analyst,25-34 years old,"Bachelor’s degree (B.A., B.S., B.Eng., etc.)",HTML/CSS;JavaScript;Python;SQL;Visual Basic (.Net),24045.0
United States of America,16.0,9.0,9.0,Data scientist or machine learning specialist,25-34 years old,"Master’s degree (M.A., M.S., M.Eng., MBA, etc.)",JavaScript;Python;SQL;TypeScript,139000.0
United States of America,12.0,12.0,,Data or business analyst,35-44 years old,"Professional degree (JD, MD, Ph.D, Ed.D, etc.)",Bash/Shell (all shells);PowerShell;Python;SQL,150000.0
Italy,14.0,6.0,6.0,Data scientist or machine learning specialist,25-34 years old,"Master’s degree (M.A., M.S., M.Eng., MBA, etc.)",C++;Python,61041.0
United States of America,7.0,5.0,7.0,Scientist,25-34 years old,"Bachelor’s degree (B.A., B.S., B.Eng., etc.)",HTML/CSS;JavaScript;MATLAB;Python,106000.0
United States of America,25.0,11.0,14.0,"Engineer, data",35-44 years old,"Master’s degree (M.A., M.S., M.Eng., MBA, etc.)",JavaScript;Python;Ruby;SQL,160000.0
Other,10.0,5.0,5.0,Data or business analyst,25-34 years old,"Bachelor’s degree (B.A., B.S., B.Eng., etc.)",Python;R,16300.0
United States of America,13.0,13.0,,Data scientist or machine learning specialist,35-44 years old,"Professional degree (JD, MD, Ph.D, Ed.D, etc.)",R,79000.0
United States of America,10.0,4.0,20.0,Data scientist or machine learning specialist,35-44 years old,"Master’s degree (M.A., M.S., M.Eng., MBA, etc.)",Python,325000.0
Brazil,4.0,3.0,,Data scientist or machine learning specialist,25-34 years old,"Bachelor’s degree (B.A., B.S., B.Eng., etc.)",Python;R;SAS;SQL,24345.0
United Kingdom of Great Britain and Northern Ireland,23.0,20.0,,Data scientist or machine learning specialist,45-54 years old,"Professional degree (JD, MD, Ph.D, Ed.D, etc.)",Bash/Shell (all shells);C++;HTML/CSS;JavaScript;Python,84414.0
United States of America,17.0,10.0,9.0,Data scientist or machine learning specialist,25-34 years old,"Master’s degree (M.A., M.S., M.Eng., MBA, etc.)",C#;C++;Python,155000.0
United States of America,30.0,25.0,30.0,"Engineer, data",45-54 years old,"Bachelor’s degree (B.A., B.S., B.Eng., etc.)",C#;Ruby;SQL,150000.0
United States of America,6.0,4.0,16.0,Data or business analyst,35-44 years old,"Bachelor’s degree (B.A., B.S., B.Eng., etc.)",HTML/CSS;JavaScript;PHP;SQL,59000.0
Other,12.0,8.0,,"Engineer, data",35-44 years old,"Master’s degree (M.A., M.S., M.Eng., MBA, etc.)",Bash/Shell (all shells);Python;R;SQL,149925.0
United States of America,20.0,20.0,,"Engineer, data",35-44 years old,Some college/university study without earning a degree,Assembly;C;Java;JavaScript;Kotlin;Lua;OCaml;Python;Rust;Scala;Solidity;SQL,240000.0
United States of America,20.0,10.0,,Scientist,35-44 years old,"Professional degree (JD, MD, Ph.D, Ed.D, etc.)",Bash/Shell (all shells);C;C++;Go;Python,170000.0
United Kingdom of Great Britain and Northern Ireland,14.0,10.0,12.0,"Engineer, data",35-44 years old,"Bachelor’s degree (B.A., B.S., B.Eng., etc.)",C;C#;C++;Dart;Fortran;HTML/CSS;Java;JavaScript;MATLAB;PHP;Python;SQL;VBA;Visual Basic (.Net),58345.0
United States of America,7.0,3.0,3.0,Data scientist or machine learning specialist,25-34 years old,"Bachelor’s degree (B.A., B.S., B.Eng., etc.)",Python;TypeScript,120000.0
United States of America,13.0,5.0,5.0,"Engineer, data",25-34 years old,"Bachelor’s degree (B.A., B.S., B.Eng., etc.)",Bash/Shell (all shells);HTML/CSS;JavaScript;Python;SQL,131000.0
United States of America,5.0,2.0,2.0,Data or business analyst,25-34 years old,"Bachelor’s degree (B.A., B.S., B.Eng., etc.)",C#;C++;HTML/CSS;JavaScript;PowerShell;Python;R;SQL;TypeScript;VBA,93000.0
United States of America,10.0,5.0,,Data or business analyst,25-34 years old,"Bachelor’s degree (B.A., B.S., B.Eng., etc.)",JavaScript;Python;R;SQL,100000.0
United States of America,15.0,12.0,12.0,"Engineer, data",35-44 years old,"Master’s degree (M.A., M.S., M.Eng., MBA, etc.)",Bash/Shell (all shells);C#;Python;Ruby,200000.0
France,8.0,1.0,1.0,"Engineer, data",18-24 years old,"Master’s degree (M.A., M.S., M.Eng., MBA, etc.)",C++;JavaScript;Python;Rust,53545.0
United States of America,4.0,0.5,,"Engineer, data",18-24 years old,"Bachelor’s degree (B.A., B.S., B.Eng., etc.)",APL;Assembly;Bash/Shell (all shells);C;C++;Fortran;HTML/CSS;JavaScript;Lua;Perl;Python;R;Ruby;Rust;SQL,70000.0
United States of America,6.0,3.0,10.0,Data scientist or machine learning specialist,25-34 years old,"Master’s degree (M.A., M.S., M.Eng., MBA, etc.)",Bash/Shell (all shells);Python,220000.0
France,8.0,4.0,5.0,Data scientist or machine learning specialist,25-34 years old,"Master’s degree (M.A., M.S., M.Eng., MBA, etc.)",Bash/Shell (all shells);Python;R;Scala;SQL,44978.0
United States of America,5.0,2.0,1.0,Data or business analyst,18-24 years old,"Bachelor’s degree (B.A., B.S., B.Eng., etc.)",Bash/Shell (all shells);HTML/CSS;JavaScript;Python;TypeScript,80000.0
Other,10.0,15.0,23.0,"Engineer, data",45-54 years old,"Professional degree (JD, MD, Ph.D, Ed.D, etc.)",Ada;C;C#;C++;Fortran;Java;JavaScript;Python;Visual Basic (.Net),54742.0
Netherlands,23.0,10.0,10.0,Scientist,35-44 years old,"Professional degree (JD, MD, Ph.D, Ed.D, etc.)",Assembly;Bash/Shell (all shells);C;C++;Haskell;HTML/CSS;Lua;MATLAB;Python,78175.0
Other,3.0,2.0,2.0,"Engineer, data",25-34 years old,"Bachelor’s degree (B.A., B.S., B.Eng., etc.)",Bash/Shell (all shells);HTML/CSS;JavaScript;TypeScript,3643.0
Other,13.0,10.0,,"Engineer, data",35-44 years old,"Bachelor’s degree (B.A., B.S., B.Eng., etc.)",Bash/Shell (all shells);Python;SQL,47007.0
Germany,4.0,2.0,2.0,"Engineer, data",18-24 years old,"Bachelor’s degree (B.A., B.S., B.Eng., etc.)",Bash/Shell (all shells);Python;SQL,53545.0
Other,7.0,4.0,4.0,Data scientist or machine learning specialist,25-34 years old,"Master’s degree (M.A., M.S., M.Eng., MBA, etc.)",MATLAB;Python;R;SQL,47250.0
United States of America,35.0,33.0,34.0,"Engineer, data",55-64 years old,"Master’s degree (M.A., M.S., M.Eng., MBA, etc.)",JavaScript;Python;SAS;SQL,185000.0
United States of America,29.0,24.0,,"Engineer, data",45-54 years old,"Bachelor’s degree (B.A., B.S., B.Eng., etc.)",C++;Python,200000.0
Other,16.0,14.0,14.0,"Engineer, data",35-44 years old,"Bachelor’s degree (B.A., B.S., B.Eng., etc.)",Bash/Shell (all shells);Java;Python;Scala;SQL,60000.0
United States of America,18.0,8.0,,Data scientist or machine learning specialist,35-44 years old,"Professional degree (JD, MD, Ph.D, Ed.D, etc.)",Bash/Shell (all shells);Python;Scala;SQL,200000.0
United States of America,10.0,2.0,4.0,Data or business analyst,25-34 years old,"Bachelor’s degree (B.A., B.S., B.Eng., etc.)",Bash/Shell (all shells);PowerShell;Python;SQL;VBA,50000.0
Switzerland,10.0,6.0,,Data scientist or machine learning specialist,25-34 years old,"Master’s degree (M.A., M.S., M.Eng., MBA, etc.)",Python;R,132260.0
United Kingdom of Great Britain and Northern Ireland,8.0,6.0,,Data scientist or machine learning specialist,25-34 years old,"Bachelor’s degree (B.A., B.S., B.Eng., etc.)",Bash/Shell (all shells);Python;Rust;Scala;SQL,62069.0
Poland,8.0,6.0,,Data or business analyst,35-44 years old,"Secondary school (e.g. American high school, German Realschule or Gymnasium, etc.)",JavaScript;PHP,71779.0
Other,4.0,3.0,5.0,Data or business analyst,25-34 years old,"Bachelor’s degree (B.A., B.S., B.Eng., etc.)",HTML/CSS;JavaScript;Python;R;SQL;TypeScript,19560.0
Denmark,13.0,11.0,11.0,Data scientist or machine learning specialist,25-34 years old,"Master’s degree (M.A., M.S., M.Eng., MBA, etc.)",Bash/Shell (all shells);PowerShell;Python;SQL;Swift,87996.0
Canada,20.0,3.0,,Data scientist or machine learning specialist,35-44 years old,"Professional degree (JD, MD, Ph.D, Ed.D, etc.)",Bash/Shell (all shells);C++;Julia;Lua;Python;Rust,62455.0
Brazil,20.0,14.0,14.0,"Engineer, data",35-44 years old,"Master’s degree (M.A., M.S., M.Eng., MBA, etc.)",C#;JavaScript;Python;SQL;VBA;Visual Basic (.Net),36518.0
Other,30.0,24.0,,Data or business analyst,45-54 years old,"Master’s degree (M.A., M.S., M.Eng., MBA, etc.)",HTML/CSS;JavaScript;Python;SQL;TypeScript;VBA,76034.0
United States of America,10.0,8.0,,Data or business analyst,25-34 years old,"Master’s degree (M.A., M.S., M.Eng., MBA, etc.)",HTML/CSS;Python;R;SQL,94000.0
Spain,10.0,8.0,,Data scientist or machine learning specialist,35-44 years old,"Master’s degree (M.A., M.S., M.Eng., MBA, etc.)",Python;R;SQL,59970.0
Israel,12.0,3.0,3.0,Data scientist or machine learning specialist,25-34 years old,"Master’s degree (M.A., M.S., M.Eng., MBA, etc.)",Bash/Shell (all shells);Python,112257.0
United States of America,7.0,5.0,5.0,Data scientist or machine learning specialist,Prefer not to say,"Bachelor’s degree (B.A., B.S., B.Eng., etc.)",Python,125000.0
Italy,15.0,9.0,9.0,Data scientist or machine learning specialist,25-34 years old,"Master’s degree (M.A., M.S., M.Eng., MBA, etc.)",Python;SQL,74963.0
Canada,15.0,3.0,,Data scientist or machine learning specialist,25-34 years old,"Professional degree (JD, MD, Ph.D, Ed.D, etc.)",Bash/Shell (all shells);Lua;Python,84017.0
Other,3.0,0.5,18.0,Data or business analyst,35-44 years old,"Bachelor’s degree (B.A., B.S., B.Eng., etc.)",HTML/CSS;JavaScript;PHP;Python;SQL;VBA,12083.0
Brazil,9.0,5.0,,Data scientist or machine learning specialist,25-34 years old,"Bachelor’s degree (B.A., B.S., B.Eng., etc.)",Dart;Lua;Python;R;SQL,36518.0
United States of America,12.0,7.0,,Data scientist or machine learning specialist,35-44 years old,"Master’s degree (M.A., M.S., M.Eng., MBA, etc.)",PowerShell;Python;R;SQL,226839.0
United States of America,10.0,9.0,,"Engineer, data",25-34 years old,"Bachelor’s degree (B.A., B.S., B.Eng., etc.)",,165000.0
Canada,5.0,3.0,4.0,Data or business analyst,25-34 years old,"Bachelor’s degree (B.A., B.S., B.Eng., etc.)",Bash/Shell (all shells);C;C++;HTML/CSS;Java;JavaScript;Lisp;Lua;PHP;Ruby;SQL,37176.0
United States of America,10.0,3.0,3.0,"Engineer, data",25-34 years old,"Bachelor’s degree (B.A., B.S., B.Eng., etc.)",Python;SQL,100000.0
New Zealand,10.0,5.0,,"Engineer, data",35-44 years old,"Master’s degree (M.A., M.S., M.Eng., MBA, etc.)",Bash/Shell (all shells);Python;SQL,88018.0
United States of America,16.0,9.0,9.0,Data scientist or machine learning specialist,35-44 years old,"Professional degree (JD, MD, Ph.D, Ed.D, etc.)",Python,165000.0
United States of America,8.0,4.0,6.0,"Engineer, data",25-34 years old,"Bachelor’s degree (B.A., B.S., B.Eng., etc.)",Bash/Shell (all shells);Go;Java;Python;Ruby;SQL,315000.0
United States of America,20.0,10.0,12.0,"Engineer, data",35-44 years old,"Master’s degree (M.A., M.S., M.Eng., MBA, etc.)",C++;MATLAB;PowerShell;Python;Rust,150000.0
Netherlands,19.0,17.0,19.0,Data scientist or machine learning specialist,45-54 years old,"Professional degree (JD, MD, Ph.D, Ed.D, etc.)",Bash/Shell (all shells);C++;Fortran;HTML/CSS;JavaScript;Julia;Lisp;MATLAB;PowerShell;Python;R;Rust;SQL;TypeScript,102806.0
United States of America,28.0,22.0,,Scientist,35-44 years old,"Bachelor’s degree (B.A., B.S., B.Eng., etc.)",C#;C++;Java,145000.0
United States of America,32.0,29.0,29.0,"Engineer, data",45-54 years old,"Bachelor’s degree (B.A., B.S., B.Eng., etc.)",C#;Crystal;PowerShell;Python;SQL,148000.0
United Kingdom of Great Britain and Northern Ireland,19.0,12.0,19.0,"Engineer, data",35-44 years old,"Master’s degree (M.A., M.S., M.Eng., MBA, etc.)",Bash/Shell (all shells);C#;Go;Java;JavaScript;PowerShell;Python;SQL,88138.0
United States of America,3.0,3.0,6.0,Data scientist or machine learning specialist,25-34 years old,"Master’s degree (M.A., M.S., M.Eng., MBA, etc.)",Bash/Shell (all shells);Julia;Lua;SQL,150000.0
United States of America,17.0,10.0,10.0,Data or business analyst,35-44 years old,"Associate degree (A.A., A.S., etc.)",Bash/Shell (all shells);Go;HTML/CSS;JavaScript;Julia;Python;SQL;TypeScript,52000.0
United States of America,12.0,7.0,12.0,"Engineer, data",25-34 years old,"Bachelor’s degree (B.A., B.S., B.Eng., etc.)",Go;Java;Scala;SQL,145000.0
Other,0.5,3.0,3.0,"Engineer, data",25-34 years old,"Bachelor’s degree (B.A., B.S., B.Eng., etc.)",Bash/Shell (all shells);C;HTML/CSS;JavaScript;Python;SQL;TypeScript,17473.0
United States of America,10.0,1.0,,"Engineer, data",25-34 years old,"Bachelor’s degree (B.A., B.S., B.Eng., etc.)",C;Fortran;Java;Python,85000.0
Other,7.0,1.0,5.0,Data or business analyst,25-34 years old,"Bachelor’s degree (B.A., B.S., B.Eng., etc.)",Python;SQL;VBA,32593.0
United States of America,10.0,6.0,10.0,"Engineer, data",25-34 years old,"Bachelor’s degree (B.A., B.S., B.Eng., etc.)",Bash/Shell (all shells);Go;HTML/CSS;JavaScript;Python;Ruby;SQL,230000.0
United States of America,16.0,12.0,,Data scientist or machine learning specialist,25-34 years old,"Master’s degree (M.A., M.S., M.Eng., MBA, etc.)",Go;Python;Rust,260000.0
Canada,19.0,4.0,4.0,Data or business analyst,25-34 years old,"Bachelor’s degree (B.A., B.S., B.Eng., etc.)",R,52790.0
United States of America,24.0,6.0,6.0,Data scientist or machine learning specialist,35-44 years old,"Professional degree (JD, MD, Ph.D, Ed.D, etc.)",Python,240000.0
United States of America,10.0,4.0,4.0,Data or business analyst,18-24 years old,"Secondary school (e.g. American high school, German Realschule or Gymnasium, etc.)",HTML/CSS;Java;JavaScript;Python;SQL;TypeScript,200000.0
Other,17.0,17.0,21.0,Scientist,35-44 years old,"Secondary school (e.g. American high school, German Realschule or Gymnasium, etc.)",SQL;VBA,8753.0
United States of America,14.0,12.0,21.0,"Engineer, data",35-44 years old,"Master’s degree (M.A., M.S., M.Eng., MBA, etc.)",C#;Python;SQL,97000.0
Other,16.0,5.0,5.0,Data scientist or machine learning specialist,25-34 years old,"Master’s degree (M.A., M.S., M.Eng., MBA, etc.)",Bash/Shell (all shells);HTML/CSS;PowerShell;Python;Rust,43010.0
United States of America,10.0,4.0,5.0,Data scientist or machine learning specialist,25-34 years old,"Professional degree (JD, MD, Ph.D, Ed.D, etc.)",Bash/Shell (all shells);Julia;MATLAB;Python,230000.0
United States of America,6.0,4.0,4.0,"Engineer, data",25-34 years old,"Master’s degree (M.A., M.S., M.Eng., MBA, etc.)",Bash/Shell (all shells);C#;Rust;Scala;SQL,120000.0
Canada,15.0,10.0,,"Engineer, data",35-44 years old,"Master’s degree (M.A., M.S., M.Eng., MBA, etc.)",Python,106323.0
Australia,1.0,0.5,1.0,Data scientist or machine learning specialist,18-24 years old,"Bachelor’s degree (B.A., B.S., B.Eng., etc.)",Python;R;VBA,50900.0
Other,10.0,4.0,4.0,"Engineer, data",25-34 years old,"Bachelor’s degree (B.A., B.S., B.Eng., etc.)",Bash/Shell (all shells);HTML/CSS;JavaScript;Python;SQL;TypeScript,90480.0
Other,1.0,0.5,1.0,Data or business analyst,18-24 years old,"Associate degree (A.A., A.S., etc.)",HTML/CSS;JavaScript;Kotlin;MATLAB;Python;R;SQL;TypeScript,1225.0
Canada,18.0,9.0,,Data scientist or machine learning specialist,35-44 years old,"Bachelor’s degree (B.A., B.S., B.Eng., etc.)",Bash/Shell (all shells);Python;R,148703.0
Australia,36.0,12.0,26.0,Data or business analyst,45-54 years old,"Bachelor’s degree (B.A., B.S., B.Eng., etc.)",HTML/CSS;JavaScript;PHP;SQL,79325.0
Other,12.0,6.0,8.0,Data scientist or machine learning specialist,25-34 years old,"Master’s degree (M.A., M.S., M.Eng., MBA, etc.)",Assembly;Bash/Shell (all shells);C;C#;C++;HTML/CSS;JavaScript;PowerShell;Python,46049.0
United States of America,5.0,4.0,9.0,Data or business analyst,35-44 years old,Some college/university study without earning a degree,Bash/Shell (all shells);HTML/CSS;Java;JavaScript;PowerShell;Python;Rust;SQL;TypeScript;VBA;Visual Basic (.Net),65000.0
Poland,6.0,5.0,,Data scientist or machine learning specialist,25-34 years old,"Master’s degree (M.A., M.S., M.Eng., MBA, etc.)",C++;Java;Kotlin;Python,66036.0
United Kingdom of Great Britain and Northern Ireland,7.0,5.0,,Data scientist or machine learning specialist,25-34 years old,"Master’s degree (M.A., M.S., M.Eng., MBA, etc.)",Go;Python;Rust,99311.0
United States of America,20.0,9.0,,Scientist,35-44 years old,"Professional degree (JD, MD, Ph.D, Ed.D, etc.)",JavaScript;Python;R,130000.0
Other,6.0,6.0,6.0,"Engineer, data",25-34 years old,"Professional degree (JD, MD, Ph.D, Ed.D, etc.)",JavaScript;Python;SQL,32000.0
United Kingdom of Great Britain and Northern Ireland,12.0,4.0,4.0,Data or business analyst,25-34 years old,"Master’s degree (M.A., M.S., M.Eng., MBA, etc.)",Bash/Shell (all shells);JavaScript;Python;R;SQL;TypeScript,33586.0
Poland,4.0,3.0,3.0,Data scientist or machine learning specialist,25-34 years old,"Associate degree (A.A., A.S., etc.)",C++;Groovy;Java;Kotlin;Python,40196.0
France,20.0,13.0,13.0,Data scientist or machine learning specialist,35-44 years old,"Professional degree (JD, MD, Ph.D, Ed.D, etc.)",Bash/Shell (all shells);Python;Scala,85672.0
Sweden,6.0,4.0,,Scientist,25-34 years old,"Master’s degree (M.A., M.S., M.Eng., MBA, etc.)",R,36857.0
Switzerland,9.0,4.0,5.0,"Engineer, data",25-34 years old,"Master’s degree (M.A., M.S., M.Eng., MBA, etc.)",Bash/Shell (all shells);Python;SQL,132260.0
Austria,15.0,3.0,,"Engineer, data",25-34 years old,"Professional degree (JD, MD, Ph.D, Ed.D, etc.)",Bash/Shell (all shells);Groovy;PowerShell;Python;R;Scala;SQL,69608.0
Other,10.0,8.0,8.0,Data scientist or machine learning specialist,25-34 years old,"Master’s degree (M.A., M.S., M.Eng., MBA, etc.)",Python;R;SQL,44978.0
Other,8.0,3.0,3.0,Scientist,25-34 years old,"Master’s degree (M.A., M.S., M.Eng., MBA, etc.)",Fortran;Python;Rust,48297.0
Italy,12.0,1.0,6.0,Scientist,25-34 years old,"Master’s degree (M.A., M.S., M.Eng., MBA, etc.)",Bash/Shell (all shells);Python;Rust,17393.0
Belgium,6.0,4.0,,Data scientist or machine learning specialist,25-34 years old,"Master’s degree (M.A., M.S., M.Eng., MBA, etc.)",Bash/Shell (all shells);HTML/CSS;JavaScript;Python;SQL,41765.0
France,35.0,33.0,,"Engineer, data",55-64 years old,"Master’s degree (M.A., M.S., M.Eng., MBA, etc.)",PowerShell;SQL,47119.0
Denmark,10.0,4.0,3.0,"Engineer, data",25-34 years old,"Master’s degree (M.A., M.S., M.Eng., MBA, etc.)",Bash/Shell (all shells);C#;C++;Go;JavaScript;PowerShell;Python;SQL;TypeScript,69017.0
Germany,18.0,10.0,10.0,"Engineer, data",35-44 years old,"Professional degree (JD, MD, Ph.D, Ed.D, etc.)",Python;R;TypeScript,104412.0
Netherlands,4.0,2.0,,"Engineer, data",25-34 years old,"Bachelor’s degree (B.A., B.S., B.Eng., etc.)",Bash/Shell (all shells);Python;Scala;SQL,96381.0
United States of America,24.0,19.0,20.0,Scientist,45-54 years old,"Master’s degree (M.A., M.S., M.Eng., MBA, etc.)",Bash/Shell (all shells);C;C#;C++;HTML/CSS;JavaScript;Lua;MATLAB;Perl;PowerShell;Python;SQL;TypeScript,160000.0
Other,12.0,3.0,25.0,Data scientist or machine learning specialist,35-44 years old,"Bachelor’s degree (B.A., B.S., B.Eng., etc.)",Go;Lua;MATLAB;PHP;Python;SQL;TypeScript;Visual Basic (.Net),53545.0
Denmark,6.0,2.0,2.0,Data scientist or machine learning specialist,25-34 years old,"Master’s degree (M.A., M.S., M.Eng., MBA, etc.)",Bash/Shell (all shells);HTML/CSS;JavaScript;Python;SQL;TypeScript,94898.0
India,5.0,4.0,5.0,"Engineer, data",25-34 years old,"Master’s degree (M.A., M.S., M.Eng., MBA, etc.)",Cobol;Java;JavaScript;PowerShell;Python;Scala;SQL,13329.0
Other,5.0,0.5,1.0,Data scientist or machine learning specialist,18-24 years old,"Bachelor’s degree (B.A., B.S., B.Eng., etc.)",Python,10090.0
Sweden,5.0,1.0,,Data scientist or machine learning specialist,25-34 years old,"Master’s degree (M.A., M.S., M.Eng., MBA, etc.)",Python;Rust,4423.0
Other,6.0,4.0,4.0,"Engineer, data",25-34 years old,"Master’s degree (M.A., M.S., M.Eng., MBA, etc.)",Python;R;SQL,80317.0
Other,7.0,4.0,5.0,Data scientist or machine learning specialist,25-34 years old,"Bachelor’s degree (B.A., B.S., B.Eng., etc.)",Python,3403.0
India,10.0,6.0,5.0,Data scientist or machine learning specialist,25-34 years old,"Bachelor’s degree (B.A., B.S., B.Eng., etc.)",Python;SQL,38774.0
United Kingdom of Great Britain and Northern Ireland,5.0,4.0,14.0,"Engineer, data",35-44 years old,"Master’s degree (M.A., M.S., M.Eng., MBA, etc.)",Python,136552.0
Other,15.0,7.0,5.0,"Engineer, data",25-34 years old,"Master’s degree (M.A., M.S., M.Eng., MBA, etc.)",Bash/Shell (all shells);Java;Python;Scala;SQL,32235.0
United States of America,30.0,23.0,,Data scientist or machine learning specialist,45-54 years old,"Master’s degree (M.A., M.S., M.Eng., MBA, etc.)",C;Python,240000.0
Germany,17.0,13.0,20.0,"Engineer, data",35-44 years old,"Master’s degree (M.A., M.S., M.Eng., MBA, etc.)",Bash/Shell (all shells);Java;Kotlin;Scala;SQL;TypeScript,80317.0
United Kingdom of Great Britain and Northern Ireland,30.0,5.0,,Data or business analyst,45-54 years old,Some college/university study without earning a degree,HTML/CSS;Java;JavaScript;Ruby;Rust;SQL;VBA,43448.0
Poland,15.0,7.0,10.0,"Engineer, data",25-34 years old,"Master’s degree (M.A., M.S., M.Eng., MBA, etc.)",Python;SQL,95705.0
Other,5.0,3.0,3.0,Data scientist or machine learning specialist,25-34 years old,"Master’s degree (M.A., M.S., M.Eng., MBA, etc.)",Python;SQL,58166.0
India,7.0,5.0,5.0,Data scientist or machine learning specialist,25-34 years old,"Bachelor’s degree (B.A., B.S., B.Eng., etc.)",C;HTML/CSS;Python;R;SQL,24234.0
Netherlands,30.0,20.0,,Data scientist or machine learning specialist,35-44 years old,Some college/university study without earning a degree,Java,69608.0
India,17.0,11.0,11.0,"Engineer, data",25-34 years old,"Bachelor’s degree (B.A., B.S., B.Eng., etc.)",Java;Python;Scala,60584.0
Australia,8.0,4.0,,Data or business analyst,35-44 years old,"Professional degree (JD, MD, Ph.D, Ed.D, etc.)",Bash/Shell (all shells);Lua,85935.0
Austria,7.0,7.0,7.0,Data scientist or machine learning specialist,25-34 years old,"Master’s degree (M.A., M.S., M.Eng., MBA, etc.)",Bash/Shell (all shells);Java;Python;SQL,67466.0
United States of America,15.0,10.0,,Data scientist or machine learning specialist,35-44 years old,"Master’s degree (M.A., M.S., M.Eng., MBA, etc.)",Python;R,400000.0
United Kingdom of Great Britain and Northern Ireland,5.0,5.0,,"Engineer, data",25-34 years old,"Bachelor’s degree (B.A., B.S., B.Eng., etc.)",HTML/CSS;JavaScript;Python;SQL,117931.0
Other,9.0,1.0,2.0,"Engineer, data",25-34 years old,"Master’s degree (M.A., M.S., M.Eng., MBA, etc.)",Python;SQL,23622.0
Other,,3.0,,Data scientist or machine learning specialist,35-44 years old,"Secondary school (e.g. American high school, German Realschule or Gymnasium, etc.)",Python,28714.0
France,7.0,2.0,2.0,Scientist,25-34 years old,"Master’s degree (M.A., M.S., M.Eng., MBA, etc.)",MATLAB;Python;R,26772.0
Sweden,6.0,2.0,2.0,Data scientist or machine learning specialist,25-34 years old,"Master’s degree (M.A., M.S., M.Eng., MBA, etc.)",Bash/Shell (all shells);Python,46071.0
Other,4.0,2.0,4.0,"Engineer, data",25-34 years old,"Bachelor’s degree (B.A., B.S., B.Eng., etc.)",Python;SQL,52552.0
Germany,27.0,14.0,13.0,Data scientist or machine learning specialist,35-44 years old,"Professional degree (JD, MD, Ph.D, Ed.D, etc.)",Bash/Shell (all shells);C;C++;HTML/CSS;Python;R;SQL,139216.0
Other,8.0,8.0,8.0,"Engineer, data",25-34 years old,"Master’s degree (M.A., M.S., M.Eng., MBA, etc.)",HTML/CSS;JavaScript;Julia;Python;Ruby;Scala;SQL;TypeScript,54592.0
United States of America,10.0,2.0,3.0,Data or business analyst,18-24 years old,"Bachelor’s degree (B.A., B.S., B.Eng., etc.)",HTML/CSS;Python;Ruby;SQL;TypeScript,150000.0
Brazil,5.0,5.0,5.0,"Engineer, data",25-34 years old,"Associate degree (A.A., A.S., etc.)",Bash/Shell (all shells);Go;Perl;PowerShell;Python;SQL,23128.0
Sweden,9.0,3.0,,Scientist,25-34 years old,"Professional degree (JD, MD, Ph.D, Ed.D, etc.)",C++;MATLAB;Python,70000.0
United States of America,7.0,6.0,,Data scientist or machine learning specialist,25-34 years old,"Bachelor’s degree (B.A., B.S., B.Eng., etc.)",Python;SQL,350000.0
United States of America,25.0,20.0,19.0,Scientist,45-54 years old,"Professional degree (JD, MD, Ph.D, Ed.D, etc.)",Bash/Shell (all shells);HTML/CSS;PowerShell;Python;R;SQL,168000.0
India,11.0,6.0,6.0,Data scientist or machine learning specialist,35-44 years old,"Master’s degree (M.A., M.S., M.Eng., MBA, etc.)",Bash/Shell (all shells);HTML/CSS;Python;SQL,20599.0
Finland,10.0,8.0,8.0,Data scientist or machine learning specialist,25-34 years old,"Master’s degree (M.A., M.S., M.Eng., MBA, etc.)",JavaScript;Python;SQL;TypeScript,91026.0
Germany,15.0,0.5,,"Engineer, data",25-34 years old,"Master’s degree (M.A., M.S., M.Eng., MBA, etc.)",Bash/Shell (all shells);Python;Rust;Scala,64254.0
France,6.0,4.0,4.0,"Engineer, data",25-34 years old,"Master’s degree (M.A., M.S., M.Eng., MBA, etc.)",Bash/Shell (all shells);Java;JavaScript;Python;SQL,48190.0
Italy,9.0,3.0,,Data scientist or machine learning specialist,25-34 years old,"Master’s degree (M.A., M.S., M.Eng., MBA, etc.)",Bash/Shell (all shells);C++;JavaScript;Python;Ruby;SQL;TypeScript,37481.0
Brazil,10.0,8.0,8.0,"Engineer, data",25-34 years old,"Associate degree (A.A., A.S., etc.)",Bash/Shell (all shells);PowerShell;Python;Scala;SQL,88251.0
United States of America,10.0,4.0,4.0,"Engineer, data",25-34 years old,"Bachelor’s degree (B.A., B.S., B.Eng., etc.)",Java;Rust;Scala;SQL,120000.0
Other,9.0,2.0,2.0,"Engineer, data",18-24 years old,"Bachelor’s degree (B.A., B.S., B.Eng., etc.)",Python,296446.0
Israel,21.0,7.0,9.0,Data scientist or machine learning specialist,35-44 years old,"Professional degree (JD, MD, Ph.D, Ed.D, etc.)",C++;OCaml;Python,128294.0
India,10.0,1.0,1.0,"Engineer, data",18-24 years old,"Master’s degree (M.A., M.S., M.Eng., MBA, etc.)",Bash/Shell (all shells);HTML/CSS;JavaScript;Python;SQL;TypeScript,36351.0
Canada,30.0,9.0,10.0,Data scientist or machine learning specialist,35-44 years old,"Professional degree (JD, MD, Ph.D, Ed.D, etc.)",Python;Scala;SQL,163573.0
United States of America,8.0,8.0,15.0,Data or business analyst,25-34 years old,Some college/university study without earning a degree,HTML/CSS;JavaScript;Python;SQL;TypeScript;VBA,115000.0
Italy,5.0,5.0,,Data scientist or machine learning specialist,25-34 years old,"Master’s degree (M.A., M.S., M.Eng., MBA, etc.)",Python;SQL;VBA,27843.0
France,15.0,8.0,8.0,"Engineer, data",25-34 years old,"Master’s degree (M.A., M.S., M.Eng., MBA, etc.)",JavaScript;Python;SQL,73586.0
Austria,12.0,8.0,12.0,Data scientist or machine learning specialist,35-44 years old,"Master’s degree (M.A., M.S., M.Eng., MBA, etc.)",Bash/Shell (all shells);Go;HTML/CSS;Java;Python;R;SQL,117798.0
United States of America,8.0,5.0,7.0,"Engineer, data",25-34 years old,"Bachelor’s degree (B.A., B.S., B.Eng., etc.)",Bash/Shell (all shells);C;Go;HTML/CSS;JavaScript;Python;SQL;TypeScript,147000.0
United States of America,6.0,0.5,,Data scientist or machine learning specialist,25-34 years old,"Professional degree (JD, MD, Ph.D, Ed.D, etc.)",HTML/CSS;Python,105000.0
United Kingdom of Great Britain and Northern Ireland,3.0,3.0,3.0,Data scientist or machine learning specialist,25-34 years old,"Master’s degree (M.A., M.S., M.Eng., MBA, etc.)",Java,37241.0
United Kingdom of Great Britain and Northern Ireland,20.0,10.0,10.0,"Engineer, data",35-44 years old,"Master’s degree (M.A., M.S., M.Eng., MBA, etc.)",Go;Java;Scala,192414.0
Other,11.0,11.0,,Data scientist or machine learning specialist,35-44 years old,"Professional degree (JD, MD, Ph.D, Ed.D, etc.)",Python;SQL;VBA,63460.0
United States of America,14.0,12.0,22.0,"Engineer, data",35-44 years old,Some college/university study without earning a degree,Bash/Shell (all shells);C#;HTML/CSS;JavaScript;PHP;PowerShell;Python;SQL,65000.0
United Kingdom of Great Britain and Northern Ireland,23.0,2.0,4.0,"Engineer, data",25-34 years old,"Secondary school (e.g. American high school, German Realschule or Gymnasium, etc.)",Assembly;Bash/Shell (all shells);C;C#;C++;Lisp;Python;Rust;SQL,55862.0
India,17.0,11.0,,"Engineer, data",25-34 years old,"Master’s degree (M.A., M.S., M.Eng., MBA, etc.)",HTML/CSS;JavaScript;Python;SQL;VBA;Visual Basic (.Net),50891.0
Spain,15.0,10.0,16.0,Data or business analyst,35-44 years old,Some college/university study without earning a degree,Perl;Python;R;Rust;SQL,37481.0
United States of America,5.0,3.0,,Data scientist or machine learning specialist,25-34 years old,"Master’s degree (M.A., M.S., M.Eng., MBA, etc.)",Bash/Shell (all shells);Python,140000.0
United States of America,2.0,1.0,,Data scientist or machine learning specialist,25-34 years old,"Professional degree (JD, MD, Ph.D, Ed.D, etc.)",Python;R;SQL,107000.0
United States of America,30.0,15.0,15.0,Data or business analyst,35-44 years old,"Professional degree (JD, MD, Ph.D, Ed.D, etc.)",C++;Java;JavaScript;PowerShell;Python;Rust;VBA,350000.0
United States of America,25.0,23.0,23.0,"Engineer, data",55-64 years old,"Bachelor’s degree (B.A., B.S., B.Eng., etc.)",Bash/Shell (all shells);C#;Lua;PowerShell;SQL,144000.0
Germany,38.0,25.0,,Scientist,55-64 years old,"Professional degree (JD, MD, Ph.D, Ed.D, etc.)",Delphi;R,155280.0
Belgium,8.0,8.0,8.0,"Engineer, data",25-34 years old,"Master’s degree (M.A., M.S., M.Eng., MBA, etc.)",Bash/Shell (all shells);Java;JavaScript;Lua;Python;Rust;Scala;SQL;TypeScript,64254.0
Spain,8.0,2.0,2.0,"Engineer, data",25-34 years old,"Master’s degree (M.A., M.S., M.Eng., MBA, etc.)",Python;SQL,42836.0
United States of America,41.0,27.0,,"Engineer, data",55-64 years old,"Professional degree (JD, MD, Ph.D, Ed.D, etc.)",C;C++;Fortran;Python;R;SQL,250000.0
United States of America,5.0,2.0,,"Engineer, data",18-24 years old,"Bachelor’s degree (B.A., B.S., B.Eng., etc.)",Bash/Shell (all shells);Java;Python;SQL,100000.0
Canada,13.0,10.0,8.0,Data scientist or machine learning specialist,25-34 years old,"Master’s degree (M.A., M.S., M.Eng., MBA, etc.)",Bash/Shell (all shells);Python;Ruby;SQL,92939.0
Denmark,11.0,6.0,6.0,Data or business analyst,25-34 years old,"Master’s degree (M.A., M.S., M.Eng., MBA, etc.)",HTML/CSS;Python;SQL,89180.0
United States of America,12.0,6.0,10.0,Data or business analyst,25-34 years old,"Bachelor’s degree (B.A., B.S., B.Eng., etc.)",Bash/Shell (all shells);Go;HTML/CSS;Java;Kotlin;PowerShell;Python;R;Rust;SQL,56500.0
Israel,9.0,5.0,9.0,"Engineer, data",25-34 years old,"Bachelor’s degree (B.A., B.S., B.Eng., etc.)",Python,118672.0
United Kingdom of Great Britain and Northern Ireland,10.0,3.0,3.0,Data scientist or machine learning specialist,25-34 years old,"Master’s degree (M.A., M.S., M.Eng., MBA, etc.)",JavaScript;Python;R;Rust;SQL,124138.0
Netherlands,1.0,0.5,2.0,Data or business analyst,25-34 years old,"Bachelor’s degree (B.A., B.S., B.Eng., etc.)",Python;SQL,39623.0
United States of America,8.0,6.0,6.0,"Engineer, data",25-34 years old,"Master’s degree (M.A., M.S., M.Eng., MBA, etc.)",Python,200000.0
Australia,18.0,3.0,,Data or business analyst,35-44 years old,Some college/university study without earning a degree,PowerShell;SQL;VBA,69409.0
France,5.0,3.0,,Data scientist or machine learning specialist,25-34 years old,"Master’s degree (M.A., M.S., M.Eng., MBA, etc.)",JavaScript;Python;SQL,49261.0
Austria,20.0,15.0,25.0,Data or business analyst,45-54 years old,"Associate degree (A.A., A.S., etc.)",Python,107090.0
Canada,15.0,1.0,,"Engineer, data",45-54 years old,"Professional degree (JD, MD, Ph.D, Ed.D, etc.)",Bash/Shell (all shells);Go;Python;SQL,125114.0
United States of America,7.0,0.5,,Data or business analyst,25-34 years old,"Master’s degree (M.A., M.S., M.Eng., MBA, etc.)",Bash/Shell (all shells);HTML/CSS;Python;SQL,130000.0
United States of America,5.0,1.0,,Data scientist or machine learning specialist,18-24 years old,"Bachelor’s degree (B.A., B.S., B.Eng., etc.)",HTML/CSS;Java;JavaScript;Python,93000.0
Australia,0.5,0.5,14.0,Data or business analyst,35-44 years old,"Professional degree (JD, MD, Ph.D, Ed.D, etc.)",Apex;HTML/CSS;JavaScript;SQL;TypeScript,79325.0
United States of America,20.0,8.0,12.0,Data or business analyst,25-34 years old,Some college/university study without earning a degree,C#;Go;HTML/CSS;Java;JavaScript;Kotlin;Lua;Python;Solidity;TypeScript,180000.0
Australia,8.0,5.0,7.0,Data or business analyst,25-34 years old,"Bachelor’s degree (B.A., B.S., B.Eng., etc.)",C++;HTML/CSS;MATLAB;PowerShell;Python;R;SAS;SQL,82630.0
United States of America,12.0,9.0,7.0,"Engineer, data",25-34 years old,"Bachelor’s degree (B.A., B.S., B.Eng., etc.)",Go;HTML/CSS;Java;JavaScript;Kotlin;Python;SQL;TypeScript,300000.0
United Kingdom of Great Britain and Northern Ireland,5.0,2.0,3.0,Data scientist or machine learning specialist,25-34 years old,"Master’s degree (M.A., M.S., M.Eng., MBA, etc.)",Python;SQL,86897.0
United States of America,19.0,9.0,12.0,"Engineer, data",35-44 years old,"Bachelor’s degree (B.A., B.S., B.Eng., etc.)",Bash/Shell (all shells);C#;Groovy;HTML/CSS;JavaScript;Lua;Perl;PowerShell;Python;R;SQL;Visual Basic (.Net),160000.0
United States of America,10.0,5.0,,Data scientist or machine learning specialist,25-34 years old,"Master’s degree (M.A., M.S., M.Eng., MBA, etc.)",Python;R;SQL,100000.0
Canada,17.0,7.0,7.0,Data scientist or machine learning specialist,25-34 years old,"Professional degree (JD, MD, Ph.D, Ed.D, etc.)",Python,101861.0
Other,9.0,4.0,5.0,"Engineer, data",18-24 years old,Some college/university study without earning a degree,Bash/Shell (all shells);C;C++;Java;JavaScript;Python;R;Rust;SQL;TypeScript,69074.0
United States of America,12.0,7.0,,Data scientist or machine learning specialist,25-34 years old,"Bachelor’s degree (B.A., B.S., B.Eng., etc.)",Bash/Shell (all shells);Groovy;Python;Rust;SQL,124500.0
United States of America,5.0,1.0,,Data or business analyst,18-24 years old,"Bachelor’s degree (B.A., B.S., B.Eng., etc.)",C#;Java;JavaScript;Python,75000.0
United States of America,11.0,5.0,,Data scientist or machine learning specialist,25-34 years old,"Professional degree (JD, MD, Ph.D, Ed.D, etc.)",Python;SQL,260000.0
United States of America,6.0,4.0,,Data scientist or machine learning specialist,18-24 years old,"Bachelor’s degree (B.A., B.S., B.Eng., etc.)",Bash/Shell (all shells);HTML/CSS;JavaScript;Python;TypeScript,300000.0
United States of America,4.0,3.0,5.0,Data scientist or machine learning specialist,25-34 years old,"Professional degree (JD, MD, Ph.D, Ed.D, etc.)",Bash/Shell (all shells);HTML/CSS;Python;SQL,160000.0
India,3.0,2.0,1.0,"Engineer, data",25-34 years old,"Bachelor’s degree (B.A., B.S., B.Eng., etc.)",Ada;Bash/Shell (all shells);C;C#;Java;JavaScript;Perl;PowerShell;Python;SQL;Visual Basic (.Net),4847.0
United States of America,17.0,2.0,2.0,"Engineer, data",25-34 years old,"Bachelor’s degree (B.A., B.S., B.Eng., etc.)",C;C++;Fortran;MATLAB;Python,83000.0
India,10.0,7.0,,Data scientist or machine learning specialist,25-34 years old,"Master’s degree (M.A., M.S., M.Eng., MBA, etc.)",Python,48468.0
Australia,7.0,5.0,5.0,"Engineer, data",25-34 years old,"Master’s degree (M.A., M.S., M.Eng., MBA, etc.)",Bash/Shell (all shells);Java;Python;Scala;SQL,99156.0
Other,8.0,8.0,,"Engineer, data",35-44 years old,"Associate degree (A.A., A.S., etc.)",Lua;Python;SQL,124388.0
Other,11.0,5.0,5.0,Data scientist or machine learning specialist,25-34 years old,"Master’s degree (M.A., M.S., M.Eng., MBA, etc.)",Bash/Shell (all shells);C#;Python;SAS;SQL,35841.0
Other,8.0,5.0,,"Engineer, data",25-34 years old,"Master’s degree (M.A., M.S., M.Eng., MBA, etc.)",Java;Python;Scala;SQL,29985.0
Poland,13.0,8.0,8.0,Data scientist or machine learning specialist,25-34 years old,"Professional degree (JD, MD, Ph.D, Ed.D, etc.)",Bash/Shell (all shells);Python,64254.0
United Kingdom of Great Britain and Northern Ireland,10.0,3.0,3.0,Data or business analyst,25-34 years old,"Master’s degree (M.A., M.S., M.Eng., MBA, etc.)",Bash/Shell (all shells);R,47173.0
United Kingdom of Great Britain and Northern Ireland,40.0,23.0,23.0,Data scientist or machine learning specialist,45-54 years old,"Bachelor’s degree (B.A., B.S., B.Eng., etc.)",Python,86897.0
Other,11.0,6.0,,Data scientist or machine learning specialist,25-34 years old,"Master’s degree (M.A., M.S., M.Eng., MBA, etc.)",Bash/Shell (all shells);C;C++;HTML/CSS;JavaScript;Kotlin;Prolog;Python,39623.0
India,7.0,2.0,2.0,"Engineer, data",25-34 years old,"Master’s degree (M.A., M.S., M.Eng., MBA, etc.)",Bash/Shell (all shells);Python;SQL,19993.0
Other,8.0,4.0,5.0,Data scientist or machine learning specialist,25-34 years old,"Master’s degree (M.A., M.S., M.Eng., MBA, etc.)",JavaScript;Python;R;Scala;SQL;TypeScript,42836.0
Poland,35.0,25.0,,"Engineer, data",45-54 years old,"Bachelor’s degree (B.A., B.S., B.Eng., etc.)",Delphi;SQL,47852.0
Other,15.0,9.0,15.0,Data scientist or machine learning specialist,35-44 years old,"Master’s degree (M.A., M.S., M.Eng., MBA, etc.)",Python,17134.0
Italy,25.0,20.0,32.0,Data or business analyst,55-64 years old,"Master’s degree (M.A., M.S., M.Eng., MBA, etc.)",Delphi;HTML/CSS;JavaScript;Python;R;SQL,37481.0
Other,15.0,8.0,8.0,Data scientist or machine learning specialist,25-34 years old,"Master’s degree (M.A., M.S., M.Eng., MBA, etc.)",Bash/Shell (all shells);C;C#;C++;Delphi;HTML/CSS;Java;JavaScript;Lisp;Perl;PHP;Python;R;SQL,130649.0
Israel,9.0,5.0,4.0,Data scientist or machine learning specialist,25-34 years old,Some college/university study without earning a degree,Python;SQL,100230.0
Other,6.0,6.0,6.0,Scientist,25-34 years old,"Master’s degree (M.A., M.S., M.Eng., MBA, etc.)",C;Perl;Python;R,22489.0
United States of America,10.0,6.0,6.0,"Engineer, data",25-34 years old,"Master’s degree (M.A., M.S., M.Eng., MBA, etc.)",Bash/Shell (all shells);Java;JavaScript;Python;SQL,165000.0
Other,2.0,3.0,3.0,"Engineer, data",25-34 years old,"Bachelor’s degree (B.A., B.S., B.Eng., etc.)",C++;HTML/CSS;Python,7434.0
Other,7.0,3.0,3.0,"Engineer, data",18-24 years old,"Bachelor’s degree (B.A., B.S., B.Eng., etc.)",Bash/Shell (all shells);JavaScript;PowerShell;Python,12252.0
Brazil,8.0,7.0,8.0,Data scientist or machine learning specialist,25-34 years old,"Professional degree (JD, MD, Ph.D, Ed.D, etc.)",Python;R,40575.0
Other,4.0,1.0,2.0,Data or business analyst,25-34 years old,"Bachelor’s degree (B.A., B.S., B.Eng., etc.)",Bash/Shell (all shells);C#;C++;HTML/CSS;Java;Kotlin;PHP;PowerShell;Python;Ruby,6637.0
United States of America,29.0,24.0,25.0,"Engineer, data",35-44 years old,"Bachelor’s degree (B.A., B.S., B.Eng., etc.)",Bash/Shell (all shells);Python;SAS;SQL,180000.0
Other,1.0,1.0,,Data or business analyst,18-24 years old,Some college/university study without earning a degree,Python;SQL,17319.0
Other,3.0,3.0,3.0,Data or business analyst,25-34 years old,"Secondary school (e.g. American high school, German Realschule or Gymnasium, etc.)",Delphi,8910.0
Other,30.0,25.0,25.0,"Engineer, data",45-54 years old,Some college/university study without earning a degree,HTML/CSS;JavaScript;PHP;SQL,43298.0
United States of America,15.0,4.0,4.0,Data scientist or machine learning specialist,25-34 years old,"Master’s degree (M.A., M.S., M.Eng., MBA, etc.)",Bash/Shell (all shells);C;C#;C++;Go;HTML/CSS;Java;JavaScript;PowerShell;Python;SQL,109000.0
United States of America,7.0,5.0,,Data scientist or machine learning specialist,25-34 years old,"Professional degree (JD, MD, Ph.D, Ed.D, etc.)",Python;SQL,135000.0
Canada,12.0,8.0,,"Engineer, data",25-34 years old,"Bachelor’s degree (B.A., B.S., B.Eng., etc.)",Cobol;Python;Scala;SQL,185879.0
United States of America,8.0,5.0,5.0,Data scientist or machine learning specialist,25-34 years old,"Master’s degree (M.A., M.S., M.Eng., MBA, etc.)",Bash/Shell (all shells);Go;HTML/CSS;Python;SQL,129500.0
United States of America,7.0,5.0,,Data or business analyst,25-34 years old,"Bachelor’s degree (B.A., B.S., B.Eng., etc.)",Python;SQL,112000.0
Netherlands,10.0,6.0,6.0,Data scientist or machine learning specialist,25-34 years old,"Master’s degree (M.A., M.S., M.Eng., MBA, etc.)",Bash/Shell (all shells);GDScript;HTML/CSS;JavaScript;PowerShell;Python,72821.0
United Kingdom of Great Britain and Northern Ireland,3.0,1.0,,Data scientist or machine learning specialist,25-34 years old,"Bachelor’s degree (B.A., B.S., B.Eng., etc.)",Java;Python,69517.0
United Kingdom of Great Britain and Northern Ireland,7.0,4.0,4.0,"Engineer, data",25-34 years old,"Professional degree (JD, MD, Ph.D, Ed.D, etc.)",JavaScript;Python;Scala;SQL,75724.0
Germany,2.0,0.5,1.0,Data or business analyst,25-34 years old,"Master’s degree (M.A., M.S., M.Eng., MBA, etc.)",HTML/CSS;R;SQL,53545.0
Denmark,4.0,0.5,1.0,Data or business analyst,18-24 years old,"Secondary school (e.g. American high school, German Realschule or Gymnasium, etc.)",Bash/Shell (all shells);Python;Rust,55213.0
Netherlands,10.0,4.0,,Data or business analyst,25-34 years old,"Master’s degree (M.A., M.S., M.Eng., MBA, etc.)",Python;SQL,92632.0
United Kingdom of Great Britain and Northern Ireland,3.0,1.0,,"Engineer, data",18-24 years old,"Master’s degree (M.A., M.S., M.Eng., MBA, etc.)",Bash/Shell (all shells);Python;SQL,32276.0
United States of America,25.0,22.0,,Data or business analyst,45-54 years old,"Bachelor’s degree (B.A., B.S., B.Eng., etc.)",Bash/Shell (all shells);HTML/CSS;JavaScript;Perl;PowerShell;Python,91000.0
Other,6.0,4.0,,"Engineer, data",18-24 years old,"Bachelor’s degree (B.A., B.S., B.Eng., etc.)",C#;Python;Scala;TypeScript,53545.0
United States of America,30.0,25.0,30.0,Scientist,65 years or older,"Professional degree (JD, MD, Ph.D, Ed.D, etc.)",Delphi;Fortran,150000.0
United States of America,30.0,28.0,,"Engineer, data",45-54 years old,"Bachelor’s degree (B.A., B.S., B.Eng., etc.)",Delphi;Python,170000.0
United States of America,4.0,2.0,,"Engineer, data",25-34 years old,"Bachelor’s degree (B.A., B.S., B.Eng., etc.)",Bash/Shell (all shells);Python;TypeScript,104000.0
United States of America,7.0,2.0,2.0,"Engineer, data",25-34 years old,"Bachelor’s degree (B.A., B.S., B.Eng., etc.)",Bash/Shell (all shells);HTML/CSS;Python;R;SQL,96000.0
India,6.0,2.0,,Data scientist or machine learning specialist,18-24 years old,"Bachelor’s degree (B.A., B.S., B.Eng., etc.)",Bash/Shell (all shells);Python;SQL,19908.0
United States of America,22.0,20.0,15.0,Data scientist or machine learning specialist,35-44 years old,"Professional degree (JD, MD, Ph.D, Ed.D, etc.)",Python;SQL,160000.0
United States of America,10.0,2.0,,Data or business analyst,18-24 years old,"Bachelor’s degree (B.A., B.S., B.Eng., etc.)",HTML/CSS;JavaScript;Python;R,92000.0
Other,2.0,2.0,,"Engineer, data",35-44 years old,Some college/university study without earning a degree,HTML/CSS;JavaScript;Python;SQL,19420.0
United States of America,12.0,10.0,,"Engineer, data",25-34 years old,Some college/university study without earning a degree,Assembly;C++;JavaScript;Python;Rust;SQL;TypeScript,120000.0
Other,7.0,5.0,6.0,"Engineer, data",25-34 years old,"Master’s degree (M.A., M.S., M.Eng., MBA, etc.)",Bash/Shell (all shells);C#;HTML/CSS;JavaScript;Python;SQL,69608.0
United States of America,50.0,50.0,,"Engineer, data",65 years or older,"Master’s degree (M.A., M.S., M.Eng., MBA, etc.)",C++;Delphi;Fortran;MATLAB;Python;VBA,205000.0
Italy,3.0,2.0,2.0,"Engineer, data",18-24 years old,"Bachelor’s degree (B.A., B.S., B.Eng., etc.)",Dart;HTML/CSS;MATLAB;Python;R;SQL,38552.0
France,7.0,7.0,,"Engineer, data",18-24 years old,"Master’s degree (M.A., M.S., M.Eng., MBA, etc.)",,107090.0
Poland,8.0,6.0,6.0,"Engineer, data",25-34 years old,"Master’s degree (M.A., M.S., M.Eng., MBA, etc.)",Bash/Shell (all shells);Python;SQL,47852.0
Poland,7.0,5.0,,Data or business analyst,25-34 years old,"Master’s degree (M.A., M.S., M.Eng., MBA, etc.)",HTML/CSS;JavaScript;Python;SQL;VBA,43067.0
United States of America,8.0,4.0,4.0,Data scientist or machine learning specialist,25-34 years old,"Bachelor’s degree (B.A., B.S., B.Eng., etc.)",Bash/Shell (all shells);HTML/CSS;Lisp;Python;R,150000.0
Germany,5.0,4.0,,Data or business analyst,25-34 years old,"Master’s degree (M.A., M.S., M.Eng., MBA, etc.)",HTML/CSS;Python;R;SQL,77104.0
United States of America,7.0,5.0,7.0,Data or business analyst,25-34 years old,"Master’s degree (M.A., M.S., M.Eng., MBA, etc.)",HTML/CSS;Python;SQL,120000.0
Finland,10.0,10.0,10.0,Data scientist or machine learning specialist,25-34 years old,"Professional degree (JD, MD, Ph.D, Ed.D, etc.)",C++;Python,98522.0
United States of America,20.0,13.0,15.0,Data or business analyst,35-44 years old,"Professional degree (JD, MD, Ph.D, Ed.D, etc.)",Julia;Python;R;SQL,114000.0
United States of America,10.0,4.0,4.0,Data scientist or machine learning specialist,25-34 years old,"Master’s degree (M.A., M.S., M.Eng., MBA, etc.)",Bash/Shell (all shells);Python;SQL,120000.0
United States of America,3.0,0.5,,"Engineer, data",25-34 years old,"Master’s degree (M.A., M.S., M.Eng., MBA, etc.)",HTML/CSS;JavaScript;Python;SQL,100000.0
Other,7.0,1.0,1.0,Data scientist or machine learning specialist,25-34 years old,"Master’s degree (M.A., M.S., M.Eng., MBA, etc.)",Python,66130.0
Netherlands,8.0,8.0,,Data scientist or machine learning specialist,35-44 years old,"Master’s degree (M.A., M.S., M.Eng., MBA, etc.)",Bash/Shell (all shells);HTML/CSS;Java;JavaScript;Python;SQL,44978.0
United States of America,2.0,1.0,,Data or business analyst,25-34 years old,"Bachelor’s degree (B.A., B.S., B.Eng., etc.)",SQL,60000.0
Brazil,8.0,8.0,8.0,Data or business analyst,35-44 years old,"Bachelor’s degree (B.A., B.S., B.Eng., etc.)",C#;Delphi;HTML/CSS;JavaScript;Python;SQL,16230.0
United States of America,2.0,2.0,,Data or business analyst,25-34 years old,"Bachelor’s degree (B.A., B.S., B.Eng., etc.)",Python;SQL,120000.0
United Kingdom of Great Britain and Northern Ireland,8.0,2.0,,Data or business analyst,18-24 years old,"Secondary school (e.g. American high school, German Realschule or Gymnasium, etc.)",JavaScript;Python,37241.0
India,7.0,5.0,5.0,Data scientist or machine learning specialist,25-34 years old,"Master’s degree (M.A., M.S., M.Eng., MBA, etc.)",Python;SQL,19993.0
United Kingdom of Great Britain and Northern Ireland,2.0,2.0,,Data or business analyst,18-24 years old,"Master’s degree (M.A., M.S., M.Eng., MBA, etc.)",HTML/CSS;JavaScript;Python,39724.0
United States of America,8.0,5.0,10.0,Scientist,25-34 years old,"Bachelor’s degree (B.A., B.S., B.Eng., etc.)",Bash/Shell (all shells);PowerShell;Python,160000.0
Other,6.0,0.5,1.0,Data scientist or machine learning specialist,18-24 years old,"Bachelor’s degree (B.A., B.S., B.Eng., etc.)",Dart;Python;SQL,16599.0
United States of America,15.0,15.0,,Scientist,55-64 years old,"Master’s degree (M.A., M.S., M.Eng., MBA, etc.)",C#;C++;Delphi;PowerShell;SQL;VBA,90000.0
Other,18.0,15.0,15.0,"Engineer, data",35-44 years old,"Bachelor’s degree (B.A., B.S., B.Eng., etc.)",Java;JavaScript;Scala,24000.0
Canada,5.0,3.0,5.0,Data scientist or machine learning specialist,25-34 years old,"Master’s degree (M.A., M.S., M.Eng., MBA, etc.)",Python;SQL;VBA,74351.0
United States of America,38.0,31.0,,Scientist,55-64 years old,"Professional degree (JD, MD, Ph.D, Ed.D, etc.)",Delphi;HTML/CSS;JavaScript;Python;VBA,178000.0
Poland,4.0,0.5,,"Engineer, data",18-24 years old,Some college/university study without earning a degree,C#;Python,76564.0
Italy,35.0,30.0,25.0,Data or business analyst,45-54 years old,"Master’s degree (M.A., M.S., M.Eng., MBA, etc.)",Delphi;SQL;VBA,69608.0
Australia,7.0,7.0,,"Engineer, data",35-44 years old,Some college/university study without earning a degree,Flow;HTML/CSS;JavaScript;PowerShell;Python;R;Rust;SQL;VBA,95851.0
France,4.0,0.5,,Scientist,25-34 years old,"Master’s degree (M.A., M.S., M.Eng., MBA, etc.)",HTML/CSS;JavaScript;MATLAB;Python;SQL,42836.0
Other,5.0,0.5,5.0,Scientist,35-44 years old,"Professional degree (JD, MD, Ph.D, Ed.D, etc.)",Python,2625.0
India,10.0,5.0,,Data scientist or machine learning specialist,25-34 years old,"Master’s degree (M.A., M.S., M.Eng., MBA, etc.)",Bash/Shell (all shells);HTML/CSS;Python;Rust;Scala;SQL,72701.0
Italy,8.0,4.0,4.0,"Engineer, data",25-34 years old,"Master’s degree (M.A., M.S., M.Eng., MBA, etc.)",MATLAB;Python;VBA,48190.0
United States of America,16.0,16.0,,Data scientist or machine learning specialist,25-34 years old,"Professional degree (JD, MD, Ph.D, Ed.D, etc.)",Bash/Shell (all shells);C++;PowerShell;Python;SQL,225000.0
United States of America,25.0,25.0,33.0,Data or business analyst,45-54 years old,"Bachelor’s degree (B.A., B.S., B.Eng., etc.)",C++;SQL;TypeScript,190000.0
Other,18.0,8.0,,"Engineer, data",25-34 years old,"Bachelor’s degree (B.A., B.S., B.Eng., etc.)",JavaScript;PowerShell;Python;SQL;VBA,57249.0
Netherlands,3.0,2.0,,Data or business analyst,35-44 years old,"Master’s degree (M.A., M.S., M.Eng., MBA, etc.)",Go;Python;Rust,67466.0
Belgium,15.0,2.0,2.0,"Engineer, data",25-34 years old,"Secondary school (e.g. American high school, German Realschule or Gymnasium, etc.)",C;C#;C++;Dart;HTML/CSS;Java;JavaScript;Kotlin;PHP;Python;SQL;TypeScript,107090.0
Other,13.0,3.0,6.0,Data scientist or machine learning specialist,25-34 years old,"Professional degree (JD, MD, Ph.D, Ed.D, etc.)",Python;R,85000.0
United States of America,41.0,38.0,39.0,"Engineer, data",65 years or older,"Bachelor’s degree (B.A., B.S., B.Eng., etc.)",Assembly;Bash/Shell (all shells);C;C++;Cobol;Delphi;Fortran;HTML/CSS;JavaScript;PowerShell;SQL;VBA;Visual Basic (.Net),120000.0
United States of America,7.0,4.0,,"Engineer, data",25-34 years old,"Master’s degree (M.A., M.S., M.Eng., MBA, etc.)",Bash/Shell (all shells);HTML/CSS;PowerShell;Python;SQL,89000.0
Other,11.0,11.0,15.0,Data scientist or machine learning specialist,35-44 years old,"Bachelor’s degree (B.A., B.S., B.Eng., etc.)",Python;R;SQL,85672.0
India,13.0,10.0,10.0,Data scientist or machine learning specialist,25-34 years old,"Master’s degree (M.A., M.S., M.Eng., MBA, etc.)",Bash/Shell (all shells);Go;Java;PowerShell;Python;SQL,72701.0
Other,5.0,5.0,1.0,Data or business analyst,18-24 years old,"Bachelor’s degree (B.A., B.S., B.Eng., etc.)",Bash/Shell (all shells);Dart;HTML/CSS;Java;JavaScript;PowerShell;Python;Rust;SQL;TypeScript,5230.0
United States of America,12.0,6.0,11.0,"Engineer, data",25-34 years old,"Bachelor’s degree (B.A., B.S., B.Eng., etc.)",Bash/Shell (all shells);Go;HTML/CSS;Java;JavaScript;PowerShell;Python;SQL,170000.0
United States of America,7.0,1.0,,Data scientist or machine learning specialist,18-24 years old,"Bachelor’s degree (B.A., B.S., B.Eng., etc.)",Python;R;SQL,130000.0
United States of America,12.0,5.0,5.0,"Engineer, data",25-34 years old,"Bachelor’s degree (B.A., B.S., B.Eng., etc.)",Bash/Shell (all shells);HTML/CSS;Java;JavaScript;Kotlin;Python;Scala;SQL;TypeScript,175000.0
Other,1.0,1.0,,Data or business analyst,25-34 years old,"Master’s degree (M.A., M.S., M.Eng., MBA, etc.)",HTML/CSS;JavaScript;PowerShell;TypeScript,40997.0
Netherlands,18.0,5.0,,Scientist,25-34 years old,"Professional degree (JD, MD, Ph.D, Ed.D, etc.)",Bash/Shell (all shells);C#;F#;Haskell;HTML/CSS;Java;JavaScript;Python;SQL;TypeScript,96381.0
Israel,26.0,9.0,9.0,Data scientist or machine learning specialist,35-44 years old,"Bachelor’s degree (B.A., B.S., B.Eng., etc.)",Bash/Shell (all shells);JavaScript;Python;SQL,141123.0
United States of America,7.0,5.0,4.0,"Engineer, data",25-34 years old,"Master’s degree (M.A., M.S., M.Eng., MBA, etc.)",Bash/Shell (all shells);Python;SQL,125000.0
United States of America,5.0,3.0,,Data scientist or machine learning specialist,18-24 years old,"Bachelor’s degree (B.A., B.S., B.Eng., etc.)",C;Dart;HTML/CSS;JavaScript;Python;Rust;TypeScript,70000.0
United Kingdom of Great Britain and Northern Ireland,13.0,3.0,7.0,Data scientist or machine learning specialist,25-34 years old,"Master’s degree (M.A., M.S., M.Eng., MBA, etc.)",Python;SQL,68276.0
United States of America,15.0,13.0,,Data or business analyst,35-44 years old,"Bachelor’s degree (B.A., B.S., B.Eng., etc.)",Bash/Shell (all shells);PowerShell;Python;SAS;SQL,110000.0
Belgium,14.0,6.0,6.0,"Engineer, data",25-34 years old,"Bachelor’s degree (B.A., B.S., B.Eng., etc.)",Java;Python;Scala;SQL,78711.0
United States of America,15.0,10.0,15.0,Data scientist or machine learning specialist,35-44 years old,"Master’s degree (M.A., M.S., M.Eng., MBA, etc.)",HTML/CSS;PowerShell;Python;R;SQL,120000.0
Switzerland,3.0,1.0,,Data scientist or machine learning specialist,18-24 years old,"Bachelor’s degree (B.A., B.S., B.Eng., etc.)",Bash/Shell (all shells);JavaScript;Python;R;Rust;Scala;SQL,39678.0
United States of America,8.0,0.5,,Data scientist or machine learning specialist,18-24 years old,"Bachelor’s degree (B.A., B.S., B.Eng., etc.)",Bash/Shell (all shells);HTML/CSS;Python;R;SQL;VBA,75000.0
Finland,7.0,5.0,7.0,Data scientist or machine learning specialist,25-34 years old,"Master’s degree (M.A., M.S., M.Eng., MBA, etc.)",Bash/Shell (all shells);Go;HTML/CSS;JavaScript;Lua;Python;Rust;SQL;TypeScript,62969.0
Germany,9.0,7.0,,Data or business analyst,25-34 years old,"Master’s degree (M.A., M.S., M.Eng., MBA, etc.)",Bash/Shell (all shells);Python;SQL,61041.0
United States of America,4.0,3.0,3.0,"Engineer, data",25-34 years old,"Bachelor’s degree (B.A., B.S., B.Eng., etc.)",Bash/Shell (all shells);HTML/CSS;JavaScript;Python;SQL,100000.0
India,6.0,2.0,2.0,Data scientist or machine learning specialist,18-24 years old,"Bachelor’s degree (B.A., B.S., B.Eng., etc.)",Bash/Shell (all shells);Python;Rust,18175.0
United States of America,12.0,10.0,,Data scientist or machine learning specialist,35-44 years old,"Professional degree (JD, MD, Ph.D, Ed.D, etc.)",HTML/CSS;Python;R;SQL,300000.0
United Kingdom of Great Britain and Northern Ireland,7.0,6.0,,Data or business analyst,25-34 years old,"Professional degree (JD, MD, Ph.D, Ed.D, etc.)",Dart;Python,148966.0
United States of America,6.0,5.0,5.0,"Engineer, data",25-34 years old,"Master’s degree (M.A., M.S., M.Eng., MBA, etc.)",Python;R;SQL,115000.0
Poland,2.0,1.0,1.0,"Engineer, data",25-34 years old,"Master’s degree (M.A., M.S., M.Eng., MBA, etc.)",Python;SQL,35889.0
Switzerland,13.0,4.0,2.0,Data or business analyst,25-34 years old,"Professional degree (JD, MD, Ph.D, Ed.D, etc.)",MATLAB;Python;SQL,103603.0
United Kingdom of Great Britain and Northern Ireland,5.0,4.0,4.0,Data scientist or machine learning specialist,25-34 years old,"Bachelor’s degree (B.A., B.S., B.Eng., etc.)",Lua;R;Rust;SQL,64552.0
Brazil,3.0,1.0,2.0,Data or business analyst,18-24 years old,"Bachelor’s degree (B.A., B.S., B.Eng., etc.)",C;C#;C++;Go;Java;JavaScript;Julia;Python;R;Rust;SQL;VBA,14607.0
Brazil,20.0,11.0,9.0,Data scientist or machine learning specialist,35-44 years old,"Bachelor’s degree (B.A., B.S., B.Eng., etc.)",Assembly;C;C#;C++;Clojure;Delphi;Erlang;GDScript;Go;Groovy;Haskell;HTML/CSS;Java;JavaScript;Kotlin;Lisp;Lua;MATLAB;Objective-C;Perl;PowerShell;Prolog;Python;R;Ruby;Rust;SAS;Scala;SQL;TypeScript;VBA;Visual Basic (.Net),30431.0
France,9.0,4.0,4.0,Data scientist or machine learning specialist,25-34 years old,"Bachelor’s degree (B.A., B.S., B.Eng., etc.)",Bash/Shell (all shells);Dart;JavaScript;Python;SQL;TypeScript,61041.0
United States of America,8.0,4.0,8.0,Data scientist or machine learning specialist,18-24 years old,"Bachelor’s degree (B.A., B.S., B.Eng., etc.)",C++;HTML/CSS;Java;PHP;Python;SQL,120000.0
United Kingdom of Great Britain and Northern Ireland,5.0,3.0,3.0,"Engineer, data",25-34 years old,"Master’s degree (M.A., M.S., M.Eng., MBA, etc.)",Bash/Shell (all shells);Go;PowerShell;Python;SQL,86897.0
United States of America,6.0,0.5,0.0,Data or business analyst,18-24 years old,"Bachelor’s degree (B.A., B.S., B.Eng., etc.)",HTML/CSS;JavaScript;Python,93000.0
Other,7.0,1.0,,Data or business analyst,25-34 years old,"Bachelor’s degree (B.A., B.S., B.Eng., etc.)",C++;Fortran;HTML/CSS;PowerShell;Python;SQL,11450.0
United Kingdom of Great Britain and Northern Ireland,12.0,12.0,20.0,Data scientist or machine learning specialist,35-44 years old,Some college/university study without earning a degree,Bash/Shell (all shells);HTML/CSS;JavaScript;Python,62069.0
France,7.0,2.0,5.0,"Engineer, data",18-24 years old,"Master’s degree (M.A., M.S., M.Eng., MBA, etc.)",HTML/CSS;JavaScript;Python;Rust;Scala;SQL;TypeScript,47119.0
United Kingdom of Great Britain and Northern Ireland,7.0,5.0,5.0,"Engineer, data",25-34 years old,"Bachelor’s degree (B.A., B.S., B.Eng., etc.)",Bash/Shell (all shells);C#;HTML/CSS;JavaScript;PowerShell;Python;R;SQL,65793.0
Germany,12.0,12.0,12.0,"Engineer, data",35-44 years old,"Bachelor’s degree (B.A., B.S., B.Eng., etc.)",Bash/Shell (all shells);HTML/CSS;JavaScript;PHP;Python;SQL;Swift;TypeScript,80317.0
Other,40.0,31.0,31.0,Data scientist or machine learning specialist,45-54 years old,Some college/university study without earning a degree,Bash/Shell (all shells);C;F#;HTML/CSS;JavaScript;Python;SQL,64254.0
Poland,10.0,3.0,3.0,Data scientist or machine learning specialist,25-34 years old,"Bachelor’s degree (B.A., B.S., B.Eng., etc.)",Python,37325.0
Other,5.0,2.0,2.0,"Engineer, data",25-34 years old,"Bachelor’s degree (B.A., B.S., B.Eng., etc.)",JavaScript;PowerShell;Python;SQL;TypeScript,62000.0
Canada,9.0,3.0,12.0,Data or business analyst,25-34 years old,Some college/university study without earning a degree,HTML/CSS;JavaScript;Lua;Rust;SQL;TypeScript,42380.0
United States of America,20.0,5.0,,Scientist,55-64 years old,"Master’s degree (M.A., M.S., M.Eng., MBA, etc.)",Bash/Shell (all shells);Python;R;VBA,99999.0
Germany,9.0,7.0,2.0,Data scientist or machine learning specialist,25-34 years old,"Professional degree (JD, MD, Ph.D, Ed.D, etc.)",HTML/CSS;MATLAB;PowerShell;Python;R;SQL,91026.0
United Kingdom of Great Britain and Northern Ireland,14.0,11.0,14.0,Data or business analyst,25-34 years old,"Master’s degree (M.A., M.S., M.Eng., MBA, etc.)",C#;MATLAB;Python;SQL;VBA,124138.0
United States of America,7.0,6.0,,Data or business analyst,35-44 years old,"Master’s degree (M.A., M.S., M.Eng., MBA, etc.)",R;SQL,120000.0
Canada,25.0,3.0,12.0,Scientist,35-44 years old,"Master’s degree (M.A., M.S., M.Eng., MBA, etc.)",Bash/Shell (all shells);C;C++;HTML/CSS;JavaScript;Lisp;MATLAB;PHP;Python,63199.0
Italy,11.0,5.0,5.0,Data scientist or machine learning specialist,25-34 years old,"Master’s degree (M.A., M.S., M.Eng., MBA, etc.)",Bash/Shell (all shells);Groovy;Python,43907.0
United Kingdom of Great Britain and Northern Ireland,2.0,2.0,6.0,"Engineer, data",25-34 years old,"Master’s degree (M.A., M.S., M.Eng., MBA, etc.)",Bash/Shell (all shells);Python;SQL,75724.0
Other,3.0,0.5,3.0,"Engineer, data",25-34 years old,"Bachelor’s degree (B.A., B.S., B.Eng., etc.)",Bash/Shell (all shells);Java;Python;R;SQL,18420.0
Other,9.0,2.0,4.0,Data scientist or machine learning specialist,18-24 years old,"Master’s degree (M.A., M.S., M.Eng., MBA, etc.)",Python;Rust,26772.0
Other,5.0,2.0,,"Engineer, data",25-34 years old,"Master’s degree (M.A., M.S., M.Eng., MBA, etc.)",C++;JavaScript;Python;Rust,61050.0
United States of America,20.0,6.0,11.0,Data scientist or machine learning specialist,25-34 years old,"Professional degree (JD, MD, Ph.D, Ed.D, etc.)",Python,205000.0
United States of America,5.0,0.5,,"Engineer, data",18-24 years old,"Bachelor’s degree (B.A., B.S., B.Eng., etc.)",Bash/Shell (all shells);JavaScript;PowerShell;Python;R;SQL,100000.0
United States of America,10.0,8.0,,"Engineer, data",35-44 years old,"Master’s degree (M.A., M.S., M.Eng., MBA, etc.)",Python;SQL,120000.0
Other,7.0,4.0,2.0,"Engineer, data",18-24 years old,"Bachelor’s degree (B.A., B.S., B.Eng., etc.)",Bash/Shell (all shells);JavaScript;Python;SQL,45000.0
Brazil,4.0,2.0,2.0,"Engineer, data",18-24 years old,Some college/university study without earning a degree,Python;R;SQL,12173.0
United Kingdom of Great Britain and Northern Ireland,2.0,0.5,,Data scientist or machine learning specialist,18-24 years old,"Bachelor’s degree (B.A., B.S., B.Eng., etc.)",Bash/Shell (all shells);HTML/CSS;JavaScript;PowerShell;Python;SQL,33586.0
Brazil,5.0,1.0,1.0,Data or business analyst,18-24 years old,Some college/university study without earning a degree,C;Java;Python;SQL;VBA,14201.0
United States of America,10.0,6.0,10.0,Data or business analyst,25-34 years old,"Master’s degree (M.A., M.S., M.Eng., MBA, etc.)",Bash/Shell (all shells);Dart;R;SQL,99500.0
Other,4.0,1.0,1.0,Data scientist or machine learning specialist,18-24 years old,"Bachelor’s degree (B.A., B.S., B.Eng., etc.)",Bash/Shell (all shells);C++;Fortran;HTML/CSS;JavaScript;MATLAB;Python;R;SQL,32060.0
United States of America,11.0,5.0,4.0,"Engineer, data",25-34 years old,"Master’s degree (M.A., M.S., M.Eng., MBA, etc.)",Bash/Shell (all shells);C;C++;Haskell;Java;Perl;PowerShell;Python;Solidity;SQL,241566.0
United Kingdom of Great Britain and Northern Ireland,4.0,0.5,,"Engineer, data",25-34 years old,"Master’s degree (M.A., M.S., M.Eng., MBA, etc.)",Java;Python,47173.0
India,5.0,1.0,1.0,Data or business analyst,18-24 years old,"Bachelor’s degree (B.A., B.S., B.Eng., etc.)",Go;Java;Kotlin;Python;SQL,4847.0
Other,6.0,6.0,14.0,"Engineer, data",25-34 years old,"Master’s degree (M.A., M.S., M.Eng., MBA, etc.)",C#;HTML/CSS;JavaScript;Python;R;SQL;TypeScript;VBA,43966.0
United States of America,4.0,2.0,5.0,Data or business analyst,25-34 years old,"Master’s degree (M.A., M.S., M.Eng., MBA, etc.)",MATLAB;Python;R;SQL,120000.0
United States of America,4.0,3.0,3.0,Data scientist or machine learning specialist,25-34 years old,"Bachelor’s degree (B.A., B.S., B.Eng., etc.)",Ada;Bash/Shell (all shells);Python,100000.0
United States of America,4.0,3.0,,Scientist,25-34 years old,"Bachelor’s degree (B.A., B.S., B.Eng., etc.)",HTML/CSS;JavaScript;SQL;Visual Basic (.Net),40000.0
United States of America,25.0,22.0,26.0,"Engineer, data",35-44 years old,"Master’s degree (M.A., M.S., M.Eng., MBA, etc.)",Python;SQL,195000.0
United States of America,8.0,1.0,,Scientist,18-24 years old,"Bachelor’s degree (B.A., B.S., B.Eng., etc.)",MATLAB;Python,41000.0
Other,5.0,2.0,2.0,Data scientist or machine learning specialist,25-34 years old,"Bachelor’s degree (B.A., B.S., B.Eng., etc.)",Python;SQL,24380.0
United States of America,8.0,1.0,,Data or business analyst,25-34 years old,"Bachelor’s degree (B.A., B.S., B.Eng., etc.)",Python;SQL,83000.0
United States of America,8.0,2.0,,"Engineer, data",25-34 years old,"Bachelor’s degree (B.A., B.S., B.Eng., etc.)",Bash/Shell (all shells);Nim;Python;Rust;Solidity;SQL,80000.0
New Zealand,22.0,19.0,20.0,"Engineer, data",35-44 years old,"Bachelor’s degree (B.A., B.S., B.Eng., etc.)",Bash/Shell (all shells);C#;JavaScript;PowerShell;Python;SQL,75878.0
United States of America,12.0,8.0,,Data scientist or machine learning specialist,35-44 years old,"Master’s degree (M.A., M.S., M.Eng., MBA, etc.)",C;C#;C++;Java;JavaScript;Python;Rust;TypeScript,250000.0
United States of America,10.0,2.0,2.0,Data or business analyst,18-24 years old,"Bachelor’s degree (B.A., B.S., B.Eng., etc.)",HTML/CSS;JavaScript;Lua;Python;SQL,60000.0
Canada,10.0,2.0,2.0,Data scientist or machine learning specialist,18-24 years old,"Bachelor’s degree (B.A., B.S., B.Eng., etc.)",C;C#;C++;Go;Julia;MATLAB;Python;Rust,59481.0
United States of America,7.0,4.0,4.0,Data scientist or machine learning specialist,25-34 years old,"Master’s degree (M.A., M.S., M.Eng., MBA, etc.)",Bash/Shell (all shells);HTML/CSS;JavaScript;Python;SQL;TypeScript,80000.0
United Kingdom of Great Britain and Northern Ireland,14.0,10.0,,Data scientist or machine learning specialist,35-44 years old,"Professional degree (JD, MD, Ph.D, Ed.D, etc.)",Bash/Shell (all shells);HTML/CSS;JavaScript;Python;R;SQL;TypeScript,74483.0
India,3.0,1.0,2.0,Data scientist or machine learning specialist,18-24 years old,"Bachelor’s degree (B.A., B.S., B.Eng., etc.)",Python;SQL,9088.0
United Kingdom of Great Britain and Northern Ireland,1.0,0.5,1.0,"Engineer, data",18-24 years old,"Bachelor’s degree (B.A., B.S., B.Eng., etc.)",HTML/CSS;JavaScript;Python;SQL,40966.0
United States of America,4.0,0.5,1.0,Data scientist or machine learning specialist,25-34 years old,"Master’s degree (M.A., M.S., M.Eng., MBA, etc.)",HTML/CSS;Julia;Prolog;Python;R;Raku;SQL,90000.0
Finland,7.0,4.0,4.0,"Engineer, data",25-34 years old,"Master’s degree (M.A., M.S., M.Eng., MBA, etc.)",Python;SQL;TypeScript,64254.0
Canada,5.0,1.0,,Data scientist or machine learning specialist,18-24 years old,"Master’s degree (M.A., M.S., M.Eng., MBA, etc.)",C;Julia;Nim;Python,74351.0
United States of America,3.0,1.0,1.0,"Engineer, data",18-24 years old,"Master’s degree (M.A., M.S., M.Eng., MBA, etc.)",JavaScript;PHP;Python;SQL,95000.0
United Kingdom of Great Britain and Northern Ireland,6.0,2.0,,"Engineer, data",18-24 years old,"Bachelor’s degree (B.A., B.S., B.Eng., etc.)",Bash/Shell (all shells);Python;SQL,49655.0
United States of America,8.0,10.0,8.0,Data scientist or machine learning specialist,25-34 years old,"Bachelor’s degree (B.A., B.S., B.Eng., etc.)",Python;Scala,145000.0
Other,15.0,8.0,11.0,Data or business analyst,25-34 years old,"Master’s degree (M.A., M.S., M.Eng., MBA, etc.)",HTML/CSS;JavaScript;Python;SQL;TypeScript,2034.0
Austria,40.0,35.0,40.0,Scientist,65 years or older,"Professional degree (JD, MD, Ph.D, Ed.D, etc.)",Assembly;Delphi;Python,128507.0
United States of America,5.0,3.0,,"Engineer, data",18-24 years old,"Bachelor’s degree (B.A., B.S., B.Eng., etc.)",Bash/Shell (all shells);Go;Java;JavaScript;Python;SQL,190000.0
Belgium,40.0,20.0,,Data or business analyst,45-54 years old,"Master’s degree (M.A., M.S., M.Eng., MBA, etc.)",C;C#;Delphi;Java;JavaScript;PHP;Prolog;Python;SQL,117798.0
Other,10.0,5.0,5.0,Data scientist or machine learning specialist,25-34 years old,"Master’s degree (M.A., M.S., M.Eng., MBA, etc.)",Python;SQL,59142.0
United Kingdom of Great Britain and Northern Ireland,9.0,1.0,1.0,Data or business analyst,18-24 years old,"Master’s degree (M.A., M.S., M.Eng., MBA, etc.)",Python;R;SQL,39724.0
United Kingdom of Great Britain and Northern Ireland,7.0,6.0,,"Engineer, data",25-34 years old,"Master’s degree (M.A., M.S., M.Eng., MBA, etc.)",Bash/Shell (all shells);Julia;Python,117931.0
Sweden,10.0,3.0,1.0,"Engineer, data",25-34 years old,"Professional degree (JD, MD, Ph.D, Ed.D, etc.)",Bash/Shell (all shells);JavaScript;Python;SQL,69106.0
France,10.0,7.0,,"Engineer, data",35-44 years old,"Master’s degree (M.A., M.S., M.Eng., MBA, etc.)",Elixir;HTML/CSS;Python,32127.0
Spain,8.0,2.0,2.0,Data scientist or machine learning specialist,25-34 years old,"Master’s degree (M.A., M.S., M.Eng., MBA, etc.)",Python;SQL,40694.0
Denmark,10.0,3.0,3.0,Data scientist or machine learning specialist,25-34 years old,"Master’s degree (M.A., M.S., M.Eng., MBA, etc.)",C;C++;Julia;Python,79714.0
United States of America,5.0,3.0,16.0,Data or business analyst,35-44 years old,"Bachelor’s degree (B.A., B.S., B.Eng., etc.)",Python;SQL,95000.0
Other,5.0,2.0,2.0,Data scientist or machine learning specialist,18-24 years old,"Bachelor’s degree (B.A., B.S., B.Eng., etc.)",Python,1680.0
France,4.0,2.0,,"Engineer, data",18-24 years old,"Master’s degree (M.A., M.S., M.Eng., MBA, etc.)",Bash/Shell (all shells);C;Python,41229.0
Netherlands,7.0,1.0,1.0,Data scientist or machine learning specialist,18-24 years old,"Master’s degree (M.A., M.S., M.Eng., MBA, etc.)",Bash/Shell (all shells);C++;HTML/CSS;JavaScript;MATLAB;Prolog;Python;R;Rust;SQL;Swift;TypeScript,34697.0
Poland,17.0,11.0,11.0,Data or business analyst,35-44 years old,"Master’s degree (M.A., M.S., M.Eng., MBA, etc.)",Bash/Shell (all shells);Groovy;Java;Python,66993.0
India,15.0,8.0,7.0,Data scientist or machine learning specialist,25-34 years old,"Master’s degree (M.A., M.S., M.Eng., MBA, etc.)",Bash/Shell (all shells);Python;SQL,42409.0
Other,14.0,8.0,6.0,"Engineer, data",25-34 years old,"Professional degree (JD, MD, Ph.D, Ed.D, etc.)",Bash/Shell (all shells);C#;C++;Go;HTML/CSS;Java;JavaScript;PowerShell;Python;Rust;Solidity;SQL;TypeScript,127558.0
Germany,10.0,2.0,,Data scientist or machine learning specialist,25-34 years old,"Professional degree (JD, MD, Ph.D, Ed.D, etc.)",C;C++;Julia;MATLAB;Python,74963.0
Germany,18.0,11.0,11.0,Data scientist or machine learning specialist,35-44 years old,"Master’s degree (M.A., M.S., M.Eng., MBA, etc.)",Bash/Shell (all shells);HTML/CSS;PowerShell;Python;SQL,85672.0
United States of America,14.0,3.0,,Scientist,25-34 years old,"Professional degree (JD, MD, Ph.D, Ed.D, etc.)",Bash/Shell (all shells);Rust;TypeScript,240000.0
Spain,3.0,2.0,2.0,Data scientist or machine learning specialist,18-24 years old,"Master’s degree (M.A., M.S., M.Eng., MBA, etc.)",Python;R,31190.0
Other,30.0,20.0,20.0,Data or business analyst,45-54 years old,"Secondary school (e.g. American high school, German Realschule or Gymnasium, etc.)",HTML/CSS;JavaScript;PowerShell;SQL,25701.0
Finland,9.0,6.0,9.0,"Engineer, data",25-34 years old,"Master’s degree (M.A., M.S., M.Eng., MBA, etc.)",Bash/Shell (all shells);Java;Python;Scala;SQL,79867.0
Australia,30.0,20.0,25.0,Data or business analyst,45-54 years old,"Bachelor’s degree (B.A., B.S., B.Eng., etc.)",Bash/Shell (all shells);JavaScript;Python;SAS;SQL,145429.0
Australia,30.0,30.0,,Data or business analyst,55-64 years old,Some college/university study without earning a degree,Delphi;HTML/CSS;SQL,79325.0
Other,20.0,11.0,11.0,"Engineer, data",35-44 years old,"Master’s degree (M.A., M.S., M.Eng., MBA, etc.)",Python;Scala;SQL,61684.0
United Kingdom of Great Britain and Northern Ireland,2.0,0.5,,Data or business analyst,25-34 years old,Some college/university study without earning a degree,SQL;VBA,31035.0
Other,5.0,4.0,5.0,Data scientist or machine learning specialist,25-34 years old,"Bachelor’s degree (B.A., B.S., B.Eng., etc.)",Python;R;SQL,1880.0
Germany,38.0,32.0,,"Engineer, data",55-64 years old,"Professional degree (JD, MD, Ph.D, Ed.D, etc.)",C++;Delphi;JavaScript;PHP;SQL,128507.0
Other,9.0,4.0,4.0,Data scientist or machine learning specialist,25-34 years old,"Bachelor’s degree (B.A., B.S., B.Eng., etc.)",Bash/Shell (all shells);C;C#;C++;Haskell;HTML/CSS;Java;JavaScript;PHP;PowerShell;Prolog;Python;SQL,9359.0
Other,3.0,1.0,1.0,Data scientist or machine learning specialist,18-24 years old,"Bachelor’s degree (B.A., B.S., B.Eng., etc.)",Bash/Shell (all shells);C#;Python;R;SQL;VBA,20852.0
Other,16.0,3.0,17.0,Data or business analyst,35-44 years old,"Bachelor’s degree (B.A., B.S., B.Eng., etc.)",Delphi;SQL,14069.0
Canada,6.0,3.0,3.0,Data scientist or machine learning specialist,25-34 years old,"Professional degree (JD, MD, Ph.D, Ed.D, etc.)",Python;R;SQL,68255.0
Other,8.0,4.0,3.0,Data scientist or machine learning specialist,25-34 years old,"Master’s degree (M.A., M.S., M.Eng., MBA, etc.)",Bash/Shell (all shells);C++;Python,26846.0
Other,7.0,2.0,2.0,"Engineer, data",25-34 years old,"Bachelor’s degree (B.A., B.S., B.Eng., etc.)",Bash/Shell (all shells);Clojure;Java;Python,65477.0
Brazil,10.0,5.0,,Data scientist or machine learning specialist,35-44 years old,"Professional degree (JD, MD, Ph.D, Ed.D, etc.)",Fortran;Julia;Lua;Python;R;Rust,108000.0
United States of America,10.0,7.0,,"Engineer, data",25-34 years old,"Bachelor’s degree (B.A., B.S., B.Eng., etc.)",Python;R;SQL,125000.0
Germany,4.0,2.0,3.0,Data or business analyst,25-34 years old,"Master’s degree (M.A., M.S., M.Eng., MBA, etc.)",Python;R;SQL,59970.0
Switzerland,7.0,3.0,4.0,Data scientist or machine learning specialist,25-34 years old,"Master’s degree (M.A., M.S., M.Eng., MBA, etc.)",Python;SQL,124544.0
United States of America,30.0,30.0,30.0,"Engineer, data",55-64 years old,"Master’s degree (M.A., M.S., M.Eng., MBA, etc.)",Perl;Python;SQL,285000.0
Germany,12.0,4.0,4.0,"Engineer, data",25-34 years old,"Master’s degree (M.A., M.S., M.Eng., MBA, etc.)",C;Groovy;Python;Rust;Scala;SQL,85672.0
United States of America,9.0,6.0,6.0,Data scientist or machine learning specialist,25-34 years old,"Master’s degree (M.A., M.S., M.Eng., MBA, etc.)",Bash/Shell (all shells);Julia;Python;SQL,170000.0
Other,11.0,6.0,5.0,"Engineer, data",25-34 years old,"Bachelor’s degree (B.A., B.S., B.Eng., etc.)",Bash/Shell (all shells);Groovy;JavaScript;PHP;PowerShell;Python;Ruby;Scala;SQL;TypeScript,31985.0
Spain,5.0,1.0,,Data scientist or machine learning specialist,18-24 years old,"Bachelor’s degree (B.A., B.S., B.Eng., etc.)",HTML/CSS;Java;JavaScript;PowerShell;Python;Rust;TypeScript,34269.0
Sweden,4.0,2.0,,Data scientist or machine learning specialist,25-34 years old,"Master’s degree (M.A., M.S., M.Eng., MBA, etc.)",Bash/Shell (all shells);HTML/CSS;JavaScript;Python;SQL;TypeScript,48282.0
United States of America,3.0,2.0,,Data scientist or machine learning specialist,25-34 years old,"Master’s degree (M.A., M.S., M.Eng., MBA, etc.)",C++;Python;SQL,160000.0
United States of America,12.0,5.0,,"Engineer, data",25-34 years old,"Bachelor’s degree (B.A., B.S., B.Eng., etc.)",PowerShell;Python;Rust;SQL,102500.0
United States of America,5.0,1.0,2.0,Data or business analyst,35-44 years old,Some college/university study without earning a degree,HTML/CSS;JavaScript;SQL;TypeScript,89583.0
Germany,5.0,2.0,2.0,Data scientist or machine learning specialist,25-34 years old,"Master’s degree (M.A., M.S., M.Eng., MBA, etc.)",Python,58899.0
Germany,25.0,23.0,,Data scientist or machine learning specialist,35-44 years old,"Secondary school (e.g. American high school, German Realschule or Gymnasium, etc.)",Bash/Shell (all shells);HTML/CSS;Java;JavaScript;Objective-C;Perl;PHP;Python;Ruby;SQL;Swift;TypeScript,53545.0
Other,7.0,4.0,,Data or business analyst,25-34 years old,"Bachelor’s degree (B.A., B.S., B.Eng., etc.)",Python;VBA,45494.0
United States of America,9.0,5.0,5.0,Data scientist or machine learning specialist,25-34 years old,"Master’s degree (M.A., M.S., M.Eng., MBA, etc.)",Python,132000.0
United States of America,10.0,6.0,,Data scientist or machine learning specialist,25-34 years old,"Bachelor’s degree (B.A., B.S., B.Eng., etc.)",Bash/Shell (all shells);Python;SQL,97000.0
United States of America,10.0,8.0,8.0,"Engineer, data",25-34 years old,"Master’s degree (M.A., M.S., M.Eng., MBA, etc.)",Python;Rust,178000.0
Italy,3.0,4.0,4.0,Data or business analyst,25-34 years old,"Master’s degree (M.A., M.S., M.Eng., MBA, etc.)",Python,48190.0
United Kingdom of Great Britain and Northern Ireland,4.0,3.0,4.0,Data scientist or machine learning specialist,25-34 years old,"Bachelor’s degree (B.A., B.S., B.Eng., etc.)",HTML/CSS;JavaScript;Python;SQL;TypeScript,62069.0
United States of America,15.0,15.0,15.0,"Engineer, data",35-44 years old,"Master’s degree (M.A., M.S., M.Eng., MBA, etc.)",C#;JavaScript;PowerShell;Python;SQL,350000.0
United Kingdom of Great Britain and Northern Ireland,15.0,5.0,,Data scientist or machine learning specialist,25-34 years old,"Master’s degree (M.A., M.S., M.Eng., MBA, etc.)",Julia;Python;SQL,148966.0
United States of America,10.0,10.0,,"Engineer, data",35-44 years old,"Master’s degree (M.A., M.S., M.Eng., MBA, etc.)",Groovy;Python;Scala;SQL,180000.0
United States of America,1.0,0.5,3.0,"Engineer, data",25-34 years old,"Bachelor’s degree (B.A., B.S., B.Eng., etc.)",HTML/CSS;PowerShell;Python;SQL,71000.0
Canada,5.0,3.0,3.0,Scientist,25-34 years old,"Master’s degree (M.A., M.S., M.Eng., MBA, etc.)",Bash/Shell (all shells);C;C#;C++;Go;Groovy;JavaScript;Lisp;PowerShell;Python;R;SQL,63942.0
India,0.5,1.0,1.0,"Engineer, data",25-34 years old,"Master’s degree (M.A., M.S., M.Eng., MBA, etc.)",HTML/CSS;JavaScript;Python;SQL,13329.0
United Kingdom of Great Britain and Northern Ireland,10.0,6.0,,Data scientist or machine learning specialist,35-44 years old,"Master’s degree (M.A., M.S., M.Eng., MBA, etc.)",Python;Rust,111724.0
United States of America,8.0,5.0,3.0,Data scientist or machine learning specialist,25-34 years old,"Professional degree (JD, MD, Ph.D, Ed.D, etc.)",HTML/CSS;Lua;Python;R;SQL,113000.0
Belgium,5.0,2.0,2.0,"Engineer, data",18-24 years old,"Bachelor’s degree (B.A., B.S., B.Eng., etc.)",Bash/Shell (all shells);Scala;SQL,42836.0
United States of America,28.0,18.0,10.0,Data scientist or machine learning specialist,35-44 years old,"Professional degree (JD, MD, Ph.D, Ed.D, etc.)",C++;HTML/CSS;Python;R;SQL,197000.0
India,3.0,0.5,,Data scientist or machine learning specialist,18-24 years old,"Bachelor’s degree (B.A., B.S., B.Eng., etc.)",Bash/Shell (all shells);C;HTML/CSS;Java;JavaScript;PHP;PowerShell;Python;SQL,12117.0
United States of America,11.0,0.5,0.0,Scientist,25-34 years old,"Professional degree (JD, MD, Ph.D, Ed.D, etc.)",Bash/Shell (all shells);C++;Python;R;SQL,154500.0
United States of America,6.0,5.0,8.0,Data or business analyst,25-34 years old,"Bachelor’s degree (B.A., B.S., B.Eng., etc.)",Bash/Shell (all shells);HTML/CSS;Java;JavaScript;PowerShell;Python;Scala;SQL;Visual Basic (.Net),45000.0
United Kingdom of Great Britain and Northern Ireland,10.0,7.0,7.0,Data or business analyst,25-34 years old,"Master’s degree (M.A., M.S., M.Eng., MBA, etc.)",Bash/Shell (all shells);Python;SQL;VBA,57104.0
United States of America,23.0,12.0,20.0,Data scientist or machine learning specialist,35-44 years old,"Bachelor’s degree (B.A., B.S., B.Eng., etc.)",HTML/CSS;Java;JavaScript;Kotlin;Perl;PHP;Python;R;SQL,231525.0
United States of America,6.0,6.0,6.0,"Engineer, data",25-34 years old,"Bachelor’s degree (B.A., B.S., B.Eng., etc.)",C++;Java;JavaScript;Python;SQL;TypeScript,300000.0
United States of America,35.0,25.0,,Data or business analyst,55-64 years old,"Master’s degree (M.A., M.S., M.Eng., MBA, etc.)",C++;Delphi;HTML/CSS;JavaScript;PHP;SQL;TypeScript,70000.0
United States of America,6.0,4.0,7.0,Data or business analyst,25-34 years old,"Bachelor’s degree (B.A., B.S., B.Eng., etc.)",Python;SQL;VBA,130000.0
United States of America,13.0,5.0,5.0,Data scientist or machine learning specialist,25-34 years old,"Bachelor’s degree (B.A., B.S., B.Eng., etc.)",Bash/Shell (all shells);Haskell;HTML/CSS;JavaScript;Kotlin;Python;Rust;SQL;TypeScript,190000.0
United States of America,35.0,27.0,,Scientist,45-54 years old,"Professional degree (JD, MD, Ph.D, Ed.D, etc.)",Assembly;Bash/Shell (all shells);C;C++;Java;JavaScript;Python;R;Rust;Scala,300000.0
Germany,5.0,1.0,1.0,Data scientist or machine learning specialist,25-34 years old,"Master’s degree (M.A., M.S., M.Eng., MBA, etc.)",Bash/Shell (all shells);Python;SQL,64254.0
Belgium,20.0,5.0,24.0,Data or business analyst,45-54 years old,"Master’s degree (M.A., M.S., M.Eng., MBA, etc.)",C;HTML/CSS;JavaScript;PHP;Python;SQL,26772.0
United States of America,46.0,38.0,47.0,"Engineer, data",55-64 years old,"Master’s degree (M.A., M.S., M.Eng., MBA, etc.)",C#;HTML/CSS;JavaScript;PowerShell;Python;SQL;TypeScript,175000.0
United States of America,30.0,25.0,25.0,Data scientist or machine learning specialist,55-64 years old,"Bachelor’s degree (B.A., B.S., B.Eng., etc.)",Bash/Shell (all shells);C;Julia;Python;Ruby;Rust;Scala,280000.0
United States of America,4.0,0.5,,Data or business analyst,18-24 years old,"Bachelor’s degree (B.A., B.S., B.Eng., etc.)",SQL;VBA,65000.0
United States of America,7.0,0.5,,Data scientist or machine learning specialist,18-24 years old,"Bachelor’s degree (B.A., B.S., B.Eng., etc.)",Go;JavaScript;Python;SQL;TypeScript,196000.0
United States of America,10.0,5.0,8.0,"Engineer, data",25-34 years old,"Master’s degree (M.A., M.S., M.Eng., MBA, etc.)",Bash/Shell (all shells);HTML/CSS;Java;JavaScript;Lua;Perl;Python;Rust;SQL;TypeScript,140000.0
United Kingdom of Great Britain and Northern Ireland,15.0,4.0,4.0,"Engineer, data",25-34 years old,"Bachelor’s degree (B.A., B.S., B.Eng., etc.)",Go;Haskell;HTML/CSS;Java;JavaScript;Python;R;SQL;TypeScript,86897.0
Other,3.0,1.0,13.0,Data scientist or machine learning specialist,25-34 years old,"Master’s degree (M.A., M.S., M.Eng., MBA, etc.)",HTML/CSS;JavaScript;Python;R;SQL;VBA;Visual Basic (.Net),34350.0
United Kingdom of Great Britain and Northern Ireland,8.0,1.0,1.0,"Engineer, data",18-24 years old,"Secondary school (e.g. American high school, German Realschule or Gymnasium, etc.)",C#;Kotlin;Python,39724.0
United States of America,7.0,5.0,8.0,Data scientist or machine learning specialist,25-34 years old,"Bachelor’s degree (B.A., B.S., B.Eng., etc.)",Bash/Shell (all shells);GDScript;HTML/CSS;JavaScript;Python;SQL,83500.0
Canada,5.0,5.0,,Data or business analyst,45-54 years old,Some college/university study without earning a degree,Delphi;JavaScript;SQL;VBA,74351.0
United States of America,11.0,9.0,,Scientist,35-44 years old,"Master’s degree (M.A., M.S., M.Eng., MBA, etc.)",Bash/Shell (all shells);HTML/CSS;Python;R;VBA,70000.0
United States of America,1.0,0.5,,"Engineer, data",25-34 years old,"Secondary school (e.g. American high school, German Realschule or Gymnasium, etc.)",Apex;C#;HTML/CSS;JavaScript;PowerShell;SQL,127000.0
Canada,12.0,9.0,8.0,"Engineer, data",25-34 years old,"Bachelor’s degree (B.A., B.S., B.Eng., etc.)",Bash/Shell (all shells);C;C#;C++;HTML/CSS;JavaScript;PowerShell;Python;SQL;TypeScript;Visual Basic (.Net),81787.0
United States of America,6.0,6.0,,Scientist,35-44 years old,"Professional degree (JD, MD, Ph.D, Ed.D, etc.)",Bash/Shell (all shells);R,250000.0
Other,5.0,2.0,2.0,"Engineer, data",25-34 years old,"Bachelor’s degree (B.A., B.S., B.Eng., etc.)",Bash/Shell (all shells);Java;Python;SQL,14294.0
United States of America,15.0,10.0,11.0,"Engineer, data",25-34 years old,"Master’s degree (M.A., M.S., M.Eng., MBA, etc.)",JavaScript;Python,175000.0
United States of America,15.0,3.0,,Data scientist or machine learning specialist,35-44 years old,"Professional degree (JD, MD, Ph.D, Ed.D, etc.)",C;HTML/CSS;Java;MATLAB;PHP;Python;Scala;SQL,150000.0
Australia,9.0,9.0,,"Engineer, data",25-34 years old,"Bachelor’s degree (B.A., B.S., B.Eng., etc.)",Bash/Shell (all shells);HTML/CSS;JavaScript;Python;SQL,118987.0
United States of America,10.0,7.0,9.0,"Engineer, data",25-34 years old,"Master’s degree (M.A., M.S., M.Eng., MBA, etc.)",Bash/Shell (all shells);JavaScript;Python;Scala;SQL,150000.0
United States of America,39.0,38.0,39.0,Data or business analyst,55-64 years old,"Master’s degree (M.A., M.S., M.Eng., MBA, etc.)",Python;SQL,201000.0
